2026-08-29 21:04:33 | INFO     | scraper.http_client | GET https://www.amazon.com/robots.txt
2026-08-29 21:04:35 | INFO     | scraper.http_client | GET https://www.amazon.com/?&tag=googleglobalp-20&ref=pd_sl_7nnedyywlk_e&adgrpid=159651196451&hvpone=&hvptwo=&hvadid=675114638367&hvpos=&hvnetw=g&hvrand=11064155523012519852&hvqmt=e&hvdev=c&hvdvcmdl=&hvlocint=&hvlocphy=9195804&hvtargid=kwd-10573980&hydadcr=2246_13468515
2026-08-29 21:04:35 | INFO     | scraper.pagination | Page 1: found 0 product links (0 new)
2026-08-29 21:04:35 | INFO     | scraper.pipeline | Collected 0 product URLs from https://www.amazon.com/?&tag=googleglobalp-20&ref=pd_sl_7nnedyywlk_e&adgrpid=159651196451&hvpone=&hvptwo=&hvadid=675114638367&hvpos=&hvnetw=g&hvrand=11064155523012519852&hvqmt=e&hvdev=c&hvdvcmdl=&hvlocint=&hvlocphy=9195804&hvtargid=kwd-10573980&hydadcr=2246_13468515
2026-08-29 21:04:35 | INFO     | scraper.pipeline | Scraping 0 unique product URLs
2026-08-29 21:04:35 | INFO     | scraper.cleaner | Cleaned 0 products -> 0 after deduplication
2026-08-29 21:04:35 | INFO     | scraper.validator | Validated 0 products -> 0 valid
2026-08-29 21:04:38 | INFO     | scraper.storage | Saved CSV: output\products.csv
2026-09-01 03:15:29 | INFO     | scraper.cleaner | Cleaned 2 products -> 2 after deduplication
2026-09-01 03:15:29 | INFO     | scraper.validator | Validated 2 products -> 2 valid
2026-09-01 03:15:29 | INFO     | scraper.analysis | Analysis complete: 2 products
2026-09-01 03:15:31 | INFO     | matplotlib.category | Using categorical units to plot a list of strings that are all parsable as floats or dates. If these strings should be plotted as numbers, cast to the appropriate data type before plotting.
2026-09-01 03:15:31 | INFO     | matplotlib.category | Using categorical units to plot a list of strings that are all parsable as floats or dates. If these strings should be plotted as numbers, cast to the appropriate data type before plotting.
2026-09-01 03:15:34 | INFO     | scraper.visualization | Saved chart: tmp_output\charts\price_distribution.png
2026-09-01 03:15:34 | INFO     | scraper.visualization | Saved chart: tmp_output\charts\rating_distribution.png
2026-09-01 03:15:35 | INFO     | scraper.visualization | Saved chart: tmp_output\charts\price_vs_rating.png
2026-09-01 03:15:36 | INFO     | scraper.visualization | Saved chart: tmp_output\charts\products_by_category.png
2026-09-01 03:15:37 | INFO     | scraper.storage | Saved CSV: tmp_output\products.csv
2026-09-01 03:15:40 | INFO     | scraper.storage | Saved Excel: tmp_output\products.xlsx
2026-09-01 03:17:01 | INFO     | scraper.http_client | GET https://books.toscrape.com/robots.txt
2026-09-01 03:17:02 | WARNING  | scraper.http_client | Request failed for https://books.toscrape.com/robots.txt: 404 Client Error: Not Found for url: https://books.toscrape.com/robots.txt
2026-09-01 03:17:02 | INFO     | scraper.pipeline | Scraping 1 unique product URLs
2026-09-01 03:17:02 | INFO     | scraper.http_client | GET https://books.toscrape.com/catalogue/category/books/travel_2/index.html
2026-09-01 03:17:03 | INFO     | scraper.cleaner | Cleaned 1 products -> 1 after deduplication
2026-09-01 03:17:03 | WARNING  | scraper.validator | Invalid product https://books.toscrape.com/catalogue/category/books/travel_2/index.html: missing name
2026-09-01 03:17:03 | INFO     | scraper.validator | Validated 1 products -> 0 valid
2026-09-01 03:17:04 | INFO     | scraper.storage | Saved CSV: output\books_test.csv
2026-09-01 03:17:05 | INFO     | scraper.storage | Saved Excel: output\books_test.xlsx
2026-09-01 03:17:05 | INFO     | scraper.analysis | Analysis complete: 0 products
2026-09-01 03:17:06 | INFO     | scraper.visualization | Saved chart: output\charts\price_distribution.png
2026-09-01 03:17:06 | INFO     | scraper.visualization | Saved chart: output\charts\rating_distribution.png
2026-09-01 03:17:06 | INFO     | scraper.visualization | Saved chart: output\charts\price_vs_rating.png
2026-09-01 03:17:06 | INFO     | scraper.visualization | Saved chart: output\charts\products_by_category.png
2026-09-01 03:25:51 | INFO     | scraper.http_client | GET https://books.toscrape.com/robots.txt
2026-09-01 03:25:53 | WARNING  | scraper.http_client | Request failed for https://books.toscrape.com/robots.txt: 404 Client Error: Not Found for url: https://books.toscrape.com/robots.txt
2026-09-01 03:25:53 | INFO     | scraper.http_client | GET https://books.toscrape.com/catalogue/category/books/travel_2/index.html
2026-09-01 03:25:53 | INFO     | scraper.pagination | Page 1: found 63 product links (63 new)
2026-09-01 03:25:53 | INFO     | scraper.pipeline | Collected 63 product URLs from https://books.toscrape.com/catalogue/category/books/travel_2/index.html
2026-09-01 03:25:53 | INFO     | scraper.pipeline | Scraping 63 unique product URLs
2026-09-01 03:25:54 | INFO     | scraper.http_client | GET https://books.toscrape.com/catalogue/category/books/christian_43/index.html
2026-09-01 03:25:55 | INFO     | scraper.http_client | GET https://books.toscrape.com/catalogue/category/books/poetry_23/index.html
2026-09-01 03:25:56 | INFO     | scraper.http_client | GET https://books.toscrape.com/catalogue/category/books/health_47/index.html
2026-09-01 03:25:57 | INFO     | scraper.http_client | GET https://books.toscrape.com/catalogue/category/books/fiction_10/index.html
2026-09-01 03:25:58 | INFO     | scraper.http_client | GET https://books.toscrape.com/catalogue/under-the-tuscan-sun_504/index.html
2026-09-01 03:25:59 | INFO     | scraper.http_client | GET https://books.toscrape.com/catalogue/category/books/romance_8/index.html
2026-09-01 03:26:00 | INFO     | scraper.http_client | GET https://books.toscrape.com/catalogue/category/books/thriller_37/index.html
2026-09-01 03:26:01 | INFO     | scraper.http_client | GET https://books.toscrape.com/catalogue/category/books/erotica_50/index.html
2026-09-01 03:26:02 | INFO     | scraper.http_client | GET https://books.toscrape.com/catalogue/its-only-the-himalayas_981/index.html
2026-09-01 03:26:03 | INFO     | scraper.http_client | GET https://books.toscrape.com/catalogue/category/books/religion_12/index.html
2026-09-01 03:26:04 | INFO     | scraper.http_client | GET https://books.toscrape.com/catalogue/1000-places-to-see-before-you-die_1/index.html
2026-09-01 03:26:05 | INFO     | scraper.http_client | GET https://books.toscrape.com/catalogue/category/books/historical-fiction_4/index.html
2026-09-01 03:26:06 | INFO     | scraper.http_client | GET https://books.toscrape.com/catalogue/category/books/add-a-comment_18/index.html
2026-09-01 03:26:07 | INFO     | scraper.http_client | GET https://books.toscrape.com/catalogue/category/books/sports-and-games_17/index.html
2026-09-01 03:26:08 | INFO     | scraper.http_client | GET https://books.toscrape.com/catalogue/category/books/science-fiction_16/index.html
2026-09-01 03:26:09 | INFO     | scraper.http_client | GET https://books.toscrape.com/index.html
2026-09-01 03:26:10 | INFO     | scraper.http_client | GET https://books.toscrape.com/catalogue/category/books/politics_48/index.html
2026-09-01 03:26:11 | INFO     | scraper.http_client | GET https://books.toscrape.com/catalogue/full-moon-over-noahs-ark-an-odyssey-to-mount-ararat-and-beyond_811/index.html
2026-09-01 03:26:12 | INFO     | scraper.http_client | GET https://books.toscrape.com/catalogue/category/books/music_14/index.html
2026-09-01 03:26:13 | INFO     | scraper.http_client | GET https://books.toscrape.com/catalogue/category/books/womens-fiction_9/index.html
2026-09-01 03:26:14 | INFO     | scraper.http_client | GET https://books.toscrape.com/catalogue/category/books/food-and-drink_33/index.html
2026-09-01 03:26:15 | INFO     | scraper.http_client | GET https://books.toscrape.com/catalogue/category/books/nonfiction_13/index.html
2026-09-01 03:26:16 | INFO     | scraper.http_client | GET https://books.toscrape.com/catalogue/category/books/fantasy_19/index.html
2026-09-01 03:26:17 | INFO     | scraper.http_client | GET https://books.toscrape.com/catalogue/category/books/horror_31/index.html
2026-09-01 03:26:18 | INFO     | scraper.http_client | GET https://books.toscrape.com/catalogue/category/books/young-adult_21/index.html
2026-09-01 03:26:19 | INFO     | scraper.http_client | GET https://books.toscrape.com/catalogue/category/books/travel_2/index.html
2026-09-01 03:26:20 | INFO     | scraper.http_client | GET https://books.toscrape.com/catalogue/category/books/paranormal_24/index.html
2026-09-01 03:26:21 | INFO     | scraper.http_client | GET https://books.toscrape.com/catalogue/category/books/parenting_28/index.html
2026-09-01 03:26:22 | INFO     | scraper.http_client | GET https://books.toscrape.com/catalogue/category/books/cultural_49/index.html
2026-09-01 03:26:23 | INFO     | scraper.http_client | GET https://books.toscrape.com/catalogue/a-year-in-provence-provence-1_421/index.html
2026-09-01 03:26:24 | INFO     | scraper.http_client | GET https://books.toscrape.com/catalogue/category/books/biography_36/index.html
2026-09-01 03:26:25 | INFO     | scraper.http_client | GET https://books.toscrape.com/catalogue/category/books/christian-fiction_34/index.html
2026-09-01 03:26:26 | INFO     | scraper.http_client | GET https://books.toscrape.com/catalogue/category/books/humor_30/index.html
2026-09-01 03:26:27 | INFO     | scraper.http_client | GET https://books.toscrape.com/catalogue/category/books/academic_40/index.html
2026-09-01 03:26:28 | INFO     | scraper.http_client | GET https://books.toscrape.com/catalogue/category/books/new-adult_20/index.html
2026-09-01 03:26:29 | INFO     | scraper.http_client | GET https://books.toscrape.com/catalogue/category/books/sequential-art_5/index.html
2026-09-01 03:26:30 | INFO     | scraper.http_client | GET https://books.toscrape.com/catalogue/category/books/historical_42/index.html
2026-09-01 03:26:31 | INFO     | scraper.http_client | GET https://books.toscrape.com/catalogue/category/books/classics_6/index.html
2026-09-01 03:26:32 | INFO     | scraper.http_client | GET https://books.toscrape.com/catalogue/category/books/science_22/index.html
2026-09-01 03:26:33 | INFO     | scraper.http_client | GET https://books.toscrape.com/catalogue/category/books/self-help_41/index.html
2026-09-01 03:26:34 | INFO     | scraper.http_client | GET https://books.toscrape.com/catalogue/category/books/mystery_3/index.html
2026-09-01 03:26:35 | INFO     | scraper.http_client | GET https://books.toscrape.com/catalogue/category/books/business_35/index.html
2026-09-01 03:26:36 | INFO     | scraper.http_client | GET https://books.toscrape.com/catalogue/the-great-railway-bazaar_446/index.html
2026-09-01 03:26:37 | INFO     | scraper.http_client | GET https://books.toscrape.com/catalogue/see-america-a-celebration-of-our-national-parks-treasured-sites_732/index.html
2026-09-01 03:26:38 | INFO     | scraper.http_client | GET https://books.toscrape.com/catalogue/category/books/psychology_26/index.html
2026-09-01 03:26:39 | INFO     | scraper.http_client | GET https://books.toscrape.com/catalogue/category/books/adult-fiction_29/index.html
2026-09-01 03:26:40 | INFO     | scraper.http_client | GET https://books.toscrape.com/catalogue/the-road-to-little-dribbling-adventures-of-an-american-in-britain-notes-from-a-small-island-2_277/index.html
2026-09-01 03:26:41 | INFO     | scraper.http_client | GET https://books.toscrape.com/catalogue/a-summer-in-europe_458/index.html
2026-09-01 03:26:42 | INFO     | scraper.http_client | GET https://books.toscrape.com/catalogue/category/books/spirituality_39/index.html
2026-09-01 03:26:43 | INFO     | scraper.http_client | GET https://books.toscrape.com/catalogue/category/books/default_15/index.html
2026-09-01 03:26:44 | INFO     | scraper.http_client | GET https://books.toscrape.com/catalogue/category/books/philosophy_7/index.html
2026-09-01 03:26:45 | INFO     | scraper.http_client | GET https://books.toscrape.com/catalogue/category/books/art_25/index.html
2026-09-01 03:26:46 | INFO     | scraper.http_client | GET https://books.toscrape.com/catalogue/category/books/novels_46/index.html
2026-09-01 03:26:47 | INFO     | scraper.http_client | GET https://books.toscrape.com/catalogue/vagabonding-an-uncommon-guide-to-the-art-of-long-term-world-travel_552/index.html
2026-09-01 03:26:48 | INFO     | scraper.http_client | GET https://books.toscrape.com/catalogue/category/books/crime_51/index.html
2026-09-01 03:26:49 | INFO     | scraper.http_client | GET https://books.toscrape.com/catalogue/category/books/childrens_11/index.html
2026-09-01 03:26:50 | INFO     | scraper.http_client | GET https://books.toscrape.com/catalogue/category/books/suspense_44/index.html
2026-09-01 03:26:51 | INFO     | scraper.http_client | GET https://books.toscrape.com/catalogue/category/books/autobiography_27/index.html
2026-09-01 03:26:52 | INFO     | scraper.http_client | GET https://books.toscrape.com/catalogue/category/books/history_32/index.html
2026-09-01 03:26:53 | INFO     | scraper.http_client | GET https://books.toscrape.com/catalogue/category/books/short-stories_45/index.html
2026-09-01 03:26:54 | INFO     | scraper.http_client | GET https://books.toscrape.com/catalogue/category/books_1/index.html
2026-09-01 03:26:55 | INFO     | scraper.http_client | GET https://books.toscrape.com/catalogue/neither-here-nor-there-travels-in-europe_198/index.html
2026-09-01 03:26:56 | INFO     | scraper.http_client | GET https://books.toscrape.com/catalogue/category/books/contemporary_38/index.html
2026-09-01 03:26:57 | INFO     | scraper.cleaner | Cleaned 63 products -> 63 after deduplication
2026-09-01 03:26:57 | WARNING  | scraper.validator | Invalid product https://books.toscrape.com/catalogue/category/books/christian_43/index.html: missing name
2026-09-01 03:26:57 | WARNING  | scraper.validator | Invalid product https://books.toscrape.com/catalogue/category/books/poetry_23/index.html: missing name
2026-09-01 03:26:57 | WARNING  | scraper.validator | Invalid product https://books.toscrape.com/catalogue/category/books/health_47/index.html: missing name
2026-09-01 03:26:57 | WARNING  | scraper.validator | Invalid product https://books.toscrape.com/catalogue/category/books/fiction_10/index.html: missing name
2026-09-01 03:26:57 | WARNING  | scraper.validator | Invalid product https://books.toscrape.com/catalogue/category/books/romance_8/index.html: missing name
2026-09-01 03:26:57 | WARNING  | scraper.validator | Invalid product https://books.toscrape.com/catalogue/category/books/thriller_37/index.html: missing name
2026-09-01 03:26:57 | WARNING  | scraper.validator | Invalid product https://books.toscrape.com/catalogue/category/books/erotica_50/index.html: missing name
2026-09-01 03:26:57 | WARNING  | scraper.validator | Invalid product https://books.toscrape.com/catalogue/category/books/religion_12/index.html: missing name
2026-09-01 03:26:57 | WARNING  | scraper.validator | Invalid product https://books.toscrape.com/catalogue/category/books/historical-fiction_4/index.html: missing name
2026-09-01 03:26:57 | WARNING  | scraper.validator | Invalid product https://books.toscrape.com/catalogue/category/books/add-a-comment_18/index.html: missing name
2026-09-01 03:26:57 | WARNING  | scraper.validator | Invalid product https://books.toscrape.com/catalogue/category/books/sports-and-games_17/index.html: missing name
2026-09-01 03:26:57 | WARNING  | scraper.validator | Invalid product https://books.toscrape.com/catalogue/category/books/science-fiction_16/index.html: missing name
2026-09-01 03:26:57 | WARNING  | scraper.validator | Invalid product https://books.toscrape.com/index.html: missing name
2026-09-01 03:26:57 | WARNING  | scraper.validator | Invalid product https://books.toscrape.com/catalogue/category/books/politics_48/index.html: missing name
2026-09-01 03:26:57 | WARNING  | scraper.validator | Invalid product https://books.toscrape.com/catalogue/category/books/music_14/index.html: missing name
2026-09-01 03:26:57 | WARNING  | scraper.validator | Invalid product https://books.toscrape.com/catalogue/category/books/womens-fiction_9/index.html: missing name
2026-09-01 03:26:57 | WARNING  | scraper.validator | Invalid product https://books.toscrape.com/catalogue/category/books/food-and-drink_33/index.html: missing name
2026-09-01 03:26:57 | WARNING  | scraper.validator | Invalid product https://books.toscrape.com/catalogue/category/books/nonfiction_13/index.html: missing name
2026-09-01 03:26:57 | WARNING  | scraper.validator | Invalid product https://books.toscrape.com/catalogue/category/books/fantasy_19/index.html: missing name
2026-09-01 03:26:57 | WARNING  | scraper.validator | Invalid product https://books.toscrape.com/catalogue/category/books/horror_31/index.html: missing name
2026-09-01 03:26:57 | WARNING  | scraper.validator | Invalid product https://books.toscrape.com/catalogue/category/books/young-adult_21/index.html: missing name
2026-09-01 03:26:57 | WARNING  | scraper.validator | Invalid product https://books.toscrape.com/catalogue/category/books/travel_2/index.html: missing name
2026-09-01 03:26:57 | WARNING  | scraper.validator | Invalid product https://books.toscrape.com/catalogue/category/books/paranormal_24/index.html: missing name
2026-09-01 03:26:57 | WARNING  | scraper.validator | Invalid product https://books.toscrape.com/catalogue/category/books/parenting_28/index.html: missing name
2026-09-01 03:26:57 | WARNING  | scraper.validator | Invalid product https://books.toscrape.com/catalogue/category/books/cultural_49/index.html: missing name
2026-09-01 03:26:57 | WARNING  | scraper.validator | Invalid product https://books.toscrape.com/catalogue/category/books/biography_36/index.html: missing name
2026-09-01 03:26:57 | WARNING  | scraper.validator | Invalid product https://books.toscrape.com/catalogue/category/books/christian-fiction_34/index.html: missing name
2026-09-01 03:26:57 | WARNING  | scraper.validator | Invalid product https://books.toscrape.com/catalogue/category/books/humor_30/index.html: missing name
2026-09-01 03:26:57 | WARNING  | scraper.validator | Invalid product https://books.toscrape.com/catalogue/category/books/academic_40/index.html: missing name
2026-09-01 03:26:57 | WARNING  | scraper.validator | Invalid product https://books.toscrape.com/catalogue/category/books/new-adult_20/index.html: missing name
2026-09-01 03:26:57 | WARNING  | scraper.validator | Invalid product https://books.toscrape.com/catalogue/category/books/sequential-art_5/index.html: missing name
2026-09-01 03:26:57 | WARNING  | scraper.validator | Invalid product https://books.toscrape.com/catalogue/category/books/historical_42/index.html: missing name
2026-09-01 03:26:57 | WARNING  | scraper.validator | Invalid product https://books.toscrape.com/catalogue/category/books/classics_6/index.html: missing name
2026-09-01 03:26:57 | WARNING  | scraper.validator | Invalid product https://books.toscrape.com/catalogue/category/books/science_22/index.html: missing name
2026-09-01 03:26:57 | WARNING  | scraper.validator | Invalid product https://books.toscrape.com/catalogue/category/books/self-help_41/index.html: missing name
2026-09-01 03:26:57 | WARNING  | scraper.validator | Invalid product https://books.toscrape.com/catalogue/category/books/mystery_3/index.html: missing name
2026-09-01 03:26:57 | WARNING  | scraper.validator | Invalid product https://books.toscrape.com/catalogue/category/books/business_35/index.html: missing name
2026-09-01 03:26:57 | WARNING  | scraper.validator | Invalid product https://books.toscrape.com/catalogue/category/books/psychology_26/index.html: missing name
2026-09-01 03:26:57 | WARNING  | scraper.validator | Invalid product https://books.toscrape.com/catalogue/category/books/adult-fiction_29/index.html: missing name
2026-09-01 03:26:57 | WARNING  | scraper.validator | Invalid product https://books.toscrape.com/catalogue/category/books/spirituality_39/index.html: missing name
2026-09-01 03:26:57 | WARNING  | scraper.validator | Invalid product https://books.toscrape.com/catalogue/category/books/default_15/index.html: missing name
2026-09-01 03:26:57 | WARNING  | scraper.validator | Invalid product https://books.toscrape.com/catalogue/category/books/philosophy_7/index.html: missing name
2026-09-01 03:26:57 | WARNING  | scraper.validator | Invalid product https://books.toscrape.com/catalogue/category/books/art_25/index.html: missing name
2026-09-01 03:26:57 | WARNING  | scraper.validator | Invalid product https://books.toscrape.com/catalogue/category/books/novels_46/index.html: missing name
2026-09-01 03:26:57 | WARNING  | scraper.validator | Invalid product https://books.toscrape.com/catalogue/category/books/crime_51/index.html: missing name
2026-09-01 03:26:57 | WARNING  | scraper.validator | Invalid product https://books.toscrape.com/catalogue/category/books/childrens_11/index.html: missing name
2026-09-01 03:26:57 | WARNING  | scraper.validator | Invalid product https://books.toscrape.com/catalogue/category/books/suspense_44/index.html: missing name
2026-09-01 03:26:57 | WARNING  | scraper.validator | Invalid product https://books.toscrape.com/catalogue/category/books/autobiography_27/index.html: missing name
2026-09-01 03:26:57 | WARNING  | scraper.validator | Invalid product https://books.toscrape.com/catalogue/category/books/history_32/index.html: missing name
2026-09-01 03:26:57 | WARNING  | scraper.validator | Invalid product https://books.toscrape.com/catalogue/category/books/short-stories_45/index.html: missing name
2026-09-01 03:26:57 | WARNING  | scraper.validator | Invalid product https://books.toscrape.com/catalogue/category/books_1/index.html: missing name
2026-09-01 03:26:57 | WARNING  | scraper.validator | Invalid product https://books.toscrape.com/catalogue/category/books/contemporary_38/index.html: missing name
2026-09-01 03:26:57 | INFO     | scraper.validator | Validated 63 products -> 11 valid
2026-09-01 03:26:57 | INFO     | scraper.storage | Saved CSV: output\books_test.csv
2026-09-01 03:26:58 | INFO     | scraper.storage | Saved Excel: output\books_test.xlsx
2026-09-01 03:26:58 | INFO     | scraper.analysis | Analysis complete: 11 products
2026-09-01 03:26:58 | INFO     | matplotlib.category | Using categorical units to plot a list of strings that are all parsable as floats or dates. If these strings should be plotted as numbers, cast to the appropriate data type before plotting.
2026-09-01 03:26:58 | INFO     | matplotlib.category | Using categorical units to plot a list of strings that are all parsable as floats or dates. If these strings should be plotted as numbers, cast to the appropriate data type before plotting.
2026-09-01 03:26:59 | INFO     | scraper.visualization | Saved chart: output\charts\price_distribution.png
2026-09-01 03:26:59 | INFO     | scraper.visualization | Saved chart: output\charts\rating_distribution.png
2026-09-01 03:26:59 | INFO     | scraper.visualization | Saved chart: output\charts\price_vs_rating.png
2026-09-01 03:26:59 | INFO     | scraper.visualization | Saved chart: output\charts\products_by_category.png
2026-09-01 03:28:00 | INFO     | scraper.http_client | GET https://books.toscrape.com/robots.txt
2026-09-01 03:28:01 | WARNING  | scraper.http_client | Request failed for https://books.toscrape.com/robots.txt: 404 Client Error: Not Found for url: https://books.toscrape.com/robots.txt
2026-09-01 03:28:01 | INFO     | scraper.http_client | GET https://books.toscrape.com/catalogue/category/books/travel_2/index.html
2026-09-01 03:28:02 | INFO     | scraper.pagination | Page 1: found 11 product links (11 new)
2026-09-01 03:28:02 | INFO     | scraper.pipeline | Collected 11 product URLs from https://books.toscrape.com/catalogue/category/books/travel_2/index.html
2026-09-01 03:28:02 | INFO     | scraper.pipeline | Scraping 11 unique product URLs
2026-09-01 03:28:02 | INFO     | scraper.http_client | GET https://books.toscrape.com/catalogue/the-great-railway-bazaar_446/index.html
2026-09-01 03:28:03 | INFO     | scraper.http_client | GET https://books.toscrape.com/catalogue/its-only-the-himalayas_981/index.html
2026-09-01 03:28:04 | INFO     | scraper.http_client | GET https://books.toscrape.com/catalogue/neither-here-nor-there-travels-in-europe_198/index.html
2026-09-01 03:28:05 | INFO     | scraper.http_client | GET https://books.toscrape.com/catalogue/a-year-in-provence-provence-1_421/index.html
2026-09-01 03:28:06 | INFO     | scraper.http_client | GET https://books.toscrape.com/catalogue/vagabonding-an-uncommon-guide-to-the-art-of-long-term-world-travel_552/index.html
2026-09-01 03:28:07 | INFO     | scraper.http_client | GET https://books.toscrape.com/catalogue/see-america-a-celebration-of-our-national-parks-treasured-sites_732/index.html
2026-09-01 03:28:08 | INFO     | scraper.http_client | GET https://books.toscrape.com/catalogue/under-the-tuscan-sun_504/index.html
2026-09-01 03:28:09 | INFO     | scraper.http_client | GET https://books.toscrape.com/catalogue/1000-places-to-see-before-you-die_1/index.html
2026-09-01 03:28:10 | INFO     | scraper.http_client | GET https://books.toscrape.com/catalogue/a-summer-in-europe_458/index.html
2026-09-01 03:28:11 | INFO     | scraper.http_client | GET https://books.toscrape.com/catalogue/the-road-to-little-dribbling-adventures-of-an-american-in-britain-notes-from-a-small-island-2_277/index.html
2026-09-01 03:28:12 | INFO     | scraper.http_client | GET https://books.toscrape.com/catalogue/full-moon-over-noahs-ark-an-odyssey-to-mount-ararat-and-beyond_811/index.html
2026-09-01 03:28:12 | INFO     | scraper.cleaner | Cleaned 11 products -> 11 after deduplication
2026-09-01 03:28:12 | INFO     | scraper.validator | Validated 11 products -> 11 valid
2026-09-01 03:28:12 | INFO     | scraper.storage | Saved CSV: output\books_test.csv
2026-09-01 03:28:13 | INFO     | scraper.storage | Saved Excel: output\books_test.xlsx
2026-09-01 03:28:13 | INFO     | scraper.analysis | Analysis complete: 11 products
2026-09-01 03:28:13 | INFO     | matplotlib.category | Using categorical units to plot a list of strings that are all parsable as floats or dates. If these strings should be plotted as numbers, cast to the appropriate data type before plotting.
2026-09-01 03:28:13 | INFO     | matplotlib.category | Using categorical units to plot a list of strings that are all parsable as floats or dates. If these strings should be plotted as numbers, cast to the appropriate data type before plotting.
2026-09-01 03:28:14 | INFO     | scraper.visualization | Saved chart: output\charts\price_distribution.png
2026-09-01 03:28:14 | INFO     | scraper.visualization | Saved chart: output\charts\rating_distribution.png
2026-09-01 03:28:14 | INFO     | scraper.visualization | Saved chart: output\charts\price_vs_rating.png
2026-09-01 03:28:14 | INFO     | scraper.visualization | Saved chart: output\charts\products_by_category.png
2026-09-01 03:28:28 | INFO     | scraper.cleaner | Cleaned 2 products -> 2 after deduplication
2026-09-01 03:28:28 | INFO     | scraper.validator | Validated 2 products -> 2 valid
2026-09-01 03:28:28 | INFO     | scraper.analysis | Analysis complete: 2 products
2026-09-01 03:28:29 | INFO     | matplotlib.category | Using categorical units to plot a list of strings that are all parsable as floats or dates. If these strings should be plotted as numbers, cast to the appropriate data type before plotting.
2026-09-01 03:28:29 | INFO     | matplotlib.category | Using categorical units to plot a list of strings that are all parsable as floats or dates. If these strings should be plotted as numbers, cast to the appropriate data type before plotting.
2026-09-01 03:28:29 | INFO     | scraper.visualization | Saved chart: tmp_output\charts\price_distribution.png
2026-09-01 03:28:29 | INFO     | scraper.visualization | Saved chart: tmp_output\charts\rating_distribution.png
2026-09-01 03:28:29 | INFO     | scraper.visualization | Saved chart: tmp_output\charts\price_vs_rating.png
2026-09-01 03:28:29 | INFO     | scraper.visualization | Saved chart: tmp_output\charts\products_by_category.png
2026-09-01 03:28:30 | INFO     | scraper.storage | Saved CSV: tmp_output\products.csv
2026-09-01 03:28:30 | INFO     | scraper.storage | Saved Excel: tmp_output\products.xlsx
2026-09-01 03:45:34 | INFO     | scraper.http_client | GET /robots.txt
2026-09-01 03:45:34 | WARNING  | scraper.http_client | Request failed for /robots.txt: Invalid URL '/robots.txt': No scheme supplied. Perhaps you meant https:///robots.txt?
2026-09-01 03:45:34 | INFO     | scraper.http_client | GET https://www.amazon.com/robots.txt
2026-09-01 03:45:35 | INFO     | scraper.pipeline | Scraping 2 unique product URLs
2026-09-01 03:45:35 | INFO     | scraper.http_client | GET amazon.com/acer-Wireless-Bluetooth-Headphones-Multipoint/dp/B0FQJQMTJT/ref=sr_1_1_sspa?adgrpid=164469006602&dib=eyJ2IjoiMSJ9.oMFZReg_4Tb_-vlvFhHDHc79tOXQqlAUhyMi2dzfBoFa1E7lQpTw4CVwevwJ37iXt2QExw1tB1-XCPuVcm6X1HbC2zB_Vp_Go3CZ5CEvTlWDuS38QpCduY7snsti-8UEmlmL5e4DnAH7hLgK3ydqrc8hUnSSoj-3zgHWs6c3LjNT2n3FdmjZotKPTYrEUYYO3Cv3j3RYnXq-pupvm3erNct7B5Ey2vkMcXA2wJ6K-ts.syG76RB-nY6iBnTvHRXvoIIYzMD4Tymcaa95tQGBi_I&dib_tag=se&hvadid=700586678785&hvdev=c&hvlocphy=9195804&hvnetw=g&hvqmt=b&hvrand=8754586290412050616&hvtargid=kwd-295324530136&hydadcr=8911_13540123&keywords=dual+mode+headphones&mcid=c8a6f557a6fd3cc2b55c015f01c94de7&qid=1788216221&sr=8-1-spons&sp_csd=d2lkZ2V0TmFtZT1zcF9hdGY&psc=1
2026-09-01 03:45:35 | WARNING  | scraper.http_client | Request failed for amazon.com/acer-Wireless-Bluetooth-Headphones-Multipoint/dp/B0FQJQMTJT/ref=sr_1_1_sspa?adgrpid=164469006602&dib=eyJ2IjoiMSJ9.oMFZReg_4Tb_-vlvFhHDHc79tOXQqlAUhyMi2dzfBoFa1E7lQpTw4CVwevwJ37iXt2QExw1tB1-XCPuVcm6X1HbC2zB_Vp_Go3CZ5CEvTlWDuS38QpCduY7snsti-8UEmlmL5e4DnAH7hLgK3ydqrc8hUnSSoj-3zgHWs6c3LjNT2n3FdmjZotKPTYrEUYYO3Cv3j3RYnXq-pupvm3erNct7B5Ey2vkMcXA2wJ6K-ts.syG76RB-nY6iBnTvHRXvoIIYzMD4Tymcaa95tQGBi_I&dib_tag=se&hvadid=700586678785&hvdev=c&hvlocphy=9195804&hvnetw=g&hvqmt=b&hvrand=8754586290412050616&hvtargid=kwd-295324530136&hydadcr=8911_13540123&keywords=dual+mode+headphones&mcid=c8a6f557a6fd3cc2b55c015f01c94de7&qid=1788216221&sr=8-1-spons&sp_csd=d2lkZ2V0TmFtZT1zcF9hdGY&psc=1: Invalid URL 'amazon.com/acer-Wireless-Bluetooth-Headphones-Multipoint/dp/B0FQJQMTJT/ref=sr_1_1_sspa?adgrpid=164469006602&dib=eyJ2IjoiMSJ9.oMFZReg_4Tb_-vlvFhHDHc79tOXQqlAUhyMi2dzfBoFa1E7lQpTw4CVwevwJ37iXt2QExw1tB1-XCPuVcm6X1HbC2zB_Vp_Go3CZ5CEvTlWDuS38QpCduY7snsti-8UEmlmL5e4DnAH7hLgK3ydqrc8hUnSSoj-3zgHWs6c3LjNT2n3FdmjZotKPTYrEUYYO3Cv3j3RYnXq-pupvm3erNct7B5Ey2vkMcXA2wJ6K-ts.syG76RB-nY6iBnTvHRXvoIIYzMD4Tymcaa95tQGBi_I&dib_tag=se&hvadid=700586678785&hvdev=c&hvlocphy=9195804&hvnetw=g&hvqmt=b&hvrand=8754586290412050616&hvtargid=kwd-295324530136&hydadcr=8911_13540123&keywords=dual+mode+headphones&mcid=c8a6f557a6fd3cc2b55c015f01c94de7&qid=1788216221&sr=8-1-spons&sp_csd=d2lkZ2V0TmFtZT1zcF9hdGY&psc=1': No scheme supplied. Perhaps you meant https://amazon.com/acer-Wireless-Bluetooth-Headphones-Multipoint/dp/B0FQJQMTJT/ref=sr_1_1_sspa?adgrpid=164469006602&dib=eyJ2IjoiMSJ9.oMFZReg_4Tb_-vlvFhHDHc79tOXQqlAUhyMi2dzfBoFa1E7lQpTw4CVwevwJ37iXt2QExw1tB1-XCPuVcm6X1HbC2zB_Vp_Go3CZ5CEvTlWDuS38QpCduY7snsti-8UEmlmL5e4DnAH7hLgK3ydqrc8hUnSSoj-3zgHWs6c3LjNT2n3FdmjZotKPTYrEUYYO3Cv3j3RYnXq-pupvm3erNct7B5Ey2vkMcXA2wJ6K-ts.syG76RB-nY6iBnTvHRXvoIIYzMD4Tymcaa95tQGBi_I&dib_tag=se&hvadid=700586678785&hvdev=c&hvlocphy=9195804&hvnetw=g&hvqmt=b&hvrand=8754586290412050616&hvtargid=kwd-295324530136&hydadcr=8911_13540123&keywords=dual+mode+headphones&mcid=c8a6f557a6fd3cc2b55c015f01c94de7&qid=1788216221&sr=8-1-spons&sp_csd=d2lkZ2V0TmFtZT1zcF9hdGY&psc=1?
2026-09-01 03:45:35 | INFO     | scraper.http_client | GET https://www.amazon.com/Boean-Cancelling-Headphones-Bluetooth-Transparency/dp/B0HCNKBPDJ/ref=sr_1_2?adgrpid=164469006602&dib=eyJ2IjoiMSJ9.oMFZReg_4Tb_-vlvFhHDHc79tOXQqlAUhyMi2dzfBoFa1E7lQpTw4CVwevwJ37iXt2QExw1tB1-XCPuVcm6X1HbC2zB_Vp_Go3CZ5CEvTlWDuS38QpCduY7snsti-8UEmlmL5e4DnAH7hLgK3ydqrc8hUnSSoj-3zgHWs6c3LjNT2n3FdmjZotKPTYrEUYYO3Cv3j3RYnXq-pupvm3erNct7B5Ey2vkMcXA2wJ6K-ts.syG76RB-nY6iBnTvHRXvoIIYzMD4Tymcaa95tQGBi_I&dib_tag=se&hvadid=700586678785&hvdev=c&hvlocphy=9195804&hvnetw=g&hvqmt=b&hvrand=8754586290412050616&hvtargid=kwd-295324530136&hydadcr=8911_13540123&keywords=dual+mode+headphones&mcid=c8a6f557a6fd3cc2b55c015f01c94de7&qid=1788216295&sr=8-2
2026-09-01 03:45:36 | INFO     | scraper.cleaner | Cleaned 1 products -> 1 after deduplication
2026-09-01 03:45:36 | WARNING  | scraper.validator | Invalid product https://www.amazon.com/Boean-Cancelling-Headphones-Bluetooth-Transparency/dp/B0HCNKBPDJ/ref=sr_1_2?adgrpid=164469006602&dib=eyJ2IjoiMSJ9.oMFZReg_4Tb_-vlvFhHDHc79tOXQqlAUhyMi2dzfBoFa1E7lQpTw4CVwevwJ37iXt2QExw1tB1-XCPuVcm6X1HbC2zB_Vp_Go3CZ5CEvTlWDuS38QpCduY7snsti-8UEmlmL5e4DnAH7hLgK3ydqrc8hUnSSoj-3zgHWs6c3LjNT2n3FdmjZotKPTYrEUYYO3Cv3j3RYnXq-pupvm3erNct7B5Ey2vkMcXA2wJ6K-ts.syG76RB-nY6iBnTvHRXvoIIYzMD4Tymcaa95tQGBi_I&dib_tag=se&hvadid=700586678785&hvdev=c&hvlocphy=9195804&hvnetw=g&hvqmt=b&hvrand=8754586290412050616&hvtargid=kwd-295324530136&hydadcr=8911_13540123&keywords=dual+mode+headphones&mcid=c8a6f557a6fd3cc2b55c015f01c94de7&qid=1788216295&sr=8-2: missing price
2026-09-01 03:45:36 | INFO     | scraper.validator | Validated 1 products -> 0 valid
2026-09-01 03:45:36 | INFO     | scraper.storage | Saved CSV: output\products.csv
2026-09-01 03:45:37 | INFO     | scraper.storage | Saved Excel: output\products.xlsx
2026-09-01 03:45:37 | INFO     | scraper.analysis | Analysis complete: 0 products
2026-09-01 03:46:24 | INFO     | scraper.http_client | GET https://www.amazon.com/robots.txt
2026-09-01 03:46:25 | INFO     | scraper.pipeline | Scraping 1 unique product URLs
2026-09-01 03:46:25 | INFO     | scraper.http_client | GET https://www.amazon.com/Boean-Cancelling-Headphones-Bluetooth-Transparency/dp/B0HCNKBPDJ/ref=sr_1_2?adgrpid=164469006602&dib=eyJ2IjoiMSJ9.oMFZReg_4Tb_-vlvFhHDHc79tOXQqlAUhyMi2dzfBoFa1E7lQpTw4CVwevwJ37iXt2QExw1tB1-XCPuVcm6X1HbC2zB_Vp_Go3CZ5CEvTlWDuS38QpCduY7snsti-8UEmlmL5e4DnAH7hLgK3ydqrc8hUnSSoj-3zgHWs6c3LjNT2n3FdmjZotKPTYrEUYYO3Cv3j3RYnXq-pupvm3erNct7B5Ey2vkMcXA2wJ6K-ts.syG76RB-nY6iBnTvHRXvoIIYzMD4Tymcaa95tQGBi_I&dib_tag=se&hvadid=700586678785&hvdev=c&hvlocphy=9195804&hvnetw=g&hvqmt=b&hvrand=8754586290412050616&hvtargid=kwd-295324530136&hydadcr=8911_13540123&keywords=dual+mode+headphones&mcid=c8a6f557a6fd3cc2b55c015f01c94de7&qid=1788216295&sr=8-2
2026-09-01 03:46:28 | INFO     | scraper.cleaner | Cleaned 1 products -> 1 after deduplication
2026-09-01 03:46:28 | INFO     | scraper.validator | Validated 1 products -> 1 valid
2026-09-01 03:46:28 | INFO     | scraper.storage | Saved CSV: output\products.csv
2026-09-01 03:46:29 | INFO     | scraper.storage | Saved Excel: output\products.xlsx
2026-09-01 03:46:29 | INFO     | scraper.analysis | Analysis complete: 1 products
2026-09-01 03:46:29 | INFO     | scraper.analysis | Analysis complete: 1 products
2026-09-01 03:46:32 | INFO     | matplotlib.category | Using categorical units to plot a list of strings that are all parsable as floats or dates. If these strings should be plotted as numbers, cast to the appropriate data type before plotting.
2026-09-01 03:46:32 | INFO     | matplotlib.category | Using categorical units to plot a list of strings that are all parsable as floats or dates. If these strings should be plotted as numbers, cast to the appropriate data type before plotting.
2026-09-01 03:48:38 | INFO     | scraper.http_client | GET https://www.amazon.com/robots.txt
2026-09-01 03:48:39 | INFO     | scraper.http_client | GET https://www.amazon.com/s?k=dual+mode+headphones&adgrpid=164469006602&hvadid=700586678785&hvdev=c&hvlocphy=9195804&hvnetw=g&hvqmt=b&hvrand=8754586290412050616&hvtargid=kwd-295324530136&hydadcr=8911_13540123&mcid=c8a6f557a6fd3cc2b55c015f01c94de7&tag=hydglogoo-20&ref=pd_sl_7m0wcdluw6_b
2026-09-01 03:48:43 | INFO     | scraper.pagination | Page 1: found 126 product links (126 new)
2026-09-01 03:48:43 | INFO     | scraper.http_client | GET https://www.amazon.com/s?k=dual+mode+headphones&page=2&xpid=Ikybfd9YthLyw&adgrpid=164469006602&hvadid=700586678785&hvdev=c&hvlocphy=9195804&hvnetw=g&hvqmt=b&hvrand=8754586290412050616&hvtargid=kwd-295324530136&hydadcr=8911_13540123&mcid=c8a6f557a6fd3cc2b55c015f01c94de7&qid=1788216519&ref=sr_pg_1
2026-09-01 03:48:45 | INFO     | scraper.pagination | Page 2: found 113 product links (85 new)
2026-09-01 03:48:45 | INFO     | scraper.http_client | GET https://www.amazon.com/s?k=dual+mode+headphones&page=3&adgrpid=164469006602&hvadid=700586678785&hvdev=c&hvlocphy=9195804&hvnetw=g&hvqmt=b&hvrand=8754586290412050616&hvtargid=kwd-295324530136&hydadcr=8911_13540123&mcid=c8a6f557a6fd3cc2b55c015f01c94de7&qid=1788216523&xpid=Ikybfd9YthLyw&ref=sr_pg_2
2026-09-01 03:48:48 | INFO     | scraper.pagination | Page 3: found 110 product links (82 new)
2026-09-01 03:48:48 | INFO     | scraper.http_client | GET https://www.amazon.com/s?k=dual+mode+headphones&page=4&adgrpid=164469006602&hvadid=700586678785&hvdev=c&hvlocphy=9195804&hvnetw=g&hvqmt=b&hvrand=8754586290412050616&hvtargid=kwd-295324530136&hydadcr=8911_13540123&mcid=c8a6f557a6fd3cc2b55c015f01c94de7&qid=1788216525&xpid=Ikybfd9YthLyw&ref=sr_pg_3
2026-09-01 03:48:50 | INFO     | scraper.pagination | Page 4: found 111 product links (83 new)
2026-09-01 03:48:50 | INFO     | scraper.http_client | GET https://aax-us-east-retail-direct.amazon.com/robots.txt
2026-09-01 03:48:51 | INFO     | scraper.robots | robots.txt disallows: https://aax-us-east-retail-direct.amazon.com/x/c/JIc5U-o7Lvmd8ZL1Tv2c8WgAAAGgWgLOYwEAAAH2AQBvbm9fdHhuX2JpZDEgICBvbm9fdHhuX2ltcDIgICDFNQrK/clv1c_ek-wBAHWatbYHgcm5EX3z4E5q8F3XxnU-UUWiWmxCae2Kl3cqMM2nyA2QqlyniGAxxwDcd9CF2MTEn1VeUjp4N0MrGavZQwzkb_ZFQk4G8QyuhfaNLSt6bXJF_1ykvIxwRIzqhu233dwx9PXnZH96sFrGROfnJVqktZQj2aLTQUVKQ893sC-2knBiIpYxODr5s5t4wPA_mv6vQRd9Ulb_li73G87RVw308rSyEi8Cix4k990aAxuqcBppKD3hd8LlLj3MzJTueD2Zy9emGrEQ-Gzz6BkIJLtzwB_dOucSWmr8B5VZvoNrhhoaQQDlUT-kqAVb09pCTwQTlYEdj2sjxCXEHWDBdNoWboSmrTTt5sXegOn5Ltu9Ka7BMfYCPUFeO0SE4bvXkzH5MdoRLAQDtcIr63LK6MLidoK0jg9dHs3UVcpEfbRtyKEqbrDgJQRKCZlGqozBfE7lbouCy3HgKewYzfOjntUjXomLfNGpkG0lMFMYaufzALKh9DiVdLW-F6HVYM5PhxFpfLIIRxWvJ1vT6JFd0whzmCDiFTIgPkSCa1bfjTdOSuwqSgirATmhRolgj54Idz8gi-fDaMFAIQ9mXOrv-It4e3NLExPPcVBdh_-foqTBBAm9KDNJF_5rJMYLFb-uSaRmaU9XP2AzMzxTHmcXKu3CEdpV2HEwCBVAPLMr91VJXdnVigc9QSbicyAJriY9MmfSDDODcZXUdL3TI75rkQwY-8Cmha7GcARB0DtCDTsmtJvYzvgoqBiJb7L3U3tRdOnqqwdw2ASIrHKYd9Tqs41C3zYKTRtXPzc_alL9rsSQAEXoe1FNtLwj5CqrNKVw06vgbm4dlQXzFwW4_X_FEMjBoqGpYPz0gTi_iAIgDAfIpAp-qlJAaxv0uQ9HYDSL5NCFL3esycjoxoVprUIOs18MMUrScF8_KDLFUiuMyRLeaGUrqU-iz3YmUw4Fb1pv60QnoJdk7vqmY0xAj4BQ3RoALgQTBx9BUsFOErZ1uI2xPtgQ2xI9lQphJPl6Iz9q0nr7knkOBNbF6ZWeGON8BgquX44cvBDc9ZiJYDfPcqSnYq7ABWuyQZn5eTWpY9elAbFxzgSvhVYutFzueZxwLmvTIA4KJebQrEz-UVlD5YIaRyV2rMl-2R4FZsj7oXG8XbAFscWPq60q3g8rIzQl5EeJpRJ6uylRbnmKRYHCptBNxi3zFcN8MlboIjLz6E04q55Gf4Qk0SxnPL1FxC0v879xx2tj9N-OmQNCC2zRkVcduI3C3-ZyUSnl5jxcxuZCLCpaLsDFoNcMP1s3BOjn63lWLCK4L61oKjPxBJgcfdsNfSGLA40HIEWb9OYzFvB_AWuKXTrXvOeErv4udH8qMfIVkgKC80K_H7E6qXDsv0J6jZe0sofInfFjsxzg5vrrLWvi0uzpSH9WthVQG3x9v0FXCzB3dMhZ8VvYSwbHvEIDT3j9OmYvZVzKSg6GBnwesovBmIx6N2w3iPnBHhpiMxhg2ym6KrU09Gt525ojoQFvOkGBUBG3dkuu3bC4_ppNaVYB4YMhQmuJo_EcYkHKw4E3rBU-gHoovTI4FMtrS4SvKM7F2S54eaVm2LGPYOUGNe42JpunmI-3bKxd0HMIOSe6bXQ-rlZ0EUgS4V-c687XG4FVOT4wTIGiz9UMJst-Y8Odgk7iJiJXyKriV3sQNi3xT0b7ZYIl7RlnX8q-bfevb0ESOLqZ3o/https://www.amazon.com/stores/page/8BA1A0D4-A3E9-46C4-ACB0-318AD70FA1D3/?_encoding=UTF8&pd_rd_plhdr=t&pd_rd_i=B09LYF2ST7&ref_=sbx_be_s_sparkle_ssd_bkg&store_ref=SBV_A02229982CSR0772VAEJF-A00801373VD5OCQOE1OUB&lp_asins=B09LYF2ST7%2CB0B8YNRS6D%2CB0B8YKH8PZ&pd_rd_w=lWfiz&content-id=amzn1.sym.902cd64e-66e2-437a-a8b0-12aa3b8852e5%3Aamzn1.sym.902cd64e-66e2-437a-a8b0-12aa3b8852e5&pf_rd_p=902cd64e-66e2-437a-a8b0-12aa3b8852e5&pf_rd_r=MJCSPHH49RBD7HZJQVHF&pd_rd_wg=CeT0t&pd_rd_r=d41c1d1a-aefe-48bd-8f25-befbbe902b63
2026-09-01 03:48:51 | WARNING  | scraper.pagination | Skipping disallowed page: https://aax-us-east-retail-direct.amazon.com/x/c/JIc5U-o7Lvmd8ZL1Tv2c8WgAAAGgWgLOYwEAAAH2AQBvbm9fdHhuX2JpZDEgICBvbm9fdHhuX2ltcDIgICDFNQrK/clv1c_ek-wBAHWatbYHgcm5EX3z4E5q8F3XxnU-UUWiWmxCae2Kl3cqMM2nyA2QqlyniGAxxwDcd9CF2MTEn1VeUjp4N0MrGavZQwzkb_ZFQk4G8QyuhfaNLSt6bXJF_1ykvIxwRIzqhu233dwx9PXnZH96sFrGROfnJVqktZQj2aLTQUVKQ893sC-2knBiIpYxODr5s5t4wPA_mv6vQRd9Ulb_li73G87RVw308rSyEi8Cix4k990aAxuqcBppKD3hd8LlLj3MzJTueD2Zy9emGrEQ-Gzz6BkIJLtzwB_dOucSWmr8B5VZvoNrhhoaQQDlUT-kqAVb09pCTwQTlYEdj2sjxCXEHWDBdNoWboSmrTTt5sXegOn5Ltu9Ka7BMfYCPUFeO0SE4bvXkzH5MdoRLAQDtcIr63LK6MLidoK0jg9dHs3UVcpEfbRtyKEqbrDgJQRKCZlGqozBfE7lbouCy3HgKewYzfOjntUjXomLfNGpkG0lMFMYaufzALKh9DiVdLW-F6HVYM5PhxFpfLIIRxWvJ1vT6JFd0whzmCDiFTIgPkSCa1bfjTdOSuwqSgirATmhRolgj54Idz8gi-fDaMFAIQ9mXOrv-It4e3NLExPPcVBdh_-foqTBBAm9KDNJF_5rJMYLFb-uSaRmaU9XP2AzMzxTHmcXKu3CEdpV2HEwCBVAPLMr91VJXdnVigc9QSbicyAJriY9MmfSDDODcZXUdL3TI75rkQwY-8Cmha7GcARB0DtCDTsmtJvYzvgoqBiJb7L3U3tRdOnqqwdw2ASIrHKYd9Tqs41C3zYKTRtXPzc_alL9rsSQAEXoe1FNtLwj5CqrNKVw06vgbm4dlQXzFwW4_X_FEMjBoqGpYPz0gTi_iAIgDAfIpAp-qlJAaxv0uQ9HYDSL5NCFL3esycjoxoVprUIOs18MMUrScF8_KDLFUiuMyRLeaGUrqU-iz3YmUw4Fb1pv60QnoJdk7vqmY0xAj4BQ3RoALgQTBx9BUsFOErZ1uI2xPtgQ2xI9lQphJPl6Iz9q0nr7knkOBNbF6ZWeGON8BgquX44cvBDc9ZiJYDfPcqSnYq7ABWuyQZn5eTWpY9elAbFxzgSvhVYutFzueZxwLmvTIA4KJebQrEz-UVlD5YIaRyV2rMl-2R4FZsj7oXG8XbAFscWPq60q3g8rIzQl5EeJpRJ6uylRbnmKRYHCptBNxi3zFcN8MlboIjLz6E04q55Gf4Qk0SxnPL1FxC0v879xx2tj9N-OmQNCC2zRkVcduI3C3-ZyUSnl5jxcxuZCLCpaLsDFoNcMP1s3BOjn63lWLCK4L61oKjPxBJgcfdsNfSGLA40HIEWb9OYzFvB_AWuKXTrXvOeErv4udH8qMfIVkgKC80K_H7E6qXDsv0J6jZe0sofInfFjsxzg5vrrLWvi0uzpSH9WthVQG3x9v0FXCzB3dMhZ8VvYSwbHvEIDT3j9OmYvZVzKSg6GBnwesovBmIx6N2w3iPnBHhpiMxhg2ym6KrU09Gt525ojoQFvOkGBUBG3dkuu3bC4_ppNaVYB4YMhQmuJo_EcYkHKw4E3rBU-gHoovTI4FMtrS4SvKM7F2S54eaVm2LGPYOUGNe42JpunmI-3bKxd0HMIOSe6bXQ-rlZ0EUgS4V-c687XG4FVOT4wTIGiz9UMJst-Y8Odgk7iJiJXyKriV3sQNi3xT0b7ZYIl7RlnX8q-bfevb0ESOLqZ3o/https://www.amazon.com/stores/page/8BA1A0D4-A3E9-46C4-ACB0-318AD70FA1D3/?_encoding=UTF8&pd_rd_plhdr=t&pd_rd_i=B09LYF2ST7&ref_=sbx_be_s_sparkle_ssd_bkg&store_ref=SBV_A02229982CSR0772VAEJF-A00801373VD5OCQOE1OUB&lp_asins=B09LYF2ST7%2CB0B8YNRS6D%2CB0B8YKH8PZ&pd_rd_w=lWfiz&content-id=amzn1.sym.902cd64e-66e2-437a-a8b0-12aa3b8852e5%3Aamzn1.sym.902cd64e-66e2-437a-a8b0-12aa3b8852e5&pf_rd_p=902cd64e-66e2-437a-a8b0-12aa3b8852e5&pf_rd_r=MJCSPHH49RBD7HZJQVHF&pd_rd_wg=CeT0t&pd_rd_r=d41c1d1a-aefe-48bd-8f25-befbbe902b63
2026-09-01 03:48:51 | INFO     | scraper.pipeline | Collected 376 product URLs from https://www.amazon.com/s?k=dual+mode+headphones&adgrpid=164469006602&hvadid=700586678785&hvdev=c&hvlocphy=9195804&hvnetw=g&hvqmt=b&hvrand=8754586290412050616&hvtargid=kwd-295324530136&hydadcr=8911_13540123&mcid=c8a6f557a6fd3cc2b55c015f01c94de7&tag=hydglogoo-20&ref=pd_sl_7m0wcdluw6_b
2026-09-01 03:48:51 | INFO     | scraper.pipeline | Scraping 376 unique product URLs
2026-09-01 03:48:51 | INFO     | scraper.http_client | GET https://www.amazon.com/Cancelling-Headphones-Bluetooth-Transparency-Graduation/dp/B0HGFFLDYL/ref=sr_1_9?adgrpid=164469006602&dib=eyJ2IjoiMSJ9.oMFZReg_4Tb_-vlvFhHDHc79tOXQqlAUhyMi2dzfBoFa1E7lQpTw4CVwevwJ37iXt2QExw1tB1-XCPuVcm6X1HbC2zB_Vp_Go3CZ5CEvTlXEPq4zB5UIwG9_lyKK1FXH_SiIeonnrHrotACx2Tf9AFK_px1wNxg2WolAu9SonIAydds2qCIyI7iVaQLtbRHX3Cv3j3RYnXq-pupvm3erNct7B5Ey2vkMcXA2wJ6K-ts.gvbdeDbujOkstNl8aSXzXqHiMvTBnhresY4kQnAOEdg&dib_tag=se&hvadid=700586678785&hvdev=c&hvlocphy=9195804&hvnetw=g&hvqmt=b&hvrand=8754586290412050616&hvtargid=kwd-295324530136&hydadcr=8911_13540123&keywords=dual+mode+headphones&mcid=c8a6f557a6fd3cc2b55c015f01c94de7&qid=1788216519&sr=8-9
2026-09-01 03:48:54 | INFO     | scraper.http_client | GET https://aax-us-east-retail-direct.amazon.com/x/c/JJVBDyFJWqWkHUzWxSv2W3IAAAGgWgLDZQEAAAH2AQBvbm9fdHhuX2JpZDYgICBvbm9fdHhuX2ltcDEgICDNl5Zn/clv1c_ek-ABHXWbbbeXg4WYzrofx-3U0Dmar-Il1qjHUeEGMFINU9aPJhXta6e3GJAPKsb__TDtBWcdOFy8Bo8sapo_V6Iol9EyCBX0_vPCWLlWsUmiTBvY8hDguKT5J1sJvI62mKe99hn8QeJrrFvu2vU6sNwNZ2ZkH3Kk8FqRjur2mb3GesUDbqixQ4USpaUg1XKc-eFi4ZKFgHMjTSdhOjC_vy21vU9JmQcHs42ea32l6TBcMo1Ln08H2mvyGID5wfe3PlQlqAq-jZerlPldpRC9QGto3wY3XPVDUY0Ift1OkvxQNP8WPUCXEP8wgSsTfiSWkFYNZWQixs178-EyLxLrptUHsqH4fI3XMA1iw5TTFNria2buuk6r-_A70GseSwPJ7YYD2QBEf3l2DvaG3jUOJdcu2P-zBa7UP4W6NZwZGgmVjOfuac6mkqCrkH_hjwh3bo7vArkgo9vS-NVMnslw4MJm7pGOVtfUIGHe2p8gN8Tc5WrpdfS5xXjmXAW95oqJUgAFIwYfqaDp2ujXlqsd1dhIzSZtaBA1o6sdDPzMsurL49C56QU9h2Vcjl-1XwQLOMqFd8_b4FQJ0VkWZYsqzdAyh_dDSihmlYfmG0pkzwuVyrcOclpZSrgR0Z0XeGv654BeXqaGPQiufaaLXu1fTX6nuPM8n6T5-Z_7nU-tIX7Kal_eYfThZmp3Ky39KMWCWEIvmkT-gyS9FptYKpvg-ppshDqebEDuzu8uJmg9AmRJkAacrmGw-CF2-FhLLETXls8eh30XrKVqMP2Lq1ouoEp7HAD3yq5-bv2UxSv2idXAhUa_1NDN-4Wt_3qWQ_eFptA7VPz1yTN_kosr0srmu-SthXESh5xHsqVLjbh2m77-TLOXMj_JvEsBbJq49jW4EdPej1w2QGQ0zFMSSoWEoB2ARcL6qvVYfJ2RN4uj5L-0Njzba8uS6oiS3saqRJ1PFBAysIPyR0f8YoPAWbzetymUhx5Hi1WsH88OP7fWI_rKm8y6fGgb8-RU3KJN0jfi_yH8NxnFXISfgIaRKRqTPwJb5JYNDLb7PEcRwcp5GoYemzr6tU7Nz3bmTiAnwi0iMo5j95JrGVzBnhwIecdBwQ7XwRmkOQHIb38GOxRBri7HTY0ICgp4R5RaG5bL2qULvIII2WGhu4yF6o6_RvzNhvu2iCKFxbVNdwz3tuqytE4vKeokVTibJFhP0qZv7J8WCbSGqDTCMyzj4ezfhuQEFGKyrb3luaTe-7JMcHzlJoAi-Qr0AM0co36tamTvBLzpt9kW6j0b_4S8mZHKc9BxwTUjbLUWDYtSe7ZDZCMJtzJpF3Pvzv6ypVgd_ltF1KlubaLjg6LCF8zeMFpfOOJbAoVNAXM0qVvcpzvpdULTpJ8a7SZMiFmd2fBDYjGeU8NXAGxBvdPsfnrd4GIxyoD5zkLDJIB7s3Q31b7YbqQ3QHl4TcyvrZjhstUUsFliQzdjHbhaFqOolg5A8Yz-icWIBaZXNbcx-xzMZiCeQLCLuo0K-RiPXe1wWQF7UvnJKia1YfNy3PH-5ktxQEKEHOfwp0-UEZVJ1bWipMRTEP1SG-YJaLfDrb1jJ868OIX6wL8zr7j2vzg0Rj40izp5LffBhTSQ_2s7J63TR18VfkfPATKnbd9hhmzUIGGK83T6jyahLygMXLzUAP8aE-w49PH15wEM82pcQs/https://www.amazon.com/dp/B0H73MWL57/?_encoding=UTF8&pd_rd_i=B0H73MWL57&ref_=sbx_be_s_sparkle_ssd_tt&qid=&pd_rd_w=LIsV4&content-id=amzn1.sym.a04e4fb4-f62c-4d4b-abaf-1e21aceb9e50%3Aamzn1.sym.a04e4fb4-f62c-4d4b-abaf-1e21aceb9e50&pf_rd_p=a04e4fb4-f62c-4d4b-abaf-1e21aceb9e50&pf_rd_r=7P7JBBBEG3QZC60XQYDT&pd_rd_wg=40j4E&pd_rd_r=c268ab85-d62d-4941-b939-66f7d21e0629&pd_rd_plhdr=t
2026-09-01 03:48:57 | INFO     | scraper.http_client | GET https://aax-us-east-retail-direct.amazon.com/x/c/JJVBDyFJWqWkHUzWxSv2W3IAAAGgWgLDZQEAAAH2AQBvbm9fdHhuX2JpZDYgICBvbm9fdHhuX2ltcDEgICDNl5Zn/clv1c_ek-ABHXWbbbeXg4WYzrofx-3U0Dmar-Il1qjHUeEGMFINU9aPJhXta6e3GJAPKsb__TDtBWcdOFy8Bo8sapo_V6Iol9EyCBX0_vPCWLlWsUmiTBvY8hDguKT5J1sJvI62mKe99hn8QeJrrFvu2vU6sNwNZ2ZkH3Kk8FqRjur2mb3GesUDbqixQ4USpaUg1XKc-eFi4ZKFgHMjTSdhOjC_vy21vU9JmQcHs42ea32l6TBcMo1Ln08H2mvyGID5wfe3PlQlqAq-jZerlPldpRC9QGto3wY3XPVDUY0Ift1OkvxQNP8WPUCXEP8wgSsTfiSWkFYNZWQixs178-EyLxLrptUHsqH4fI3XMA1iw5TTFNria2buuk6r-_A70GseSwPJ7YYD2QBEf3l2DvaG3jUOJdcu2P-zBa7UP4W6NZwZGgmVjOfuac6mkqCrkH_hjwh3bo7vArkgo9vS-NVMnslw4MJm7pGOVtfUIGHe2p8gN8Tc5WrpdfS5xXjmXAW95oqJUgAFIwYfqaDp2ujXlqsd1dhIzSZtaBA1o6sdDPzMsurL49C56QU9h2Vcjl-1XwQLOMqFd8_b4FQJ0VkWZYsqzdAyh_dDSihmlYfmG0pkzwuVyrcOclpZSrgR0Z0XeGv654BeXqaGPQiufaaLXu1fTX6nuPM8n6T5-Z_7nU-tIX7Kal_eYfThZmp3Ky39KMWCWEIvmkT-gyS9FptYKpvg-ppshDqebEDuzu8uJmg9AmRJkAacrmGw-CF2-FhLLETXls8eh30XrKVqMP2Lq1ouoEp7HAD3yq5-bv2UxSv2idXAhUa_1NDN-4Wt_3qWQ_eFptA7VPz1yTN_kosr0srmu-SthXESh5xHsqVLjbh2m77-TLOXMj_JvEsBbJq49jW4EdPej1w2QGQ0zFMSSoWEoB2ARcL6qvVYfJ2RN4uj5L-0Njzba8uS6oiS3saqRJ1PFBAysIPyR0f8YoPAWbzetymUhx5Hi1WsH88OP7fWI_rKm8y6fGgb8-RU3KJN0jfi_yH8NxnFXISfgIaRKRqTPwJb5JYNDLb7PEcRwcp5GoYemzr6tU7Nz3bmTiAnwi0iMo5j95JrGVzBnhwIecdBwQ7XwRmkOQHIb38GOxRBri7HTY0ICgp4R5RaG5bL2qULvIII2WGhu4yF6o6_RvzNhvu2iCKFxbVNdwz3tuqytE4vKeokVTibJFhP0qZv7J8WCbSGqDTCMyzj4ezfhuQEFGKyrb3luaTe-7JMcHzlJoAi-Qr0AM0co36tamTvBLzpt9kW6j0b_4S8mZHKc9BxwTUjbLUWDYtSe7ZDZCMJtzJpF3Pvzv6ypVgd_ltF1KlubaLjg6LCF8zeMFpfOOJbAoVNAXM0qVvcpzvpdULTpJ8a7SZMiFmd2fBDYjGeU8NXAGxBvdPsfnrd4GIxyoD5zkLDJIB7s3Q31b7YbqQ3QHl4TcyvrZjhstUUsFliQzdjHbhaFqOolg5A8Yz-icWIBaZXNbcx-xzMZiCeQLCLuo0K-RiPXe1wWQF7UvnJKia1YfNy3PH-5ktxQEKEHOfwp0-UEZVJ1bWipMRTEP1SG-YJaLfDrb1jJ868OIX6wL8zr7j2vzg0Rj40izp5LffBhTSQ_2s7J63TR18VfkfPATKnbd9hhmzUIGGK83T6jyahLygMXLzUAP8aE-w49PH15wEM82pcQs/https://www.amazon.com/dp/B0H73MWL57/?_encoding=UTF8&pd_rd_i=B0H73MWL57&ref_=sbx_be_s_sparkle_ssd_img&qid=&pd_rd_w=LIsV4&content-id=amzn1.sym.a04e4fb4-f62c-4d4b-abaf-1e21aceb9e50%3Aamzn1.sym.a04e4fb4-f62c-4d4b-abaf-1e21aceb9e50&pf_rd_p=a04e4fb4-f62c-4d4b-abaf-1e21aceb9e50&pf_rd_r=7P7JBBBEG3QZC60XQYDT&pd_rd_wg=40j4E&pd_rd_r=c268ab85-d62d-4941-b939-66f7d21e0629&pd_rd_plhdr=t
2026-09-01 03:49:01 | INFO     | scraper.http_client | GET https://aax-us-east-retail-direct.amazon.com/x/c/JJVBDyFJWqWkHUzWxSv2W3IAAAGgWgLDZQEAAAH2AQBvbm9fdHhuX2JpZDYgICBvbm9fdHhuX2ltcDEgICDNl5Zn/clv1c_ek-ABHXWbbbeXg4WYzrofx-3U0Dmar-Il1qjHUeEGMFINU9aPJhXta6e3GJAPKsb__TDtBWcdOFy8Bo8sapo_V6Iol9EyCBX0_vPCWLlWsUmiTBvY8hDguKT5J1sJvI62mKe99hn8QeJrrFvu2vU6sNwNZ2ZkH3Kk8FqRjur2mb3GesUDbqixQ4USpaUg1XKc-eFi4ZKFgHMjTSdhOjC_vy21vU9JmQcHs42ea32l6TBcMo1Ln08H2mvyGID5wfe3PlQlqAq-jZerlPldpRC9QGto3wY3XPVDUY0Ift1OkvxQNP8WPUCXEP8wgSsTfiSWkFYNZWQixs178-EyLxLrptUHsqH4fI3XMA1iw5TTFNria2buuk6r-_A70GseSwPJ7YYD2QBEf3l2DvaG3jUOJdcu2P-zBa7UP4W6NZwZGgmVjOfuac6mkqCrkH_hjwh3bo7vArkgo9vS-NVMnslw4MJm7pGOVtfUIGHe2p8gN8Tc5WrpdfS5xXjmXAW95oqJUgAFIwYfqaDp2ujXlqsd1dhIzSZtaBA1o6sdDPzMsurL49C56QU9h2Vcjl-1XwQLOMqFd8_b4FQJ0VkWZYsqzdAyh_dDSihmlYfmG0pkzwuVyrcOclpZSrgR0Z0XeGv654BeXqaGPQiufaaLXu1fTX6nuPM8n6T5-Z_7nU-tIX7Kal_eYfThZmp3Ky39KMWCWEIvmkT-gyS9FptYKpvg-ppshDqebEDuzu8uJmg9AmRJkAacrmGw-CF2-FhLLETXls8eh30XrKVqMP2Lq1ouoEp7HAD3yq5-bv2UxSv2idXAhUa_1NDN-4Wt_3qWQ_eFptA7VPz1yTN_kosr0srmu-SthXESh5xHsqVLjbh2m77-TLOXMj_JvEsBbJq49jW4EdPej1w2QGQ0zFMSSoWEoB2ARcL6qvVYfJ2RN4uj5L-0Njzba8uS6oiS3saqRJ1PFBAysIPyR0f8YoPAWbzetymUhx5Hi1WsH88OP7fWI_rKm8y6fGgb8-RU3KJN0jfi_yH8NxnFXISfgIaRKRqTPwJb5JYNDLb7PEcRwcp5GoYemzr6tU7Nz3bmTiAnwi0iMo5j95JrGVzBnhwIecdBwQ7XwRmkOQHIb38GOxRBri7HTY0ICgp4R5RaG5bL2qULvIII2WGhu4yF6o6_RvzNhvu2iCKFxbVNdwz3tuqytE4vKeokVTibJFhP0qZv7J8WCbSGqDTCMyzj4ezfhuQEFGKyrb3luaTe-7JMcHzlJoAi-Qr0AM0co36tamTvBLzpt9kW6j0b_4S8mZHKc9BxwTUjbLUWDYtSe7ZDZCMJtzJpF3Pvzv6ypVgd_ltF1KlubaLjg6LCF8zeMFpfOOJbAoVNAXM0qVvcpzvpdULTpJ8a7SZMiFmd2fBDYjGeU8NXAGxBvdPsfnrd4GIxyoD5zkLDJIB7s3Q31b7YbqQ3QHl4TcyvrZjhstUUsFliQzdjHbhaFqOolg5A8Yz-icWIBaZXNbcx-xzMZiCeQLCLuo0K-RiPXe1wWQF7UvnJKia1YfNy3PH-5ktxQEKEHOfwp0-UEZVJ1bWipMRTEP1SG-YJaLfDrb1jJ868OIX6wL8zr7j2vzg0Rj40izp5LffBhTSQ_2s7J63TR18VfkfPATKnbd9hhmzUIGGK83T6jyahLygMXLzUAP8aE-w49PH15wEM82pcQs/https://www.amazon.com/dp/B0H73MWL57/?_encoding=UTF8&_encoding=UTF8&pd_rd_i=B0H73MWL57&ref_=sbv_search_btf&ref_=sbx_be_s_sparkle_ssd_vid&qid=&pd_rd_w=LIsV4&content-id=amzn1.sym.a04e4fb4-f62c-4d4b-abaf-1e21aceb9e50%3Aamzn1.sym.a04e4fb4-f62c-4d4b-abaf-1e21aceb9e50&pf_rd_p=a04e4fb4-f62c-4d4b-abaf-1e21aceb9e50&pf_rd_r=7P7JBBBEG3QZC60XQYDT&pd_rd_wg=40j4E&pd_rd_r=c268ab85-d62d-4941-b939-66f7d21e0629
2026-09-01 03:49:04 | INFO     | scraper.http_client | GET https://www.amazon.com/RUNOLIM-Cancelling-Headphones-Wireless-Bluetooth/dp/B0GYXZ6RBT/ref=sr_1_64?adgrpid=164469006602&dib=eyJ2IjoiMSJ9.i7T5ZXdcKhOIx5F-45JM15zRf6mPIKdaReRRkaRvIT_jf2cVEurRjHVWn0DkYZHUpFZYoEcvWkEz0v7nPEqoumejqWbCVK7RT6FbPMwFRrSr0hNhbUlw1VcN0EkE82YU1w7HyHGMFkvthLlDX6dhCPJMJtSJRL04cakcBzbdzNpJVDIlTA0ibOhn1GYEXXQHq4RPGzoF40XR6HwmEdTV-BI4A4eqmvbwBA1Q12kLLGQ.z5AL2UylLEImo0yjgDwE7tgzpOvIfI3d1WjDaUTqyGg&dib_tag=se&hvadid=700586678785&hvdev=c&hvlocphy=9195804&hvnetw=g&hvqmt=b&hvrand=8754586290412050616&hvtargid=kwd-295324530136&hydadcr=8911_13540123&keywords=dual+mode+headphones&mcid=c8a6f557a6fd3cc2b55c015f01c94de7&qid=1788216528&sr=8-64&xpid=Ikybfd9YthLyw
2026-09-01 03:49:07 | INFO     | scraper.http_client | GET https://www.amazon.com/TOZO-HT3-Cancelling-Headphones-Bluetooth/dp/B0GF21Y6XX/ref=cs_sr_dp_loc_6?adgrpid=164469006602&dib=eyJ2IjoiMSJ9.oMFZReg_4Tb_-vlvFhHDHc79tOXQqlAUhyMi2dzfBoFa1E7lQpTw4CVwevwJ37iXt2QExw1tB1-XCPuVcm6X1HbC2zB_Vp_Go3CZ5CEvTlXEPq4zB5UIwG9_lyKK1FXH_SiIeonnrHrotACx2Tf9AFK_px1wNxg2WolAu9SonIAydds2qCIyI7iVaQLtbRHX3Cv3j3RYnXq-pupvm3erNct7B5Ey2vkMcXA2wJ6K-ts.gvbdeDbujOkstNl8aSXzXqHiMvTBnhresY4kQnAOEdg&dib_tag=se&hvadid=700586678785&hvdev=c&hvlocphy=9195804&hvnetw=g&hvqmt=b&hvrand=8754586290412050616&hvtargid=kwd-295324530136&hydadcr=8911_13540123&keywords=dual+mode+headphones&mcid=c8a6f557a6fd3cc2b55c015f01c94de7&qid=1788216519&sr=8-13
2026-09-01 03:49:10 | INFO     | scraper.http_client | GET https://www.amazon.com/PSIER-Conduction-Headphones-Swimming-Waterproof/dp/B0CBMQQXTR/ref=cs_sr_dp_loc_2?adgrpid=164469006602&dib=eyJ2IjoiMSJ9.i7T5ZXdcKhOIx5F-45JM15zRf6mPIKdaReRRkaRvIT_jf2cVEurRjHVWn0DkYZHUpFZYoEcvWkEz0v7nPEqoumejqWbCVK7RT6FbPMwFRrSr0hNhbUlw1VcN0EkE82YU1w7HyHGMFkvthLlDX6dhCPJMJtSJRL04cakcBzbdzNpJVDIlTA0ibOhn1GYEXXQHq4RPGzoF40XR6HwmEdTV-BI4A4eqmvbwBA1Q12kLLGQ.z5AL2UylLEImo0yjgDwE7tgzpOvIfI3d1WjDaUTqyGg&dib_tag=se&hvadid=700586678785&hvdev=c&hvlocphy=9195804&hvnetw=g&hvqmt=b&hvrand=8754586290412050616&hvtargid=kwd-295324530136&hydadcr=8911_13540123&keywords=dual+mode+headphones&mcid=c8a6f557a6fd3cc2b55c015f01c94de7&qid=1788216528&sr=8-52&xpid=Ikybfd9YthLyw
2026-09-01 03:49:13 | INFO     | scraper.http_client | GET https://www.amazon.com/COSMUSIS-Cancelling-Microphone-Headphones-Detachable/dp/B0DKF4ZC47/ref=cs_sr_dp_loc_3?adgrpid=164469006602&dib=eyJ2IjoiMSJ9.Hs6fgafbi1RKxunmFvHXILC0HVPx3c9hWbvx8xBcUo1qNoAQOAhO2Z-r0N9xDoDjxSwOOmpmRcM7vHX-RVUoAQh21CSQeO7vRNTwC3aiXmPtvUuDiNKDV2U5hLqsth4_v7JgX1Ma_QZrRJvR7dq8TSCVdCPyK4CkHQcHcCv3XNfoGObZaTHyx1pjITHh7v56Oloq1u2h2KSMP410GEfcZs76zGrQREvdyAV7UlD_XSY.P3po1REJrH0oFz8UwZICpqvoxPSzD4lOdoHu5pUHxYs&dib_tag=se&hvadid=700586678785&hvdev=c&hvlocphy=9195804&hvnetw=g&hvqmt=b&hvrand=8754586290412050616&hvtargid=kwd-295324530136&hydadcr=8911_13540123&keywords=dual+mode+headphones&mcid=c8a6f557a6fd3cc2b55c015f01c94de7&qid=1788216523&sr=8-20&xpid=Ikybfd9YthLyw
2026-09-01 03:49:17 | INFO     | scraper.http_client | GET https://www.amazon.com/gp/offer-listing/B0H6S59TTT/ref=sr_1_67_olp?hvlocphy=9195804&hvnetw=g&mcid=c8a6f557a6fd3cc2b55c015f01c94de7&keywords=dual+mode+headphones&hvadid=700586678785&xpid=Ikybfd9YthLyw&qid=1788216528&hydadcr=8911_13540123&dib_tag=se&hvdev=c&hvqmt=b&dib=eyJ2IjoiMSJ9.i7T5ZXdcKhOIx5F-45JM15zRf6mPIKdaReRRkaRvIT_jf2cVEurRjHVWn0DkYZHUpFZYoEcvWkEz0v7nPEqoumejqWbCVK7RT6FbPMwFRrSr0hNhbUlw1VcN0EkE82YU1w7HyHGMFkvthLlDX6dhCPJMJtSJRL04cakcBzbdzNpJVDIlTA0ibOhn1GYEXXQHq4RPGzoF40XR6HwmEdTV-BI4A4eqmvbwBA1Q12kLLGQ.z5AL2UylLEImo0yjgDwE7tgzpOvIfI3d1WjDaUTqyGg&hvtargid=kwd-295324530136&sr=8-67&adgrpid=164469006602&hvrand=8754586290412050616
2026-09-01 03:49:20 | INFO     | scraper.http_client | GET https://www.amazon.com/Bluetooth-Headphones-headphones-bluetooth-Callphones/dp/B0CNGY6RWK/ref=sr_1_26?adgrpid=164469006602&dib=eyJ2IjoiMSJ9.Hs6fgafbi1RKxunmFvHXILC0HVPx3c9hWbvx8xBcUo1qNoAQOAhO2Z-r0N9xDoDjxSwOOmpmRcM7vHX-RVUoAQh21CSQeO7vRNTwC3aiXmPtvUuDiNKDV2U5hLqsth4_v7JgX1Ma_QZrRJvR7dq8TSCVdCPyK4CkHQcHcCv3XNfoGObZaTHyx1pjITHh7v56Oloq1u2h2KSMP410GEfcZs76zGrQREvdyAV7UlD_XSY.P3po1REJrH0oFz8UwZICpqvoxPSzD4lOdoHu5pUHxYs&dib_tag=se&hvadid=700586678785&hvdev=c&hvlocphy=9195804&hvnetw=g&hvqmt=b&hvrand=8754586290412050616&hvtargid=kwd-295324530136&hydadcr=8911_13540123&keywords=dual+mode+headphones&mcid=c8a6f557a6fd3cc2b55c015f01c94de7&qid=1788216523&sr=8-26&xpid=Ikybfd9YthLyw#customerReviews
2026-09-01 03:49:23 | INFO     | scraper.http_client | GET https://www.amazon.com/Skullcandy-Headphones-Multi-Sensory-Cancelling-Microphone/dp/B0CPNY59RJ/ref=sr_1_37?adgrpid=164469006602&dib=eyJ2IjoiMSJ9.JzSI7GdAS-xLPnBEedVoIEBXP6DZppCt_S3FhMN8JKYJsxxq67nKOpGNtQ0tyjbilM0j0rIHRtHFu-GmnEQ9DDzq_w4Fbom0RydSgu_jslDRdSh9qfnTt1d1GUM2f7x4D058MaUmNrhqm36X3yUrHhjke2puToRcu0BWbMpMrrnFEDkOgRKYMD13uoIY1pAOwnQIzXvyf2UfSdGkvK0A-oRiScDd6rTJfkfcLFlwdi0.e05cV9TKuiC-wMCT4daY4Ruhf3JLZjms_r2EQRkd4C0&dib_tag=se&hvadid=700586678785&hvdev=c&hvlocphy=9195804&hvnetw=g&hvqmt=b&hvrand=8754586290412050616&hvtargid=kwd-295324530136&hydadcr=8911_13540123&keywords=dual+mode+headphones&mcid=c8a6f557a6fd3cc2b55c015f01c94de7&qid=1788216525&sr=8-37&xpid=Ikybfd9YthLyw#customerReviews
2026-09-01 03:49:26 | INFO     | scraper.http_client | GET https://www.amazon.com/Monster-Persona-6th-ANC-Cancelling/dp/B0H87L36PQ/ref=sr_1_42_so_HEADPHONES?adgrpid=164469006602&dib=eyJ2IjoiMSJ9.JzSI7GdAS-xLPnBEedVoIEBXP6DZppCt_S3FhMN8JKYJsxxq67nKOpGNtQ0tyjbilM0j0rIHRtHFu-GmnEQ9DDzq_w4Fbom0RydSgu_jslDRdSh9qfnTt1d1GUM2f7x4D058MaUmNrhqm36X3yUrHhjke2puToRcu0BWbMpMrrnFEDkOgRKYMD13uoIY1pAOwnQIzXvyf2UfSdGkvK0A-oRiScDd6rTJfkfcLFlwdi0.e05cV9TKuiC-wMCT4daY4Ruhf3JLZjms_r2EQRkd4C0&dib_tag=se&hvadid=700586678785&hvdev=c&hvlocphy=9195804&hvnetw=g&hvqmt=b&hvrand=8754586290412050616&hvtargid=kwd-295324530136&hydadcr=8911_13540123&keywords=dual+mode+headphones&mcid=c8a6f557a6fd3cc2b55c015f01c94de7&qid=1788216525&sr=8-42&xpid=Ikybfd9YthLyw
2026-09-01 03:49:29 | INFO     | scraper.http_client | GET https://www.amazon.com/TOZO-Cancelling-Wireless-Headphones-Headset/dp/B0GRXTK39J/ref=cs_sr_dp_loc_n?adgrpid=164469006602&dib=eyJ2IjoiMSJ9.Hs6fgafbi1RKxunmFvHXILC0HVPx3c9hWbvx8xBcUo1qNoAQOAhO2Z-r0N9xDoDjxSwOOmpmRcM7vHX-RVUoAQh21CSQeO7vRNTwC3aiXmPtvUuDiNKDV2U5hLqsth4_v7JgX1Ma_QZrRJvR7dq8TSCVdCPyK4CkHQcHcCv3XNfoGObZaTHyx1pjITHh7v56Oloq1u2h2KSMP410GEfcZs76zGrQREvdyAV7UlD_XSY.P3po1REJrH0oFz8UwZICpqvoxPSzD4lOdoHu5pUHxYs&dib_tag=se&hvadid=700586678785&hvdev=c&hvlocphy=9195804&hvnetw=g&hvqmt=b&hvrand=8754586290412050616&hvtargid=kwd-295324530136&hydadcr=8911_13540123&keywords=dual+mode+headphones&mcid=c8a6f557a6fd3cc2b55c015f01c94de7&qid=1788216523&sr=8-28&xpid=Ikybfd9YthLyw
2026-09-01 03:49:32 | INFO     | scraper.http_client | GET https://www.amazon.com/TALIX-Cancelling-Headphones-Playtime-Bluetooth/dp/B0GKG1S8BS/ref=cs_sr_dp_loc_1?adgrpid=164469006602&dib=eyJ2IjoiMSJ9.JzSI7GdAS-xLPnBEedVoIEBXP6DZppCt_S3FhMN8JKYJsxxq67nKOpGNtQ0tyjbilM0j0rIHRtHFu-GmnEQ9DDzq_w4Fbom0RydSgu_jslDRdSh9qfnTt1d1GUM2f7x4D058MaUmNrhqm36X3yUrHhjke2puToRcu0BWbMpMrrnFEDkOgRKYMD13uoIY1pAOwnQIzXvyf2UfSdGkvK0A-oRiScDd6rTJfkfcLFlwdi0.e05cV9TKuiC-wMCT4daY4Ruhf3JLZjms_r2EQRkd4C0&dib_tag=se&hvadid=700586678785&hvdev=c&hvlocphy=9195804&hvnetw=g&hvqmt=b&hvrand=8754586290412050616&hvtargid=kwd-295324530136&hydadcr=8911_13540123&keywords=dual+mode+headphones&mcid=c8a6f557a6fd3cc2b55c015f01c94de7&qid=1788216525&sr=8-50&xpid=Ikybfd9YthLyw
2026-09-01 03:49:35 | INFO     | scraper.http_client | GET https://www.amazon.com/gp/browse.html?node=388305011&ref_=footer_tfx
2026-09-01 03:49:36 | INFO     | scraper.http_client | GET https://www.amazon.com/Picun-Wireless-EarBluetooth-Headphone-Silver/dp/B0G5PQKPLZ/ref=cs_sr_dp_loc_2?adgrpid=164469006602&dib=eyJ2IjoiMSJ9.i7T5ZXdcKhOIx5F-45JM15zRf6mPIKdaReRRkaRvIT_jf2cVEurRjHVWn0DkYZHUpFZYoEcvWkEz0v7nPEqoumejqWbCVK7RT6FbPMwFRrSr0hNhbUlw1VcN0EkE82YU1w7HyHGMFkvthLlDX6dhCPJMJtSJRL04cakcBzbdzNpJVDIlTA0ibOhn1GYEXXQHq4RPGzoF40XR6HwmEdTV-BI4A4eqmvbwBA1Q12kLLGQ.z5AL2UylLEImo0yjgDwE7tgzpOvIfI3d1WjDaUTqyGg&dib_tag=se&hvadid=700586678785&hvdev=c&hvlocphy=9195804&hvnetw=g&hvqmt=b&hvrand=8754586290412050616&hvtargid=kwd-295324530136&hydadcr=8911_13540123&keywords=dual+mode+headphones&mcid=c8a6f557a6fd3cc2b55c015f01c94de7&qid=1788216528&sr=8-54&xpid=Ikybfd9YthLyw
2026-09-01 03:49:39 | INFO     | scraper.http_client | GET https://aax-us-east-retail-direct.amazon.com/x/c/JIc5U-o7Lvmd8ZL1Tv2c8WgAAAGgWgLOYwEAAAH2AQBvbm9fdHhuX2JpZDEgICBvbm9fdHhuX2ltcDIgICDFNQrK/clv1c_ek-wBAHWatbYHgcm5EX3z4E5q8F3XxnU-UUWiWmxCae2Kl3cqMM2nyA2QqlyniGAxxwDcd9CF2MTEn1VeUjp4N0MrGavZQwzkb_ZFQk4G8QyuhfaNLSt6bXJF_1ykvIxwRIzqhu233dwx9PXnZH96sFrGROfnJVqktZQj2aLTQUVKQ893sC-2knBiIpYxODr5s5t4wPA_mv6vQRd9Ulb_li73G87RVw308rSyEi8Cix4k990aAxuqcBppKD3hd8LlLj3MzJTueD2Zy9emGrEQ-Gzz6BkIJLtzwB_dOucSWmr8B5VZvoNrhhoaQQDlUT-kqAVb09pCTwQTlYEdj2sjxCXEHWDBdNoWboSmrTTt5sXegOn5Ltu9Ka7BMfYCPUFeO0SE4bvXkzH5MdoRLAQDtcIr63LK6MLidoK0jg9dHs3UVcpEfbRtyKEqbrDgJQRKCZlGqozBfE7lbouCy3HgKewYzfOjntUjXomLfNGpkG0lMFMYaufzALKh9DiVdLW-F6HVYM5PhxFpfLIIRxWvJ1vT6JFd0whzmCDiFTIgPkSCa1bfjTdOSuwqSgirATmhRolgj54Idz8gi-fDaMFAIQ9mXOrv-It4e3NLExPPcVBdh_-foqTBBAm9KDNJF_5rJMYLFb-uSaRmaU9XP2AzMzxTHmcXKu3CEdpV2HEwCBVAPLMr91VJXdnVigc9QSbicyAJriY9MmfSDDODcZXUdL3TI75rkQwY-8Cmha7GcARB0DtCDTsmtJvYzvgoqBiJb7L3U3tRdOnqqwdw2ASIrHKYd9Tqs41C3zYKTRtXPzc_alL9rsSQAEXoe1FNtLwj5CqrNKVw06vgbm4dlQXzFwW4_X_FEMjBoqGpYPz0gTi_iAIgDAfIpAp-qlJAaxv0uQ9HYDSL5NCFL3esycjoxoVprUIOs18MMUrScF8_KDLFUiuMyRLeaGUrqU-iz3YmUw4Fb1pv60QnoJdk7vqmY0xAj4BQ3RoALgQTBx9BUsFOErZ1uI2xPtgQ2xI9lQphJPl6Iz9q0nr7knkOBNbF6ZWeGON8BgquX44cvBDc9ZiJYDfPcqSnYq7ABWuyQZn5eTWpY9elAbFxzgSvhVYutFzueZxwLmvTIA4KJebQrEz-UVlD5YIaRyV2rMl-2R4FZsj7oXG8XbAFscWPq60q3g8rIzQl5EeJpRJ6uylRbnmKRYHCptBNxi3zFcN8MlboIjLz6E04q55Gf4Qk0SxnPL1FxC0v879xx2tj9N-OmQNCC2zRkVcduI3C3-ZyUSnl5jxcxuZCLCpaLsDFoNcMP1s3BOjn63lWLCK4L61oKjPxBJgcfdsNfSGLA40HIEWb9OYzFvB_AWuKXTrXvOeErv4udH8qMfIVkgKC80K_H7E6qXDsv0J6jZe0sofInfFjsxzg5vrrLWvi0uzpSH9WthVQG3x9v0FXCzB3dMhZ8VvYSwbHvEIDT3j9OmYvZVzKSg6GBnwesovBmIx6N2w3iPnBHhpiMxhg2ym6KrU09Gt525ojoQFvOkGBUBG3dkuu3bC4_ppNaVYB4YMhQmuJo_EcYkHKw4E3rBU-gHoovTI4FMtrS4SvKM7F2S54eaVm2LGPYOUGNe42JpunmI-3bKxd0HMIOSe6bXQ-rlZ0EUgS4V-c687XG4FVOT4wTIGiz9UMJst-Y8Odgk7iJiJXyKriV3sQNi3xT0b7ZYIl7RlnX8q-bfevb0ESOLqZ3o/https://www.amazon.com/dp/B09LYF2ST7/?_encoding=UTF8&pd_rd_i=B09LYF2ST7&ref_=sbx_be_s_sparkle_ssd_tt&qid=1788216528&pd_rd_w=lWfiz&content-id=amzn1.sym.902cd64e-66e2-437a-a8b0-12aa3b8852e5%3Aamzn1.sym.902cd64e-66e2-437a-a8b0-12aa3b8852e5&pf_rd_p=902cd64e-66e2-437a-a8b0-12aa3b8852e5&pf_rd_r=MJCSPHH49RBD7HZJQVHF&pd_rd_wg=CeT0t&pd_rd_r=d41c1d1a-aefe-48bd-8f25-befbbe902b63&pd_rd_plhdr=t
2026-09-01 03:49:42 | INFO     | scraper.http_client | GET https://www.amazon.com/havit-Cancelling-Headphones-Wireless-Bluetooth/dp/B0GKNFRMT2/ref=sr_1_24?adgrpid=164469006602&dib=eyJ2IjoiMSJ9.Hs6fgafbi1RKxunmFvHXILC0HVPx3c9hWbvx8xBcUo1qNoAQOAhO2Z-r0N9xDoDjxSwOOmpmRcM7vHX-RVUoAQh21CSQeO7vRNTwC3aiXmPtvUuDiNKDV2U5hLqsth4_v7JgX1Ma_QZrRJvR7dq8TSCVdCPyK4CkHQcHcCv3XNfoGObZaTHyx1pjITHh7v56Oloq1u2h2KSMP410GEfcZs76zGrQREvdyAV7UlD_XSY.P3po1REJrH0oFz8UwZICpqvoxPSzD4lOdoHu5pUHxYs&dib_tag=se&hvadid=700586678785&hvdev=c&hvlocphy=9195804&hvnetw=g&hvqmt=b&hvrand=8754586290412050616&hvtargid=kwd-295324530136&hydadcr=8911_13540123&keywords=dual+mode+headphones&mcid=c8a6f557a6fd3cc2b55c015f01c94de7&qid=1788216523&sr=8-24&xpid=Ikybfd9YthLyw
2026-09-01 03:49:45 | INFO     | scraper.http_client | GET https://www.amazon.com/TOZO-Cancelling-Wireless-Headphones-Headset/dp/B0CLVC9RX6/ref=cs_sr_dp_loc_3?adgrpid=164469006602&dib=eyJ2IjoiMSJ9.JzSI7GdAS-xLPnBEedVoIEBXP6DZppCt_S3FhMN8JKYJsxxq67nKOpGNtQ0tyjbilM0j0rIHRtHFu-GmnEQ9DDzq_w4Fbom0RydSgu_jslDRdSh9qfnTt1d1GUM2f7x4D058MaUmNrhqm36X3yUrHhjke2puToRcu0BWbMpMrrnFEDkOgRKYMD13uoIY1pAOwnQIzXvyf2UfSdGkvK0A-oRiScDd6rTJfkfcLFlwdi0.e05cV9TKuiC-wMCT4daY4Ruhf3JLZjms_r2EQRkd4C0&dib_tag=se&hvadid=700586678785&hvdev=c&hvlocphy=9195804&hvnetw=g&hvqmt=b&hvrand=8754586290412050616&hvtargid=kwd-295324530136&hydadcr=8911_13540123&keywords=dual+mode+headphones&mcid=c8a6f557a6fd3cc2b55c015f01c94de7&qid=1788216525&sr=8-49&xpid=Ikybfd9YthLyw
2026-09-01 03:49:48 | INFO     | scraper.http_client | GET https://www.amazon.com/gp/offer-listing/B0GRYCZR2L/ref=sr_1_49_olp?hvlocphy=9195804&hvnetw=g&mcid=c8a6f557a6fd3cc2b55c015f01c94de7&keywords=dual+mode+headphones&hvadid=700586678785&xpid=Ikybfd9YthLyw&qid=1788216525&hydadcr=8911_13540123&dib_tag=se&hvdev=c&hvqmt=b&dib=eyJ2IjoiMSJ9.JzSI7GdAS-xLPnBEedVoIEBXP6DZppCt_S3FhMN8JKYJsxxq67nKOpGNtQ0tyjbilM0j0rIHRtHFu-GmnEQ9DDzq_w4Fbom0RydSgu_jslDRdSh9qfnTt1d1GUM2f7x4D058MaUmNrhqm36X3yUrHhjke2puToRcu0BWbMpMrrnFEDkOgRKYMD13uoIY1pAOwnQIzXvyf2UfSdGkvK0A-oRiScDd6rTJfkfcLFlwdi0.e05cV9TKuiC-wMCT4daY4Ruhf3JLZjms_r2EQRkd4C0&hvtargid=kwd-295324530136&sr=8-49&adgrpid=164469006602&hvrand=8754586290412050616
2026-09-01 03:49:51 | INFO     | scraper.http_client | GET https://www.amazon.com/RUNOLIM-Cancelling-Headphones-Wireless-Bluetooth/dp/B0BR9PWNKQ/ref=cs_sr_dp_loc_5?adgrpid=164469006602&dib=eyJ2IjoiMSJ9.i7T5ZXdcKhOIx5F-45JM15zRf6mPIKdaReRRkaRvIT_jf2cVEurRjHVWn0DkYZHUpFZYoEcvWkEz0v7nPEqoumejqWbCVK7RT6FbPMwFRrSr0hNhbUlw1VcN0EkE82YU1w7HyHGMFkvthLlDX6dhCPJMJtSJRL04cakcBzbdzNpJVDIlTA0ibOhn1GYEXXQHq4RPGzoF40XR6HwmEdTV-BI4A4eqmvbwBA1Q12kLLGQ.z5AL2UylLEImo0yjgDwE7tgzpOvIfI3d1WjDaUTqyGg&dib_tag=se&hvadid=700586678785&hvdev=c&hvlocphy=9195804&hvnetw=g&hvqmt=b&hvrand=8754586290412050616&hvtargid=kwd-295324530136&hydadcr=8911_13540123&keywords=dual+mode+headphones&mcid=c8a6f557a6fd3cc2b55c015f01c94de7&qid=1788216528&sr=8-64&xpid=Ikybfd9YthLyw
2026-09-01 03:49:54 | INFO     | scraper.http_client | GET https://www.amazon.com/gp/digital/fiona/manage?ref_=footer_myk
2026-09-01 03:49:55 | INFO     | scraper.http_client | GET https://www.amazon.com/TOZO-HT3-Cancelling-Headphones-Bluetooth/dp/B0CLVC9RX6/ref=cs_sr_dp_loc_4?adgrpid=164469006602&dib=eyJ2IjoiMSJ9.oMFZReg_4Tb_-vlvFhHDHc79tOXQqlAUhyMi2dzfBoFa1E7lQpTw4CVwevwJ37iXt2QExw1tB1-XCPuVcm6X1HbC2zB_Vp_Go3CZ5CEvTlXEPq4zB5UIwG9_lyKK1FXH_SiIeonnrHrotACx2Tf9AFK_px1wNxg2WolAu9SonIAydds2qCIyI7iVaQLtbRHX3Cv3j3RYnXq-pupvm3erNct7B5Ey2vkMcXA2wJ6K-ts.gvbdeDbujOkstNl8aSXzXqHiMvTBnhresY4kQnAOEdg&dib_tag=se&hvadid=700586678785&hvdev=c&hvlocphy=9195804&hvnetw=g&hvqmt=b&hvrand=8754586290412050616&hvtargid=kwd-295324530136&hydadcr=8911_13540123&keywords=dual+mode+headphones&mcid=c8a6f557a6fd3cc2b55c015f01c94de7&qid=1788216519&sr=8-13
2026-09-01 03:49:58 | INFO     | scraper.http_client | GET https://www.amazon.com/Cancelling-Headphones-Wireless-Bluetooth-Battery/dp/B0GTPYH872/ref=sr_1_25?adgrpid=164469006602&dib=eyJ2IjoiMSJ9.Hs6fgafbi1RKxunmFvHXILC0HVPx3c9hWbvx8xBcUo1qNoAQOAhO2Z-r0N9xDoDjxSwOOmpmRcM7vHX-RVUoAQh21CSQeO7vRNTwC3aiXmPtvUuDiNKDV2U5hLqsth4_v7JgX1Ma_QZrRJvR7dq8TSCVdCPyK4CkHQcHcCv3XNfoGObZaTHyx1pjITHh7v56Oloq1u2h2KSMP410GEfcZs76zGrQREvdyAV7UlD_XSY.P3po1REJrH0oFz8UwZICpqvoxPSzD4lOdoHu5pUHxYs&dib_tag=se&hvadid=700586678785&hvdev=c&hvlocphy=9195804&hvnetw=g&hvqmt=b&hvrand=8754586290412050616&hvtargid=kwd-295324530136&hydadcr=8911_13540123&keywords=dual+mode+headphones&mcid=c8a6f557a6fd3cc2b55c015f01c94de7&qid=1788216523&sr=8-25&xpid=Ikybfd9YthLyw
2026-09-01 03:50:01 | INFO     | scraper.http_client | GET https://www.amazon.com/Collapsible-Wireless-Headphones-Stereo-Speakers/dp/B0DM34493F/ref=sr_1_62?adgrpid=164469006602&dib=eyJ2IjoiMSJ9.i7T5ZXdcKhOIx5F-45JM15zRf6mPIKdaReRRkaRvIT_jf2cVEurRjHVWn0DkYZHUpFZYoEcvWkEz0v7nPEqoumejqWbCVK7RT6FbPMwFRrSr0hNhbUlw1VcN0EkE82YU1w7HyHGMFkvthLlDX6dhCPJMJtSJRL04cakcBzbdzNpJVDIlTA0ibOhn1GYEXXQHq4RPGzoF40XR6HwmEdTV-BI4A4eqmvbwBA1Q12kLLGQ.z5AL2UylLEImo0yjgDwE7tgzpOvIfI3d1WjDaUTqyGg&dib_tag=se&hvadid=700586678785&hvdev=c&hvlocphy=9195804&hvnetw=g&hvqmt=b&hvrand=8754586290412050616&hvtargid=kwd-295324530136&hydadcr=8911_13540123&keywords=dual+mode+headphones&mcid=c8a6f557a6fd3cc2b55c015f01c94de7&qid=1788216528&sr=8-62&xpid=Ikybfd9YthLyw#customerReviews
2026-09-01 03:50:03 | INFO     | scraper.http_client | GET https://www.amazon.com/Nothing-Headphone-Cancelling-Headphones-KEF-Tuned/dp/B0F1Z88FBT/ref=cs_sr_dp_loc_2?adgrpid=164469006602&dib=eyJ2IjoiMSJ9.oMFZReg_4Tb_-vlvFhHDHc79tOXQqlAUhyMi2dzfBoFa1E7lQpTw4CVwevwJ37iXt2QExw1tB1-XCPuVcm6X1HbC2zB_Vp_Go3CZ5CEvTlXEPq4zB5UIwG9_lyKK1FXH_SiIeonnrHrotACx2Tf9AFK_px1wNxg2WolAu9SonIAydds2qCIyI7iVaQLtbRHX3Cv3j3RYnXq-pupvm3erNct7B5Ey2vkMcXA2wJ6K-ts.gvbdeDbujOkstNl8aSXzXqHiMvTBnhresY4kQnAOEdg&dib_tag=se&hvadid=700586678785&hvdev=c&hvlocphy=9195804&hvnetw=g&hvqmt=b&hvrand=8754586290412050616&hvtargid=kwd-295324530136&hydadcr=8911_13540123&keywords=dual+mode+headphones&mcid=c8a6f557a6fd3cc2b55c015f01c94de7&qid=1788216519&sr=8-15
2026-09-01 03:50:06 | INFO     | scraper.http_client | GET https://www.amazon.com/Skullcandy-Headphones-Multi-Sensory-Cancelling-Microphone/dp/B0G39X5N25/ref=cs_sr_dp_loc_6?adgrpid=164469006602&dib=eyJ2IjoiMSJ9.JzSI7GdAS-xLPnBEedVoIEBXP6DZppCt_S3FhMN8JKYJsxxq67nKOpGNtQ0tyjbilM0j0rIHRtHFu-GmnEQ9DDzq_w4Fbom0RydSgu_jslDRdSh9qfnTt1d1GUM2f7x4D058MaUmNrhqm36X3yUrHhjke2puToRcu0BWbMpMrrnFEDkOgRKYMD13uoIY1pAOwnQIzXvyf2UfSdGkvK0A-oRiScDd6rTJfkfcLFlwdi0.e05cV9TKuiC-wMCT4daY4Ruhf3JLZjms_r2EQRkd4C0&dib_tag=se&hvadid=700586678785&hvdev=c&hvlocphy=9195804&hvnetw=g&hvqmt=b&hvrand=8754586290412050616&hvtargid=kwd-295324530136&hydadcr=8911_13540123&keywords=dual+mode+headphones&mcid=c8a6f557a6fd3cc2b55c015f01c94de7&qid=1788216525&sr=8-37&xpid=Ikybfd9YthLyw
2026-09-01 03:50:09 | INFO     | scraper.http_client | GET https://www.amazon.com/TOZO-HT3-Cancelling-Headphones-Bluetooth/dp/B0GF24C8KP/ref=sr_1_13?adgrpid=164469006602&dib=eyJ2IjoiMSJ9.oMFZReg_4Tb_-vlvFhHDHc79tOXQqlAUhyMi2dzfBoFa1E7lQpTw4CVwevwJ37iXt2QExw1tB1-XCPuVcm6X1HbC2zB_Vp_Go3CZ5CEvTlXEPq4zB5UIwG9_lyKK1FXH_SiIeonnrHrotACx2Tf9AFK_px1wNxg2WolAu9SonIAydds2qCIyI7iVaQLtbRHX3Cv3j3RYnXq-pupvm3erNct7B5Ey2vkMcXA2wJ6K-ts.gvbdeDbujOkstNl8aSXzXqHiMvTBnhresY4kQnAOEdg&dib_tag=se&hvadid=700586678785&hvdev=c&hvlocphy=9195804&hvnetw=g&hvqmt=b&hvrand=8754586290412050616&hvtargid=kwd-295324530136&hydadcr=8911_13540123&keywords=dual+mode+headphones&mcid=c8a6f557a6fd3cc2b55c015f01c94de7&qid=1788216519&sr=8-13#customerReviews
2026-09-01 03:50:11 | INFO     | scraper.http_client | GET https://www.amazon.com/TOZO-Cancelling-Wireless-Headphones-Headset/dp/B0GF21Y6XX/ref=cs_sr_dp_loc_6?adgrpid=164469006602&dib=eyJ2IjoiMSJ9.JzSI7GdAS-xLPnBEedVoIEBXP6DZppCt_S3FhMN8JKYJsxxq67nKOpGNtQ0tyjbilM0j0rIHRtHFu-GmnEQ9DDzq_w4Fbom0RydSgu_jslDRdSh9qfnTt1d1GUM2f7x4D058MaUmNrhqm36X3yUrHhjke2puToRcu0BWbMpMrrnFEDkOgRKYMD13uoIY1pAOwnQIzXvyf2UfSdGkvK0A-oRiScDd6rTJfkfcLFlwdi0.e05cV9TKuiC-wMCT4daY4Ruhf3JLZjms_r2EQRkd4C0&dib_tag=se&hvadid=700586678785&hvdev=c&hvlocphy=9195804&hvnetw=g&hvqmt=b&hvrand=8754586290412050616&hvtargid=kwd-295324530136&hydadcr=8911_13540123&keywords=dual+mode+headphones&mcid=c8a6f557a6fd3cc2b55c015f01c94de7&qid=1788216525&sr=8-49&xpid=Ikybfd9YthLyw
2026-09-01 03:50:15 | INFO     | scraper.http_client | GET https://www.amazon.com/TOZO-HT3-Cancelling-Headphones-Bluetooth/dp/B0GRYCZR2L/ref=cs_sr_dp_loc_2?adgrpid=164469006602&dib=eyJ2IjoiMSJ9.oMFZReg_4Tb_-vlvFhHDHc79tOXQqlAUhyMi2dzfBoFa1E7lQpTw4CVwevwJ37iXt2QExw1tB1-XCPuVcm6X1HbC2zB_Vp_Go3CZ5CEvTlXEPq4zB5UIwG9_lyKK1FXH_SiIeonnrHrotACx2Tf9AFK_px1wNxg2WolAu9SonIAydds2qCIyI7iVaQLtbRHX3Cv3j3RYnXq-pupvm3erNct7B5Ey2vkMcXA2wJ6K-ts.gvbdeDbujOkstNl8aSXzXqHiMvTBnhresY4kQnAOEdg&dib_tag=se&hvadid=700586678785&hvdev=c&hvlocphy=9195804&hvnetw=g&hvqmt=b&hvrand=8754586290412050616&hvtargid=kwd-295324530136&hydadcr=8911_13540123&keywords=dual+mode+headphones&mcid=c8a6f557a6fd3cc2b55c015f01c94de7&qid=1788216519&sr=8-13
2026-09-01 03:50:17 | INFO     | scraper.http_client | GET https://www.amazon.com/Skullcandy-Bluetooth-Headphones-Multi-Sensory-Microphone/dp/B08FCGH2RL/ref=cs_sr_dp_loc_1?adgrpid=164469006602&dib=eyJ2IjoiMSJ9.oMFZReg_4Tb_-vlvFhHDHc79tOXQqlAUhyMi2dzfBoFa1E7lQpTw4CVwevwJ37iXt2QExw1tB1-XCPuVcm6X1HbC2zB_Vp_Go3CZ5CEvTlXEPq4zB5UIwG9_lyKK1FXH_SiIeonnrHrotACx2Tf9AFK_px1wNxg2WolAu9SonIAydds2qCIyI7iVaQLtbRHX3Cv3j3RYnXq-pupvm3erNct7B5Ey2vkMcXA2wJ6K-ts.gvbdeDbujOkstNl8aSXzXqHiMvTBnhresY4kQnAOEdg&dib_tag=se&hvadid=700586678785&hvdev=c&hvlocphy=9195804&hvnetw=g&hvqmt=b&hvrand=8754586290412050616&hvtargid=kwd-295324530136&hydadcr=8911_13540123&keywords=dual+mode+headphones&mcid=c8a6f557a6fd3cc2b55c015f01c94de7&qid=1788216519&sr=8-12
2026-09-01 03:50:20 | INFO     | scraper.http_client | GET https://www.amazon.com/Bluetooth-Headphones-Earphones-Detachable-Cancelling/dp/B0B4VXHBNP/ref=sr_1_29?adgrpid=164469006602&dib=eyJ2IjoiMSJ9.Hs6fgafbi1RKxunmFvHXILC0HVPx3c9hWbvx8xBcUo1qNoAQOAhO2Z-r0N9xDoDjxSwOOmpmRcM7vHX-RVUoAQh21CSQeO7vRNTwC3aiXmPtvUuDiNKDV2U5hLqsth4_v7JgX1Ma_QZrRJvR7dq8TSCVdCPyK4CkHQcHcCv3XNfoGObZaTHyx1pjITHh7v56Oloq1u2h2KSMP410GEfcZs76zGrQREvdyAV7UlD_XSY.P3po1REJrH0oFz8UwZICpqvoxPSzD4lOdoHu5pUHxYs&dib_tag=se&hvadid=700586678785&hvdev=c&hvlocphy=9195804&hvnetw=g&hvqmt=b&hvrand=8754586290412050616&hvtargid=kwd-295324530136&hydadcr=8911_13540123&keywords=dual+mode+headphones&mcid=c8a6f557a6fd3cc2b55c015f01c94de7&qid=1788216523&sr=8-29&xpid=Ikybfd9YthLyw#customerReviews
2026-09-01 03:50:23 | INFO     | scraper.http_client | GET https://www.amazon.com/PSIER-Conduction-Headphones-Swimming-Waterproof/dp/B0D174WZ4S/ref=cs_sr_dp_loc_5?adgrpid=164469006602&dib=eyJ2IjoiMSJ9.i7T5ZXdcKhOIx5F-45JM15zRf6mPIKdaReRRkaRvIT_jf2cVEurRjHVWn0DkYZHUpFZYoEcvWkEz0v7nPEqoumejqWbCVK7RT6FbPMwFRrSr0hNhbUlw1VcN0EkE82YU1w7HyHGMFkvthLlDX6dhCPJMJtSJRL04cakcBzbdzNpJVDIlTA0ibOhn1GYEXXQHq4RPGzoF40XR6HwmEdTV-BI4A4eqmvbwBA1Q12kLLGQ.z5AL2UylLEImo0yjgDwE7tgzpOvIfI3d1WjDaUTqyGg&dib_tag=se&hvadid=700586678785&hvdev=c&hvlocphy=9195804&hvnetw=g&hvqmt=b&hvrand=8754586290412050616&hvtargid=kwd-295324530136&hydadcr=8911_13540123&keywords=dual+mode+headphones&mcid=c8a6f557a6fd3cc2b55c015f01c94de7&qid=1788216528&sr=8-52&xpid=Ikybfd9YthLyw
2026-09-01 03:50:26 | INFO     | scraper.http_client | GET https://www.amazon.com/UGREEN-Bluetooth-Ger%C3%A4uschunterdr%C3%BCckung-R%C3%A4umlichen-Verbindung/dp/B0CWV5LG6M/ref=sr_1_10_so_HEADPHONES?adgrpid=164469006602&dib=eyJ2IjoiMSJ9.oMFZReg_4Tb_-vlvFhHDHc79tOXQqlAUhyMi2dzfBoFa1E7lQpTw4CVwevwJ37iXt2QExw1tB1-XCPuVcm6X1HbC2zB_Vp_Go3CZ5CEvTlXEPq4zB5UIwG9_lyKK1FXH_SiIeonnrHrotACx2Tf9AFK_px1wNxg2WolAu9SonIAydds2qCIyI7iVaQLtbRHX3Cv3j3RYnXq-pupvm3erNct7B5Ey2vkMcXA2wJ6K-ts.gvbdeDbujOkstNl8aSXzXqHiMvTBnhresY4kQnAOEdg&dib_tag=se&hvadid=700586678785&hvdev=c&hvlocphy=9195804&hvnetw=g&hvqmt=b&hvrand=8754586290412050616&hvtargid=kwd-295324530136&hydadcr=8911_13540123&keywords=dual+mode+headphones&mcid=c8a6f557a6fd3cc2b55c015f01c94de7&qid=1788216519&sr=8-10
2026-09-01 03:50:29 | INFO     | scraper.http_client | GET https://www.amazon.com/YUMONDEAR-Bluetooth-Headphones-Playtime-Wireless/dp/B0D59R8FDB/ref=sr_1_31?adgrpid=164469006602&dib=eyJ2IjoiMSJ9.Hs6fgafbi1RKxunmFvHXILC0HVPx3c9hWbvx8xBcUo1qNoAQOAhO2Z-r0N9xDoDjxSwOOmpmRcM7vHX-RVUoAQh21CSQeO7vRNTwC3aiXmPtvUuDiNKDV2U5hLqsth4_v7JgX1Ma_QZrRJvR7dq8TSCVdCPyK4CkHQcHcCv3XNfoGObZaTHyx1pjITHh7v56Oloq1u2h2KSMP410GEfcZs76zGrQREvdyAV7UlD_XSY.P3po1REJrH0oFz8UwZICpqvoxPSzD4lOdoHu5pUHxYs&dib_tag=se&hvadid=700586678785&hvdev=c&hvlocphy=9195804&hvnetw=g&hvqmt=b&hvrand=8754586290412050616&hvtargid=kwd-295324530136&hydadcr=8911_13540123&keywords=dual+mode+headphones&mcid=c8a6f557a6fd3cc2b55c015f01c94de7&qid=1788216523&sr=8-31&xpid=Ikybfd9YthLyw
2026-09-01 03:50:32 | INFO     | scraper.http_client | GET https://www.amazon.com/Wireless-Noise-Cancelling-Headphones-Playtime/dp/B0H6Y2VZ2B/ref=sr_1_41?adgrpid=164469006602&dib=eyJ2IjoiMSJ9.JzSI7GdAS-xLPnBEedVoIEBXP6DZppCt_S3FhMN8JKYJsxxq67nKOpGNtQ0tyjbilM0j0rIHRtHFu-GmnEQ9DDzq_w4Fbom0RydSgu_jslDRdSh9qfnTt1d1GUM2f7x4D058MaUmNrhqm36X3yUrHhjke2puToRcu0BWbMpMrrnFEDkOgRKYMD13uoIY1pAOwnQIzXvyf2UfSdGkvK0A-oRiScDd6rTJfkfcLFlwdi0.e05cV9TKuiC-wMCT4daY4Ruhf3JLZjms_r2EQRkd4C0&dib_tag=se&hvadid=700586678785&hvdev=c&hvlocphy=9195804&hvnetw=g&hvqmt=b&hvrand=8754586290412050616&hvtargid=kwd-295324530136&hydadcr=8911_13540123&keywords=dual+mode+headphones&mcid=c8a6f557a6fd3cc2b55c015f01c94de7&qid=1788216525&sr=8-41&xpid=Ikybfd9YthLyw#customerReviews
2026-09-01 03:50:35 | INFO     | scraper.http_client | GET https://www.amazon.com/Hybrid-Cancelling-Bluetooth-Headphones-Wireless/dp/B0H69T4WFM/ref=sr_1_21?adgrpid=164469006602&dib=eyJ2IjoiMSJ9.Hs6fgafbi1RKxunmFvHXILC0HVPx3c9hWbvx8xBcUo1qNoAQOAhO2Z-r0N9xDoDjxSwOOmpmRcM7vHX-RVUoAQh21CSQeO7vRNTwC3aiXmPtvUuDiNKDV2U5hLqsth4_v7JgX1Ma_QZrRJvR7dq8TSCVdCPyK4CkHQcHcCv3XNfoGObZaTHyx1pjITHh7v56Oloq1u2h2KSMP410GEfcZs76zGrQREvdyAV7UlD_XSY.P3po1REJrH0oFz8UwZICpqvoxPSzD4lOdoHu5pUHxYs&dib_tag=se&hvadid=700586678785&hvdev=c&hvlocphy=9195804&hvnetw=g&hvqmt=b&hvrand=8754586290412050616&hvtargid=kwd-295324530136&hydadcr=8911_13540123&keywords=dual+mode+headphones&mcid=c8a6f557a6fd3cc2b55c015f01c94de7&qid=1788216523&sr=8-21&xpid=Ikybfd9YthLyw
2026-09-01 03:50:37 | INFO     | scraper.http_client | GET https://www.amazon.com/YUMONDEAR-Bluetooth-Headphones-Playtime-Wireless/dp/B0D59XGZTN/ref=cs_sr_dp_loc_4?adgrpid=164469006602&dib=eyJ2IjoiMSJ9.Hs6fgafbi1RKxunmFvHXILC0HVPx3c9hWbvx8xBcUo1qNoAQOAhO2Z-r0N9xDoDjxSwOOmpmRcM7vHX-RVUoAQh21CSQeO7vRNTwC3aiXmPtvUuDiNKDV2U5hLqsth4_v7JgX1Ma_QZrRJvR7dq8TSCVdCPyK4CkHQcHcCv3XNfoGObZaTHyx1pjITHh7v56Oloq1u2h2KSMP410GEfcZs76zGrQREvdyAV7UlD_XSY.P3po1REJrH0oFz8UwZICpqvoxPSzD4lOdoHu5pUHxYs&dib_tag=se&hvadid=700586678785&hvdev=c&hvlocphy=9195804&hvnetw=g&hvqmt=b&hvrand=8754586290412050616&hvtargid=kwd-295324530136&hydadcr=8911_13540123&keywords=dual+mode+headphones&mcid=c8a6f557a6fd3cc2b55c015f01c94de7&qid=1788216523&sr=8-31&xpid=Ikybfd9YthLyw
2026-09-01 03:50:40 | INFO     | scraper.http_client | GET https://aax-us-east-retail-direct.amazon.com/x/c/JIc5U-o7Lvmd8ZL1Tv2c8WgAAAGgWgLOYwEAAAH2AQBvbm9fdHhuX2JpZDEgICBvbm9fdHhuX2ltcDIgICDFNQrK/clv1c_ek-wBAHWatbYHgcm5EX3z4E5q8F3XxnU-UUWiWmxCae2Kl3cqMM2nyA2QqlyniGAxxwDcd9CF2MTEn1VeUjp4N0MrGavZQwzkb_ZFQk4G8QyuhfaNLSt6bXJF_1ykvIxwRIzqhu233dwx9PXnZH96sFrGROfnJVqktZQj2aLTQUVKQ893sC-2knBiIpYxODr5s5t4wPA_mv6vQRd9Ulb_li73G87RVw308rSyEi8Cix4k990aAxuqcBppKD3hd8LlLj3MzJTueD2Zy9emGrEQ-Gzz6BkIJLtzwB_dOucSWmr8B5VZvoNrhhoaQQDlUT-kqAVb09pCTwQTlYEdj2sjxCXEHWDBdNoWboSmrTTt5sXegOn5Ltu9Ka7BMfYCPUFeO0SE4bvXkzH5MdoRLAQDtcIr63LK6MLidoK0jg9dHs3UVcpEfbRtyKEqbrDgJQRKCZlGqozBfE7lbouCy3HgKewYzfOjntUjXomLfNGpkG0lMFMYaufzALKh9DiVdLW-F6HVYM5PhxFpfLIIRxWvJ1vT6JFd0whzmCDiFTIgPkSCa1bfjTdOSuwqSgirATmhRolgj54Idz8gi-fDaMFAIQ9mXOrv-It4e3NLExPPcVBdh_-foqTBBAm9KDNJF_5rJMYLFb-uSaRmaU9XP2AzMzxTHmcXKu3CEdpV2HEwCBVAPLMr91VJXdnVigc9QSbicyAJriY9MmfSDDODcZXUdL3TI75rkQwY-8Cmha7GcARB0DtCDTsmtJvYzvgoqBiJb7L3U3tRdOnqqwdw2ASIrHKYd9Tqs41C3zYKTRtXPzc_alL9rsSQAEXoe1FNtLwj5CqrNKVw06vgbm4dlQXzFwW4_X_FEMjBoqGpYPz0gTi_iAIgDAfIpAp-qlJAaxv0uQ9HYDSL5NCFL3esycjoxoVprUIOs18MMUrScF8_KDLFUiuMyRLeaGUrqU-iz3YmUw4Fb1pv60QnoJdk7vqmY0xAj4BQ3RoALgQTBx9BUsFOErZ1uI2xPtgQ2xI9lQphJPl6Iz9q0nr7knkOBNbF6ZWeGON8BgquX44cvBDc9ZiJYDfPcqSnYq7ABWuyQZn5eTWpY9elAbFxzgSvhVYutFzueZxwLmvTIA4KJebQrEz-UVlD5YIaRyV2rMl-2R4FZsj7oXG8XbAFscWPq60q3g8rIzQl5EeJpRJ6uylRbnmKRYHCptBNxi3zFcN8MlboIjLz6E04q55Gf4Qk0SxnPL1FxC0v879xx2tj9N-OmQNCC2zRkVcduI3C3-ZyUSnl5jxcxuZCLCpaLsDFoNcMP1s3BOjn63lWLCK4L61oKjPxBJgcfdsNfSGLA40HIEWb9OYzFvB_AWuKXTrXvOeErv4udH8qMfIVkgKC80K_H7E6qXDsv0J6jZe0sofInfFjsxzg5vrrLWvi0uzpSH9WthVQG3x9v0FXCzB3dMhZ8VvYSwbHvEIDT3j9OmYvZVzKSg6GBnwesovBmIx6N2w3iPnBHhpiMxhg2ym6KrU09Gt525ojoQFvOkGBUBG3dkuu3bC4_ppNaVYB4YMhQmuJo_EcYkHKw4E3rBU-gHoovTI4FMtrS4SvKM7F2S54eaVm2LGPYOUGNe42JpunmI-3bKxd0HMIOSe6bXQ-rlZ0EUgS4V-c687XG4FVOT4wTIGiz9UMJst-Y8Odgk7iJiJXyKriV3sQNi3xT0b7ZYIl7RlnX8q-bfevb0ESOLqZ3o/https://www.amazon.com/dp/B09LYF2ST7/?_encoding=UTF8&pd_rd_i=B09LYF2ST7&ref_=sbx_be_s_sparkle_ssd_img&qid=1788216528&pd_rd_w=lWfiz&content-id=amzn1.sym.902cd64e-66e2-437a-a8b0-12aa3b8852e5%3Aamzn1.sym.902cd64e-66e2-437a-a8b0-12aa3b8852e5&pf_rd_p=902cd64e-66e2-437a-a8b0-12aa3b8852e5&pf_rd_r=MJCSPHH49RBD7HZJQVHF&pd_rd_wg=CeT0t&pd_rd_r=d41c1d1a-aefe-48bd-8f25-befbbe902b63&pd_rd_plhdr=t
2026-09-01 03:50:43 | INFO     | scraper.http_client | GET https://www.amazon.com/TOZO-Cancelling-Wireless-Headphones-Headset/dp/B0GRXTK39J/ref=sr_1_28?adgrpid=164469006602&dib=eyJ2IjoiMSJ9.Hs6fgafbi1RKxunmFvHXILC0HVPx3c9hWbvx8xBcUo1qNoAQOAhO2Z-r0N9xDoDjxSwOOmpmRcM7vHX-RVUoAQh21CSQeO7vRNTwC3aiXmPtvUuDiNKDV2U5hLqsth4_v7JgX1Ma_QZrRJvR7dq8TSCVdCPyK4CkHQcHcCv3XNfoGObZaTHyx1pjITHh7v56Oloq1u2h2KSMP410GEfcZs76zGrQREvdyAV7UlD_XSY.P3po1REJrH0oFz8UwZICpqvoxPSzD4lOdoHu5pUHxYs&dib_tag=se&hvadid=700586678785&hvdev=c&hvlocphy=9195804&hvnetw=g&hvqmt=b&hvrand=8754586290412050616&hvtargid=kwd-295324530136&hydadcr=8911_13540123&keywords=dual+mode+headphones&mcid=c8a6f557a6fd3cc2b55c015f01c94de7&qid=1788216523&sr=8-28&xpid=Ikybfd9YthLyw
2026-09-01 03:50:46 | INFO     | scraper.http_client | GET https://www.amazon.com/Bluetooth-Over-Ear-Headphones-Foldable-Prolonged/dp/B07K5214NZ/ref=cs_sr_dp_loc_1?adgrpid=164469006602&dib=eyJ2IjoiMSJ9.JzSI7GdAS-xLPnBEedVoIEBXP6DZppCt_S3FhMN8JKYJsxxq67nKOpGNtQ0tyjbilM0j0rIHRtHFu-GmnEQ9DDzq_w4Fbom0RydSgu_jslDRdSh9qfnTt1d1GUM2f7x4D058MaUmNrhqm36X3yUrHhjke2puToRcu0BWbMpMrrnFEDkOgRKYMD13uoIY1pAOwnQIzXvyf2UfSdGkvK0A-oRiScDd6rTJfkfcLFlwdi0.e05cV9TKuiC-wMCT4daY4Ruhf3JLZjms_r2EQRkd4C0&dib_tag=se&hvadid=700586678785&hvdev=c&hvlocphy=9195804&hvnetw=g&hvqmt=b&hvrand=8754586290412050616&hvtargid=kwd-295324530136&hydadcr=8911_13540123&keywords=dual+mode+headphones&mcid=c8a6f557a6fd3cc2b55c015f01c94de7&qid=1788216525&sr=8-35&xpid=Ikybfd9YthLyw
2026-09-01 03:50:49 | INFO     | scraper.http_client | GET https://www.amazon.com/soundcore-Cancelling-Headphones-Bluetooth-Transparency/dp/B0C3HCD34R/ref=sr_1_3?adgrpid=164469006602&dib=eyJ2IjoiMSJ9.oMFZReg_4Tb_-vlvFhHDHc79tOXQqlAUhyMi2dzfBoFa1E7lQpTw4CVwevwJ37iXt2QExw1tB1-XCPuVcm6X1HbC2zB_Vp_Go3CZ5CEvTlXEPq4zB5UIwG9_lyKK1FXH_SiIeonnrHrotACx2Tf9AFK_px1wNxg2WolAu9SonIAydds2qCIyI7iVaQLtbRHX3Cv3j3RYnXq-pupvm3erNct7B5Ey2vkMcXA2wJ6K-ts.gvbdeDbujOkstNl8aSXzXqHiMvTBnhresY4kQnAOEdg&dib_tag=se&hvadid=700586678785&hvdev=c&hvlocphy=9195804&hvnetw=g&hvqmt=b&hvrand=8754586290412050616&hvtargid=kwd-295324530136&hydadcr=8911_13540123&keywords=dual+mode+headphones&mcid=c8a6f557a6fd3cc2b55c015f01c94de7&qid=1788216519&sr=8-3#customerReviews
2026-09-01 03:50:52 | INFO     | scraper.http_client | GET https://www.amazon.com/Bluetooth-Headphones-Earphones-Detachable-Cancelling/dp/B0B4VXHBNP/ref=sr_1_29?adgrpid=164469006602&dib=eyJ2IjoiMSJ9.Hs6fgafbi1RKxunmFvHXILC0HVPx3c9hWbvx8xBcUo1qNoAQOAhO2Z-r0N9xDoDjxSwOOmpmRcM7vHX-RVUoAQh21CSQeO7vRNTwC3aiXmPtvUuDiNKDV2U5hLqsth4_v7JgX1Ma_QZrRJvR7dq8TSCVdCPyK4CkHQcHcCv3XNfoGObZaTHyx1pjITHh7v56Oloq1u2h2KSMP410GEfcZs76zGrQREvdyAV7UlD_XSY.P3po1REJrH0oFz8UwZICpqvoxPSzD4lOdoHu5pUHxYs&dib_tag=se&hvadid=700586678785&hvdev=c&hvlocphy=9195804&hvnetw=g&hvqmt=b&hvrand=8754586290412050616&hvtargid=kwd-295324530136&hydadcr=8911_13540123&keywords=dual+mode+headphones&mcid=c8a6f557a6fd3cc2b55c015f01c94de7&qid=1788216523&sr=8-29&xpid=Ikybfd9YthLyw
2026-09-01 03:50:55 | INFO     | scraper.http_client | GET https://aax-us-east-retail-direct.amazon.com/x/c/JD79U1ifFjUDb6W0UuknZrQAAAGgWgK7QQEAAAH2AQBvbm9fdHhuX2JpZDEgICBvbm9fdHhuX2ltcDIgICC1IdSG/clv1c_ek-wBPfTJUjb7g6LIQnEpxN0yopWokIQHCKVLK9UmMntLxVQurWHa2RXRlB4obN3fYvh3DWjF3szklXqmaA6nATCTIWqWkm7zgY5aHg5h2AuTzEtysigTnDtv_WU53MRBzmbgydaDkmEkemtN3x3QLmd-VmUikXrnuSwzzM6wN5_eGkBD6ANTMwaqrIO6T_FyhRbLL92J6ijx_Hp12mC8veRD_9_MWr_Bc_CL24f84XJv8JVL-0GgkNvHR6zXkW62pZz-csMtQgp71VNll6zuDNR_SzlbmrFyz9KVUfhkMNaItS_P8UGBfTEd-PSkuS79tJf2th_VZMQ2EseDzjI9mO8qnjnV7qud0523VRl-uUj1q4mQ5RuEFbiULKqro2TZwl75Mz7MgPnFzOEP7KmX1LAcVnhtM0Cvap_1Ph9DKDCzD7RkbMuMKLMGGJxDDDoz-ST_sbr8Ra7tABR13zMCX_PJhoiGFSstZ65wnMT4Z6BMF7QdiCby050Si-NG5jcetVsCwKSjw-0vxKQx2_yxx8XeXriORQsgNZXEUwq9SRuMfsBzuXx5_MHJsjgyRWay1pbrdZVbUMedVLuuXrF6MSfr3N08fSpG8wsozRPCChFA-WGY0HnlnZ1rEDpvqH1HHpou2SDe5OwsU9d00ij2T_PqYnVExA9HVRM_K8WGL-Qj4E00dMRlfnY7oKOl0MYir_YpBigt6zbAoce0IJPkmcDcvYELvvA3QNoVHIC8_9gSN5dTZWQkwGQqoKV6zMQzonUy6r-v44xi175P4-4_QHFgAq1wZC75Zdxl6y0xqV0u25EZLHIybCJ_Ti11aRLZVd94yY6xFK67jwDEUwZOhG2LHfMETdcI0hgIT5LP7852p4zz79A9FceMW7NorlpIkKKAeXyLWHZuaGmOQeV1wxPe-uHRuM4V8gC6fhHEVTb17Zi44JEwiI3seTvIV3R8A5YYQsVPaFQiFI00hHtlNo8dYOrdlMh81NJFT8Bf7ckgvBj1oeVGQn_kJfVvzVH6smZN2EM2Dp0y9QUj3_6ieVr4XjIoetqyEgkcWysjuoB73uizBKIVPKfAtXRsZCoewvOIqWozN7k8T0jebO1TjRbtuKAwYmrXqCDvyhsJTwjpmdFJFoJQ594CFOsmot0rR_cW6lHQxp-W_ubpaqLIljOZQxqRSZAQ5jVyty_FnIuYb-Ow3GjEtfrrJLjemzloQKFFiDJRG7XG2263ebaa9YosbEjRJuLjXtBGDZ6NHmHKWFZx9TShWNjKPJ_RrRcdlGKwL1LcorTFtIZJNsV65YPRxXjhOwcySmAnhKh4nMGjiURmtyBRgSFn6eGrxVjkUhFQEU4HZs3obymzRRA3-uQBj483--0M2sl0vI2kVG0VnJL-PUMqvys1mTkpR7Efi5xvm3t7UUg7tCaAPE5kUgmn3JkHDMtXtSIk5kZQhaG-fgOKBwgDDTPjz52gPQhqagqgBwQYtVV-BpHX2Wsa3sR-J42YBKHUnWMvlJvdJorY1uLLkBIsgvEUNq2ZIQ0G_OvkdTUV3xmmH5t_1WY9bV54pJAIf-P_FFAmzNOlVTa5hidJn-0fnD4LZSnQBA4lnYuxn_teTNhSGM3ELoXDXrjkIKkWTkKLQOGUuD7Dat8b8JwoRnTh4JPScM9CSqZh36dxnpSBG4hwW0TER1_WNqECBVYy8rvPGm5kI0t15i4dDbi3Q/https://www.amazon.com/dp/B0CPNYF89X/?_encoding=UTF8&pd_rd_i=B0CPNYF89X&ref_=sbx_be_s_sparkle_ssd_rev&qid=&pd_rd_w=cvr5N&content-id=amzn1.sym.a04e4fb4-f62c-4d4b-abaf-1e21aceb9e50%3Aamzn1.sym.a04e4fb4-f62c-4d4b-abaf-1e21aceb9e50&pf_rd_p=a04e4fb4-f62c-4d4b-abaf-1e21aceb9e50&pf_rd_r=JV17X7X45ZD5VX8H4KZW&pd_rd_wg=KoRhH&pd_rd_r=67c61f1d-7675-49c9-86e3-2f9e47b51892&pd_rd_plhdr=t
2026-09-01 03:50:58 | INFO     | scraper.http_client | GET https://www.amazon.com/Bluetooth-Headphones-Colorful-Lightweight-Classroom/dp/B0BX2Y41WP/ref=sr_1_58?adgrpid=164469006602&dib=eyJ2IjoiMSJ9.i7T5ZXdcKhOIx5F-45JM15zRf6mPIKdaReRRkaRvIT_jf2cVEurRjHVWn0DkYZHUpFZYoEcvWkEz0v7nPEqoumejqWbCVK7RT6FbPMwFRrSr0hNhbUlw1VcN0EkE82YU1w7HyHGMFkvthLlDX6dhCPJMJtSJRL04cakcBzbdzNpJVDIlTA0ibOhn1GYEXXQHq4RPGzoF40XR6HwmEdTV-BI4A4eqmvbwBA1Q12kLLGQ.z5AL2UylLEImo0yjgDwE7tgzpOvIfI3d1WjDaUTqyGg&dib_tag=se&hvadid=700586678785&hvdev=c&hvlocphy=9195804&hvnetw=g&hvqmt=b&hvrand=8754586290412050616&hvtargid=kwd-295324530136&hydadcr=8911_13540123&keywords=dual+mode+headphones&mcid=c8a6f557a6fd3cc2b55c015f01c94de7&qid=1788216528&sr=8-58&xpid=Ikybfd9YthLyw#customerReviews
2026-09-01 03:51:01 | INFO     | scraper.http_client | GET https://www.amazon.com/TOZO-HT3-Cancelling-Headphones-Bluetooth/dp/B0H1C2VJBJ/ref=cs_sr_dp_loc_5?adgrpid=164469006602&dib=eyJ2IjoiMSJ9.oMFZReg_4Tb_-vlvFhHDHc79tOXQqlAUhyMi2dzfBoFa1E7lQpTw4CVwevwJ37iXt2QExw1tB1-XCPuVcm6X1HbC2zB_Vp_Go3CZ5CEvTlXEPq4zB5UIwG9_lyKK1FXH_SiIeonnrHrotACx2Tf9AFK_px1wNxg2WolAu9SonIAydds2qCIyI7iVaQLtbRHX3Cv3j3RYnXq-pupvm3erNct7B5Ey2vkMcXA2wJ6K-ts.gvbdeDbujOkstNl8aSXzXqHiMvTBnhresY4kQnAOEdg&dib_tag=se&hvadid=700586678785&hvdev=c&hvlocphy=9195804&hvnetw=g&hvqmt=b&hvrand=8754586290412050616&hvtargid=kwd-295324530136&hydadcr=8911_13540123&keywords=dual+mode+headphones&mcid=c8a6f557a6fd3cc2b55c015f01c94de7&qid=1788216519&sr=8-13
2026-09-01 03:51:04 | INFO     | scraper.http_client | GET https://www.amazon.com/UKELALA-U2B-Headphones-Microphone-Lightweight/dp/B0GKP4PZ5Q/ref=cs_sr_dp_loc_3?adgrpid=164469006602&dib=eyJ2IjoiMSJ9.Hs6fgafbi1RKxunmFvHXILC0HVPx3c9hWbvx8xBcUo1qNoAQOAhO2Z-r0N9xDoDjxSwOOmpmRcM7vHX-RVUoAQh21CSQeO7vRNTwC3aiXmPtvUuDiNKDV2U5hLqsth4_v7JgX1Ma_QZrRJvR7dq8TSCVdCPyK4CkHQcHcCv3XNfoGObZaTHyx1pjITHh7v56Oloq1u2h2KSMP410GEfcZs76zGrQREvdyAV7UlD_XSY.P3po1REJrH0oFz8UwZICpqvoxPSzD4lOdoHu5pUHxYs&dib_tag=se&hvadid=700586678785&hvdev=c&hvlocphy=9195804&hvnetw=g&hvqmt=b&hvrand=8754586290412050616&hvtargid=kwd-295324530136&hydadcr=8911_13540123&keywords=dual+mode+headphones&mcid=c8a6f557a6fd3cc2b55c015f01c94de7&qid=1788216523&sr=8-18&xpid=Ikybfd9YthLyw
2026-09-01 03:51:06 | INFO     | scraper.http_client | GET https://www.amazon.com/Skullcandy-Headphones-Multi-Sensory-Cancelling-Microphone/dp/B0CPNY59RJ/ref=cs_sr_dp_loc_n?adgrpid=164469006602&dib=eyJ2IjoiMSJ9.JzSI7GdAS-xLPnBEedVoIEBXP6DZppCt_S3FhMN8JKYJsxxq67nKOpGNtQ0tyjbilM0j0rIHRtHFu-GmnEQ9DDzq_w4Fbom0RydSgu_jslDRdSh9qfnTt1d1GUM2f7x4D058MaUmNrhqm36X3yUrHhjke2puToRcu0BWbMpMrrnFEDkOgRKYMD13uoIY1pAOwnQIzXvyf2UfSdGkvK0A-oRiScDd6rTJfkfcLFlwdi0.e05cV9TKuiC-wMCT4daY4Ruhf3JLZjms_r2EQRkd4C0&dib_tag=se&hvadid=700586678785&hvdev=c&hvlocphy=9195804&hvnetw=g&hvqmt=b&hvrand=8754586290412050616&hvtargid=kwd-295324530136&hydadcr=8911_13540123&keywords=dual+mode+headphones&mcid=c8a6f557a6fd3cc2b55c015f01c94de7&qid=1788216525&sr=8-37&xpid=Ikybfd9YthLyw
2026-09-01 03:51:09 | INFO     | scraper.http_client | GET https://www.amazon.com/gp/help/customer/accessibility
2026-09-01 03:51:10 | INFO     | scraper.http_client | GET https://www.amazon.com/Boean-Cancelling-Headphones-Bluetooth-Transparency/dp/B0HCNKBPDJ/ref=sr_1_2?adgrpid=164469006602&dib=eyJ2IjoiMSJ9.oMFZReg_4Tb_-vlvFhHDHc79tOXQqlAUhyMi2dzfBoFa1E7lQpTw4CVwevwJ37iXt2QExw1tB1-XCPuVcm6X1HbC2zB_Vp_Go3CZ5CEvTlXEPq4zB5UIwG9_lyKK1FXH_SiIeonnrHrotACx2Tf9AFK_px1wNxg2WolAu9SonIAydds2qCIyI7iVaQLtbRHX3Cv3j3RYnXq-pupvm3erNct7B5Ey2vkMcXA2wJ6K-ts.gvbdeDbujOkstNl8aSXzXqHiMvTBnhresY4kQnAOEdg&dib_tag=se&hvadid=700586678785&hvdev=c&hvlocphy=9195804&hvnetw=g&hvqmt=b&hvrand=8754586290412050616&hvtargid=kwd-295324530136&hydadcr=8911_13540123&keywords=dual+mode+headphones&mcid=c8a6f557a6fd3cc2b55c015f01c94de7&qid=1788216519&sr=8-2
2026-09-01 03:51:13 | INFO     | scraper.http_client | GET https://www.amazon.com/MHTEC-Bluetooth-Headphones-Headphone-Microphone/dp/B0F63QSWVD/ref=cs_sr_dp_loc_1?adgrpid=164469006602&dib=eyJ2IjoiMSJ9.Hs6fgafbi1RKxunmFvHXILC0HVPx3c9hWbvx8xBcUo1qNoAQOAhO2Z-r0N9xDoDjxSwOOmpmRcM7vHX-RVUoAQh21CSQeO7vRNTwC3aiXmPtvUuDiNKDV2U5hLqsth4_v7JgX1Ma_QZrRJvR7dq8TSCVdCPyK4CkHQcHcCv3XNfoGObZaTHyx1pjITHh7v56Oloq1u2h2KSMP410GEfcZs76zGrQREvdyAV7UlD_XSY.P3po1REJrH0oFz8UwZICpqvoxPSzD4lOdoHu5pUHxYs&dib_tag=se&hvadid=700586678785&hvdev=c&hvlocphy=9195804&hvnetw=g&hvqmt=b&hvrand=8754586290412050616&hvtargid=kwd-295324530136&hydadcr=8911_13540123&keywords=dual+mode+headphones&mcid=c8a6f557a6fd3cc2b55c015f01c94de7&qid=1788216523&sr=8-17&xpid=Ikybfd9YthLyw
2026-09-01 03:51:16 | INFO     | scraper.http_client | GET https://www.amazon.com/LORELEI-B-C6-Headphones-Lightweight-Microphone/dp/B0CGV9X3VH/ref=cs_sr_dp_loc_4?adgrpid=164469006602&dib=eyJ2IjoiMSJ9.JzSI7GdAS-xLPnBEedVoIEBXP6DZppCt_S3FhMN8JKYJsxxq67nKOpGNtQ0tyjbilM0j0rIHRtHFu-GmnEQ9DDzq_w4Fbom0RydSgu_jslDRdSh9qfnTt1d1GUM2f7x4D058MaUmNrhqm36X3yUrHhjke2puToRcu0BWbMpMrrnFEDkOgRKYMD13uoIY1pAOwnQIzXvyf2UfSdGkvK0A-oRiScDd6rTJfkfcLFlwdi0.e05cV9TKuiC-wMCT4daY4Ruhf3JLZjms_r2EQRkd4C0&dib_tag=se&hvadid=700586678785&hvdev=c&hvlocphy=9195804&hvnetw=g&hvqmt=b&hvrand=8754586290412050616&hvtargid=kwd-295324530136&hydadcr=8911_13540123&keywords=dual+mode+headphones&mcid=c8a6f557a6fd3cc2b55c015f01c94de7&qid=1788216525&sr=8-44&xpid=Ikybfd9YthLyw
2026-09-01 03:51:19 | INFO     | scraper.http_client | GET https://aax-us-east-retail-direct.amazon.com/x/c/JIc5U-o7Lvmd8ZL1Tv2c8WgAAAGgWgLOYwEAAAH2AQBvbm9fdHhuX2JpZDEgICBvbm9fdHhuX2ltcDIgICDFNQrK/clv1c_ek-wBAHWatbYHgcm5EX3z4E5q8F3XxnU-UUWiWmxCae2Kl3cqMM2nyA2QqlyniGAxxwDcd9CF2MTEn1VeUjp4N0MrGavZQwzkb_ZFQk4G8QyuhfaNLSt6bXJF_1ykvIxwRIzqhu233dwx9PXnZH96sFrGROfnJVqktZQj2aLTQUVKQ893sC-2knBiIpYxODr5s5t4wPA_mv6vQRd9Ulb_li73G87RVw308rSyEi8Cix4k990aAxuqcBppKD3hd8LlLj3MzJTueD2Zy9emGrEQ-Gzz6BkIJLtzwB_dOucSWmr8B5VZvoNrhhoaQQDlUT-kqAVb09pCTwQTlYEdj2sjxCXEHWDBdNoWboSmrTTt5sXegOn5Ltu9Ka7BMfYCPUFeO0SE4bvXkzH5MdoRLAQDtcIr63LK6MLidoK0jg9dHs3UVcpEfbRtyKEqbrDgJQRKCZlGqozBfE7lbouCy3HgKewYzfOjntUjXomLfNGpkG0lMFMYaufzALKh9DiVdLW-F6HVYM5PhxFpfLIIRxWvJ1vT6JFd0whzmCDiFTIgPkSCa1bfjTdOSuwqSgirATmhRolgj54Idz8gi-fDaMFAIQ9mXOrv-It4e3NLExPPcVBdh_-foqTBBAm9KDNJF_5rJMYLFb-uSaRmaU9XP2AzMzxTHmcXKu3CEdpV2HEwCBVAPLMr91VJXdnVigc9QSbicyAJriY9MmfSDDODcZXUdL3TI75rkQwY-8Cmha7GcARB0DtCDTsmtJvYzvgoqBiJb7L3U3tRdOnqqwdw2ASIrHKYd9Tqs41C3zYKTRtXPzc_alL9rsSQAEXoe1FNtLwj5CqrNKVw06vgbm4dlQXzFwW4_X_FEMjBoqGpYPz0gTi_iAIgDAfIpAp-qlJAaxv0uQ9HYDSL5NCFL3esycjoxoVprUIOs18MMUrScF8_KDLFUiuMyRLeaGUrqU-iz3YmUw4Fb1pv60QnoJdk7vqmY0xAj4BQ3RoALgQTBx9BUsFOErZ1uI2xPtgQ2xI9lQphJPl6Iz9q0nr7knkOBNbF6ZWeGON8BgquX44cvBDc9ZiJYDfPcqSnYq7ABWuyQZn5eTWpY9elAbFxzgSvhVYutFzueZxwLmvTIA4KJebQrEz-UVlD5YIaRyV2rMl-2R4FZsj7oXG8XbAFscWPq60q3g8rIzQl5EeJpRJ6uylRbnmKRYHCptBNxi3zFcN8MlboIjLz6E04q55Gf4Qk0SxnPL1FxC0v879xx2tj9N-OmQNCC2zRkVcduI3C3-ZyUSnl5jxcxuZCLCpaLsDFoNcMP1s3BOjn63lWLCK4L61oKjPxBJgcfdsNfSGLA40HIEWb9OYzFvB_AWuKXTrXvOeErv4udH8qMfIVkgKC80K_H7E6qXDsv0J6jZe0sofInfFjsxzg5vrrLWvi0uzpSH9WthVQG3x9v0FXCzB3dMhZ8VvYSwbHvEIDT3j9OmYvZVzKSg6GBnwesovBmIx6N2w3iPnBHhpiMxhg2ym6KrU09Gt525ojoQFvOkGBUBG3dkuu3bC4_ppNaVYB4YMhQmuJo_EcYkHKw4E3rBU-gHoovTI4FMtrS4SvKM7F2S54eaVm2LGPYOUGNe42JpunmI-3bKxd0HMIOSe6bXQ-rlZ0EUgS4V-c687XG4FVOT4wTIGiz9UMJst-Y8Odgk7iJiJXyKriV3sQNi3xT0b7ZYIl7RlnX8q-bfevb0ESOLqZ3o/https://www.amazon.com/dp/B09LYF2ST7/?_encoding=UTF8&pd_rd_i=B09LYF2ST7&ref_=sbx_be_s_sparkle_ssd_bkg&qid=1788216528&pd_rd_w=lWfiz&content-id=amzn1.sym.902cd64e-66e2-437a-a8b0-12aa3b8852e5%3Aamzn1.sym.902cd64e-66e2-437a-a8b0-12aa3b8852e5&pf_rd_p=902cd64e-66e2-437a-a8b0-12aa3b8852e5&pf_rd_r=MJCSPHH49RBD7HZJQVHF&pd_rd_wg=CeT0t&pd_rd_r=d41c1d1a-aefe-48bd-8f25-befbbe902b63&pd_rd_plhdr=t
2026-09-01 03:51:22 | INFO     | scraper.http_client | GET https://www.amazon.com/Bluetooth-Headphones-Earphones-Detachable-Cancelling/dp/B0F8QPQB52/ref=cs_sr_dp_loc_2?adgrpid=164469006602&dib=eyJ2IjoiMSJ9.Hs6fgafbi1RKxunmFvHXILC0HVPx3c9hWbvx8xBcUo1qNoAQOAhO2Z-r0N9xDoDjxSwOOmpmRcM7vHX-RVUoAQh21CSQeO7vRNTwC3aiXmPtvUuDiNKDV2U5hLqsth4_v7JgX1Ma_QZrRJvR7dq8TSCVdCPyK4CkHQcHcCv3XNfoGObZaTHyx1pjITHh7v56Oloq1u2h2KSMP410GEfcZs76zGrQREvdyAV7UlD_XSY.P3po1REJrH0oFz8UwZICpqvoxPSzD4lOdoHu5pUHxYs&dib_tag=se&hvadid=700586678785&hvdev=c&hvlocphy=9195804&hvnetw=g&hvqmt=b&hvrand=8754586290412050616&hvtargid=kwd-295324530136&hydadcr=8911_13540123&keywords=dual+mode+headphones&mcid=c8a6f557a6fd3cc2b55c015f01c94de7&qid=1788216523&sr=8-29&xpid=Ikybfd9YthLyw
2026-09-01 03:51:25 | INFO     | scraper.http_client | GET https://www.amazon.com/Tatybo-Headphones-Bluetooth-360%C2%B0Adjustable-Inalambricos/dp/B0C5DCRRN7/ref=cs_sr_dp_loc_2?adgrpid=164469006602&dib=eyJ2IjoiMSJ9.i7T5ZXdcKhOIx5F-45JM15zRf6mPIKdaReRRkaRvIT_jf2cVEurRjHVWn0DkYZHUpFZYoEcvWkEz0v7nPEqoumejqWbCVK7RT6FbPMwFRrSr0hNhbUlw1VcN0EkE82YU1w7HyHGMFkvthLlDX6dhCPJMJtSJRL04cakcBzbdzNpJVDIlTA0ibOhn1GYEXXQHq4RPGzoF40XR6HwmEdTV-BI4A4eqmvbwBA1Q12kLLGQ.z5AL2UylLEImo0yjgDwE7tgzpOvIfI3d1WjDaUTqyGg&dib_tag=se&hvadid=700586678785&hvdev=c&hvlocphy=9195804&hvnetw=g&hvqmt=b&hvrand=8754586290412050616&hvtargid=kwd-295324530136&hydadcr=8911_13540123&keywords=dual+mode+headphones&mcid=c8a6f557a6fd3cc2b55c015f01c94de7&qid=1788216528&sr=8-55&xpid=Ikybfd9YthLyw
2026-09-01 03:51:28 | INFO     | scraper.http_client | GET https://www.amazon.com/Sony-WH-CH720N-Canceling-Headphones-Microphone/dp/B0DY8TS92J/ref=cs_sr_dp_loc_2?adgrpid=164469006602&dib=eyJ2IjoiMSJ9.oMFZReg_4Tb_-vlvFhHDHc79tOXQqlAUhyMi2dzfBoFa1E7lQpTw4CVwevwJ37iXt2QExw1tB1-XCPuVcm6X1HbC2zB_Vp_Go3CZ5CEvTlXEPq4zB5UIwG9_lyKK1FXH_SiIeonnrHrotACx2Tf9AFK_px1wNxg2WolAu9SonIAydds2qCIyI7iVaQLtbRHX3Cv3j3RYnXq-pupvm3erNct7B5Ey2vkMcXA2wJ6K-ts.gvbdeDbujOkstNl8aSXzXqHiMvTBnhresY4kQnAOEdg&dib_tag=se&hvadid=700586678785&hvdev=c&hvlocphy=9195804&hvnetw=g&hvqmt=b&hvrand=8754586290412050616&hvtargid=kwd-295324530136&hydadcr=8911_13540123&keywords=dual+mode+headphones&mcid=c8a6f557a6fd3cc2b55c015f01c94de7&qid=1788216519&sr=8-5
2026-09-01 03:51:31 | INFO     | scraper.http_client | GET https://www.amazon.com/COSMUSIS-Cancelling-Microphone-Headphones-Detachable/dp/B0F8QPQB52/ref=sr_1_20?adgrpid=164469006602&dib=eyJ2IjoiMSJ9.Hs6fgafbi1RKxunmFvHXILC0HVPx3c9hWbvx8xBcUo1qNoAQOAhO2Z-r0N9xDoDjxSwOOmpmRcM7vHX-RVUoAQh21CSQeO7vRNTwC3aiXmPtvUuDiNKDV2U5hLqsth4_v7JgX1Ma_QZrRJvR7dq8TSCVdCPyK4CkHQcHcCv3XNfoGObZaTHyx1pjITHh7v56Oloq1u2h2KSMP410GEfcZs76zGrQREvdyAV7UlD_XSY.P3po1REJrH0oFz8UwZICpqvoxPSzD4lOdoHu5pUHxYs&dib_tag=se&hvadid=700586678785&hvdev=c&hvlocphy=9195804&hvnetw=g&hvqmt=b&hvrand=8754586290412050616&hvtargid=kwd-295324530136&hydadcr=8911_13540123&keywords=dual+mode+headphones&mcid=c8a6f557a6fd3cc2b55c015f01c94de7&qid=1788216523&sr=8-20&xpid=Ikybfd9YthLyw
2026-09-01 03:51:34 | INFO     | scraper.http_client | GET https://www.amazon.com/Picun-B8-Bluetooth-Headphones-Hands-Free/dp/B0CLC9HG8R/ref=cs_sr_dp_loc_6?adgrpid=164469006602&dib=eyJ2IjoiMSJ9.Hs6fgafbi1RKxunmFvHXILC0HVPx3c9hWbvx8xBcUo1qNoAQOAhO2Z-r0N9xDoDjxSwOOmpmRcM7vHX-RVUoAQh21CSQeO7vRNTwC3aiXmPtvUuDiNKDV2U5hLqsth4_v7JgX1Ma_QZrRJvR7dq8TSCVdCPyK4CkHQcHcCv3XNfoGObZaTHyx1pjITHh7v56Oloq1u2h2KSMP410GEfcZs76zGrQREvdyAV7UlD_XSY.P3po1REJrH0oFz8UwZICpqvoxPSzD4lOdoHu5pUHxYs&dib_tag=se&hvadid=700586678785&hvdev=c&hvlocphy=9195804&hvnetw=g&hvqmt=b&hvrand=8754586290412050616&hvtargid=kwd-295324530136&hydadcr=8911_13540123&keywords=dual+mode+headphones&mcid=c8a6f557a6fd3cc2b55c015f01c94de7&qid=1788216523&sr=8-27&xpid=Ikybfd9YthLyw
2026-09-01 03:51:37 | INFO     | scraper.http_client | GET https://www.amazon.com/TOZO-Cancelling-Wireless-Headphones-Headset/dp/B0GRYCZR2L/ref=cs_sr_dp_loc_n?adgrpid=164469006602&dib=eyJ2IjoiMSJ9.JzSI7GdAS-xLPnBEedVoIEBXP6DZppCt_S3FhMN8JKYJsxxq67nKOpGNtQ0tyjbilM0j0rIHRtHFu-GmnEQ9DDzq_w4Fbom0RydSgu_jslDRdSh9qfnTt1d1GUM2f7x4D058MaUmNrhqm36X3yUrHhjke2puToRcu0BWbMpMrrnFEDkOgRKYMD13uoIY1pAOwnQIzXvyf2UfSdGkvK0A-oRiScDd6rTJfkfcLFlwdi0.e05cV9TKuiC-wMCT4daY4Ruhf3JLZjms_r2EQRkd4C0&dib_tag=se&hvadid=700586678785&hvdev=c&hvlocphy=9195804&hvnetw=g&hvqmt=b&hvrand=8754586290412050616&hvtargid=kwd-295324530136&hydadcr=8911_13540123&keywords=dual+mode+headphones&mcid=c8a6f557a6fd3cc2b55c015f01c94de7&qid=1788216525&sr=8-49&xpid=Ikybfd9YthLyw
2026-09-01 03:51:40 | INFO     | scraper.http_client | GET https://www.amazon.com/gp/offer-listing/B0DXQ8X9GT/ref=sr_1_38_olp?hvlocphy=9195804&hvnetw=g&mcid=c8a6f557a6fd3cc2b55c015f01c94de7&keywords=dual+mode+headphones&hvadid=700586678785&xpid=Ikybfd9YthLyw&qid=1788216525&hydadcr=8911_13540123&dib_tag=se&hvdev=c&hvqmt=b&dib=eyJ2IjoiMSJ9.JzSI7GdAS-xLPnBEedVoIEBXP6DZppCt_S3FhMN8JKYJsxxq67nKOpGNtQ0tyjbilM0j0rIHRtHFu-GmnEQ9DDzq_w4Fbom0RydSgu_jslDRdSh9qfnTt1d1GUM2f7x4D058MaUmNrhqm36X3yUrHhjke2puToRcu0BWbMpMrrnFEDkOgRKYMD13uoIY1pAOwnQIzXvyf2UfSdGkvK0A-oRiScDd6rTJfkfcLFlwdi0.e05cV9TKuiC-wMCT4daY4Ruhf3JLZjms_r2EQRkd4C0&hvtargid=kwd-295324530136&sr=8-38&adgrpid=164469006602&hvrand=8754586290412050616
2026-09-01 03:51:43 | INFO     | scraper.http_client | GET https://www.amazon.com/TOZO-Cancelling-Headphones-Bluetooth-Assistant/dp/B0FPCGMXJB/ref=sr_1_1_so_HEADPHONES?adgrpid=164469006602&dib=eyJ2IjoiMSJ9.oMFZReg_4Tb_-vlvFhHDHc79tOXQqlAUhyMi2dzfBoFa1E7lQpTw4CVwevwJ37iXt2QExw1tB1-XCPuVcm6X1HbC2zB_Vp_Go3CZ5CEvTlXEPq4zB5UIwG9_lyKK1FXH_SiIeonnrHrotACx2Tf9AFK_px1wNxg2WolAu9SonIAydds2qCIyI7iVaQLtbRHX3Cv3j3RYnXq-pupvm3erNct7B5Ey2vkMcXA2wJ6K-ts.gvbdeDbujOkstNl8aSXzXqHiMvTBnhresY4kQnAOEdg&dib_tag=se&hvadid=700586678785&hvdev=c&hvlocphy=9195804&hvnetw=g&hvqmt=b&hvrand=8754586290412050616&hvtargid=kwd-295324530136&hydadcr=8911_13540123&keywords=dual+mode+headphones&mcid=c8a6f557a6fd3cc2b55c015f01c94de7&qid=1788216519&sr=8-1
2026-09-01 03:51:46 | INFO     | scraper.http_client | GET https://www.amazon.com/Skullcandy-Bluetooth-Headphones-Multi-Sensory-Microphone/dp/B08FCGH2RL/ref=sr_1_12?adgrpid=164469006602&dib=eyJ2IjoiMSJ9.oMFZReg_4Tb_-vlvFhHDHc79tOXQqlAUhyMi2dzfBoFa1E7lQpTw4CVwevwJ37iXt2QExw1tB1-XCPuVcm6X1HbC2zB_Vp_Go3CZ5CEvTlXEPq4zB5UIwG9_lyKK1FXH_SiIeonnrHrotACx2Tf9AFK_px1wNxg2WolAu9SonIAydds2qCIyI7iVaQLtbRHX3Cv3j3RYnXq-pupvm3erNct7B5Ey2vkMcXA2wJ6K-ts.gvbdeDbujOkstNl8aSXzXqHiMvTBnhresY4kQnAOEdg&dib_tag=se&hvadid=700586678785&hvdev=c&hvlocphy=9195804&hvnetw=g&hvqmt=b&hvrand=8754586290412050616&hvtargid=kwd-295324530136&hydadcr=8911_13540123&keywords=dual+mode+headphones&mcid=c8a6f557a6fd3cc2b55c015f01c94de7&qid=1788216519&sr=8-12#customerReviews
2026-09-01 03:51:49 | INFO     | scraper.http_client | GET https://www.amazon.com/ANCAMITA-Cancelling-Headphones-Customized-Transparency/dp/B0FXXBJJPV/ref=cs_sr_dp_loc_3?adgrpid=164469006602&dib=eyJ2IjoiMSJ9.i7T5ZXdcKhOIx5F-45JM15zRf6mPIKdaReRRkaRvIT_jf2cVEurRjHVWn0DkYZHUpFZYoEcvWkEz0v7nPEqoumejqWbCVK7RT6FbPMwFRrSr0hNhbUlw1VcN0EkE82YU1w7HyHGMFkvthLlDX6dhCPJMJtSJRL04cakcBzbdzNpJVDIlTA0ibOhn1GYEXXQHq4RPGzoF40XR6HwmEdTV-BI4A4eqmvbwBA1Q12kLLGQ.z5AL2UylLEImo0yjgDwE7tgzpOvIfI3d1WjDaUTqyGg&dib_tag=se&hvadid=700586678785&hvdev=c&hvlocphy=9195804&hvnetw=g&hvqmt=b&hvrand=8754586290412050616&hvtargid=kwd-295324530136&hydadcr=8911_13540123&keywords=dual+mode+headphones&mcid=c8a6f557a6fd3cc2b55c015f01c94de7&qid=1788216528&sr=8-56&xpid=Ikybfd9YthLyw
2026-09-01 03:51:52 | INFO     | scraper.http_client | GET https://www.amazon.com/Collapsible-Wireless-Headphones-Stereo-Speakers/dp/B0DM34493F/ref=cs_sr_dp_loc_1?adgrpid=164469006602&dib=eyJ2IjoiMSJ9.i7T5ZXdcKhOIx5F-45JM15zRf6mPIKdaReRRkaRvIT_jf2cVEurRjHVWn0DkYZHUpFZYoEcvWkEz0v7nPEqoumejqWbCVK7RT6FbPMwFRrSr0hNhbUlw1VcN0EkE82YU1w7HyHGMFkvthLlDX6dhCPJMJtSJRL04cakcBzbdzNpJVDIlTA0ibOhn1GYEXXQHq4RPGzoF40XR6HwmEdTV-BI4A4eqmvbwBA1Q12kLLGQ.z5AL2UylLEImo0yjgDwE7tgzpOvIfI3d1WjDaUTqyGg&dib_tag=se&hvadid=700586678785&hvdev=c&hvlocphy=9195804&hvnetw=g&hvqmt=b&hvrand=8754586290412050616&hvtargid=kwd-295324530136&hydadcr=8911_13540123&keywords=dual+mode+headphones&mcid=c8a6f557a6fd3cc2b55c015f01c94de7&qid=1788216528&sr=8-62&xpid=Ikybfd9YthLyw
2026-09-01 03:51:55 | INFO     | scraper.http_client | GET https://www.amazon.com/Cancelling-Headphones-Wireless-Bluetooth-Battery/dp/B0GTQ45KPB/ref=cs_sr_dp_loc_2?adgrpid=164469006602&dib=eyJ2IjoiMSJ9.Hs6fgafbi1RKxunmFvHXILC0HVPx3c9hWbvx8xBcUo1qNoAQOAhO2Z-r0N9xDoDjxSwOOmpmRcM7vHX-RVUoAQh21CSQeO7vRNTwC3aiXmPtvUuDiNKDV2U5hLqsth4_v7JgX1Ma_QZrRJvR7dq8TSCVdCPyK4CkHQcHcCv3XNfoGObZaTHyx1pjITHh7v56Oloq1u2h2KSMP410GEfcZs76zGrQREvdyAV7UlD_XSY.P3po1REJrH0oFz8UwZICpqvoxPSzD4lOdoHu5pUHxYs&dib_tag=se&hvadid=700586678785&hvdev=c&hvlocphy=9195804&hvnetw=g&hvqmt=b&hvrand=8754586290412050616&hvtargid=kwd-295324530136&hydadcr=8911_13540123&keywords=dual+mode+headphones&mcid=c8a6f557a6fd3cc2b55c015f01c94de7&qid=1788216523&sr=8-25&xpid=Ikybfd9YthLyw
2026-09-01 03:51:57 | INFO     | scraper.http_client | GET https://www.amazon.com/Surpixo-Dual-Mode-Bluetooth-Cancelling-Glasses-Friendly/dp/B0GDWDFQW8/ref=sr_1_16?adgrpid=164469006602&dib=eyJ2IjoiMSJ9.oMFZReg_4Tb_-vlvFhHDHc79tOXQqlAUhyMi2dzfBoFa1E7lQpTw4CVwevwJ37iXt2QExw1tB1-XCPuVcm6X1HbC2zB_Vp_Go3CZ5CEvTlXEPq4zB5UIwG9_lyKK1FXH_SiIeonnrHrotACx2Tf9AFK_px1wNxg2WolAu9SonIAydds2qCIyI7iVaQLtbRHX3Cv3j3RYnXq-pupvm3erNct7B5Ey2vkMcXA2wJ6K-ts.gvbdeDbujOkstNl8aSXzXqHiMvTBnhresY4kQnAOEdg&dib_tag=se&hvadid=700586678785&hvdev=c&hvlocphy=9195804&hvnetw=g&hvqmt=b&hvrand=8754586290412050616&hvtargid=kwd-295324530136&hydadcr=8911_13540123&keywords=dual+mode+headphones&mcid=c8a6f557a6fd3cc2b55c015f01c94de7&qid=1788216519&sr=8-16
2026-09-01 03:52:00 | INFO     | scraper.http_client | GET https://www.amazon.com/Skullcandy-Bluetooth-Headphones-Multi-Sensory-Microphone/dp/B08FCGLYFZ/ref=cs_sr_dp_loc_4?adgrpid=164469006602&dib=eyJ2IjoiMSJ9.oMFZReg_4Tb_-vlvFhHDHc79tOXQqlAUhyMi2dzfBoFa1E7lQpTw4CVwevwJ37iXt2QExw1tB1-XCPuVcm6X1HbC2zB_Vp_Go3CZ5CEvTlXEPq4zB5UIwG9_lyKK1FXH_SiIeonnrHrotACx2Tf9AFK_px1wNxg2WolAu9SonIAydds2qCIyI7iVaQLtbRHX3Cv3j3RYnXq-pupvm3erNct7B5Ey2vkMcXA2wJ6K-ts.gvbdeDbujOkstNl8aSXzXqHiMvTBnhresY4kQnAOEdg&dib_tag=se&hvadid=700586678785&hvdev=c&hvlocphy=9195804&hvnetw=g&hvqmt=b&hvrand=8754586290412050616&hvtargid=kwd-295324530136&hydadcr=8911_13540123&keywords=dual+mode+headphones&mcid=c8a6f557a6fd3cc2b55c015f01c94de7&qid=1788216519&sr=8-12
2026-09-01 03:52:03 | INFO     | scraper.http_client | GET https://www.amazon.com/TOZO-Cancelling-Headphones-Bluetooth-Assistant/dp/B0CLVC9RX6/ref=cs_sr_dp_loc_4?adgrpid=164469006602&dib=eyJ2IjoiMSJ9.oMFZReg_4Tb_-vlvFhHDHc79tOXQqlAUhyMi2dzfBoFa1E7lQpTw4CVwevwJ37iXt2QExw1tB1-XCPuVcm6X1HbC2zB_Vp_Go3CZ5CEvTlXEPq4zB5UIwG9_lyKK1FXH_SiIeonnrHrotACx2Tf9AFK_px1wNxg2WolAu9SonIAydds2qCIyI7iVaQLtbRHX3Cv3j3RYnXq-pupvm3erNct7B5Ey2vkMcXA2wJ6K-ts.gvbdeDbujOkstNl8aSXzXqHiMvTBnhresY4kQnAOEdg&dib_tag=se&hvadid=700586678785&hvdev=c&hvlocphy=9195804&hvnetw=g&hvqmt=b&hvrand=8754586290412050616&hvtargid=kwd-295324530136&hydadcr=8911_13540123&keywords=dual+mode+headphones&mcid=c8a6f557a6fd3cc2b55c015f01c94de7&qid=1788216519&sr=8-1
2026-09-01 03:52:06 | INFO     | scraper.http_client | GET https://www.amazon.com/TOZO-Cancelling-Wireless-Headphones-Headset/dp/B0CLVC9RX6/ref=cs_sr_dp_loc_4?adgrpid=164469006602&dib=eyJ2IjoiMSJ9.Hs6fgafbi1RKxunmFvHXILC0HVPx3c9hWbvx8xBcUo1qNoAQOAhO2Z-r0N9xDoDjxSwOOmpmRcM7vHX-RVUoAQh21CSQeO7vRNTwC3aiXmPtvUuDiNKDV2U5hLqsth4_v7JgX1Ma_QZrRJvR7dq8TSCVdCPyK4CkHQcHcCv3XNfoGObZaTHyx1pjITHh7v56Oloq1u2h2KSMP410GEfcZs76zGrQREvdyAV7UlD_XSY.P3po1REJrH0oFz8UwZICpqvoxPSzD4lOdoHu5pUHxYs&dib_tag=se&hvadid=700586678785&hvdev=c&hvlocphy=9195804&hvnetw=g&hvqmt=b&hvrand=8754586290412050616&hvtargid=kwd-295324530136&hydadcr=8911_13540123&keywords=dual+mode+headphones&mcid=c8a6f557a6fd3cc2b55c015f01c94de7&qid=1788216523&sr=8-28&xpid=Ikybfd9YthLyw
2026-09-01 03:52:08 | INFO     | scraper.http_client | GET https://www.amazon.com/Bluetooth-TECKNET-Microphone-Cancelling-Headphones/dp/B09VC5JFQQ/ref=sr_1_51?adgrpid=164469006602&dib=eyJ2IjoiMSJ9.i7T5ZXdcKhOIx5F-45JM15zRf6mPIKdaReRRkaRvIT_jf2cVEurRjHVWn0DkYZHUpFZYoEcvWkEz0v7nPEqoumejqWbCVK7RT6FbPMwFRrSr0hNhbUlw1VcN0EkE82YU1w7HyHGMFkvthLlDX6dhCPJMJtSJRL04cakcBzbdzNpJVDIlTA0ibOhn1GYEXXQHq4RPGzoF40XR6HwmEdTV-BI4A4eqmvbwBA1Q12kLLGQ.z5AL2UylLEImo0yjgDwE7tgzpOvIfI3d1WjDaUTqyGg&dib_tag=se&hvadid=700586678785&hvdev=c&hvlocphy=9195804&hvnetw=g&hvqmt=b&hvrand=8754586290412050616&hvtargid=kwd-295324530136&hydadcr=8911_13540123&keywords=dual+mode+headphones&mcid=c8a6f557a6fd3cc2b55c015f01c94de7&qid=1788216528&sr=8-51&xpid=Ikybfd9YthLyw
2026-09-01 03:52:12 | INFO     | scraper.http_client | GET https://www.amazon.com/Bluetooth-Over-Ear-Headphones-Foldable-Prolonged/dp/B07YSGD7V7/ref=cs_sr_dp_loc_6?adgrpid=164469006602&dib=eyJ2IjoiMSJ9.JzSI7GdAS-xLPnBEedVoIEBXP6DZppCt_S3FhMN8JKYJsxxq67nKOpGNtQ0tyjbilM0j0rIHRtHFu-GmnEQ9DDzq_w4Fbom0RydSgu_jslDRdSh9qfnTt1d1GUM2f7x4D058MaUmNrhqm36X3yUrHhjke2puToRcu0BWbMpMrrnFEDkOgRKYMD13uoIY1pAOwnQIzXvyf2UfSdGkvK0A-oRiScDd6rTJfkfcLFlwdi0.e05cV9TKuiC-wMCT4daY4Ruhf3JLZjms_r2EQRkd4C0&dib_tag=se&hvadid=700586678785&hvdev=c&hvlocphy=9195804&hvnetw=g&hvqmt=b&hvrand=8754586290412050616&hvtargid=kwd-295324530136&hydadcr=8911_13540123&keywords=dual+mode+headphones&mcid=c8a6f557a6fd3cc2b55c015f01c94de7&qid=1788216525&sr=8-35&xpid=Ikybfd9YthLyw
2026-09-01 03:52:15 | INFO     | scraper.http_client | GET https://www.amazon.com/Surpixo-Dual-Mode-Bluetooth-Cancelling-Glasses-Friendly/dp/B0GDWDFQW8/ref=cs_sr_dp_loc_1?adgrpid=164469006602&dib=eyJ2IjoiMSJ9.oMFZReg_4Tb_-vlvFhHDHc79tOXQqlAUhyMi2dzfBoFa1E7lQpTw4CVwevwJ37iXt2QExw1tB1-XCPuVcm6X1HbC2zB_Vp_Go3CZ5CEvTlXEPq4zB5UIwG9_lyKK1FXH_SiIeonnrHrotACx2Tf9AFK_px1wNxg2WolAu9SonIAydds2qCIyI7iVaQLtbRHX3Cv3j3RYnXq-pupvm3erNct7B5Ey2vkMcXA2wJ6K-ts.gvbdeDbujOkstNl8aSXzXqHiMvTBnhresY4kQnAOEdg&dib_tag=se&hvadid=700586678785&hvdev=c&hvlocphy=9195804&hvnetw=g&hvqmt=b&hvrand=8754586290412050616&hvtargid=kwd-295324530136&hydadcr=8911_13540123&keywords=dual+mode+headphones&mcid=c8a6f557a6fd3cc2b55c015f01c94de7&qid=1788216519&sr=8-16
2026-09-01 03:52:18 | INFO     | scraper.http_client | GET https://www.amazon.com/TOZO-Cancelling-Wireless-Headphones-Headset/dp/B0GF24C8KP/ref=cs_sr_dp_loc_5?adgrpid=164469006602&dib=eyJ2IjoiMSJ9.JzSI7GdAS-xLPnBEedVoIEBXP6DZppCt_S3FhMN8JKYJsxxq67nKOpGNtQ0tyjbilM0j0rIHRtHFu-GmnEQ9DDzq_w4Fbom0RydSgu_jslDRdSh9qfnTt1d1GUM2f7x4D058MaUmNrhqm36X3yUrHhjke2puToRcu0BWbMpMrrnFEDkOgRKYMD13uoIY1pAOwnQIzXvyf2UfSdGkvK0A-oRiScDd6rTJfkfcLFlwdi0.e05cV9TKuiC-wMCT4daY4Ruhf3JLZjms_r2EQRkd4C0&dib_tag=se&hvadid=700586678785&hvdev=c&hvlocphy=9195804&hvnetw=g&hvqmt=b&hvrand=8754586290412050616&hvtargid=kwd-295324530136&hydadcr=8911_13540123&keywords=dual+mode+headphones&mcid=c8a6f557a6fd3cc2b55c015f01c94de7&qid=1788216525&sr=8-49&xpid=Ikybfd9YthLyw
2026-09-01 03:52:21 | INFO     | scraper.http_client | GET https://www.amazon.com/gp/browse.html?node=20338496011&ref_=footer_amazonglobal
2026-09-01 03:52:22 | INFO     | scraper.http_client | GET https://www.amazon.com/havit-Cancelling-Headphones-Wireless-Bluetooth/dp/B0GKNFRMT2/ref=sr_1_24?adgrpid=164469006602&dib=eyJ2IjoiMSJ9.Hs6fgafbi1RKxunmFvHXILC0HVPx3c9hWbvx8xBcUo1qNoAQOAhO2Z-r0N9xDoDjxSwOOmpmRcM7vHX-RVUoAQh21CSQeO7vRNTwC3aiXmPtvUuDiNKDV2U5hLqsth4_v7JgX1Ma_QZrRJvR7dq8TSCVdCPyK4CkHQcHcCv3XNfoGObZaTHyx1pjITHh7v56Oloq1u2h2KSMP410GEfcZs76zGrQREvdyAV7UlD_XSY.P3po1REJrH0oFz8UwZICpqvoxPSzD4lOdoHu5pUHxYs&dib_tag=se&hvadid=700586678785&hvdev=c&hvlocphy=9195804&hvnetw=g&hvqmt=b&hvrand=8754586290412050616&hvtargid=kwd-295324530136&hydadcr=8911_13540123&keywords=dual+mode+headphones&mcid=c8a6f557a6fd3cc2b55c015f01c94de7&qid=1788216523&sr=8-24&xpid=Ikybfd9YthLyw#customerReviews
2026-09-01 03:52:25 | INFO     | scraper.http_client | GET https://www.amazon.com/Bluetooth-Headphones-Earphones-Detachable-Cancelling/dp/B0B4VXHBNP/ref=cs_sr_dp_loc_1?adgrpid=164469006602&dib=eyJ2IjoiMSJ9.Hs6fgafbi1RKxunmFvHXILC0HVPx3c9hWbvx8xBcUo1qNoAQOAhO2Z-r0N9xDoDjxSwOOmpmRcM7vHX-RVUoAQh21CSQeO7vRNTwC3aiXmPtvUuDiNKDV2U5hLqsth4_v7JgX1Ma_QZrRJvR7dq8TSCVdCPyK4CkHQcHcCv3XNfoGObZaTHyx1pjITHh7v56Oloq1u2h2KSMP410GEfcZs76zGrQREvdyAV7UlD_XSY.P3po1REJrH0oFz8UwZICpqvoxPSzD4lOdoHu5pUHxYs&dib_tag=se&hvadid=700586678785&hvdev=c&hvlocphy=9195804&hvnetw=g&hvqmt=b&hvrand=8754586290412050616&hvtargid=kwd-295324530136&hydadcr=8911_13540123&keywords=dual+mode+headphones&mcid=c8a6f557a6fd3cc2b55c015f01c94de7&qid=1788216523&sr=8-29&xpid=Ikybfd9YthLyw
2026-09-01 03:52:28 | INFO     | scraper.http_client | GET https://aax-us-east-retail-direct.amazon.com/x/c/JIc5U-o7Lvmd8ZL1Tv2c8WgAAAGgWgLOYwEAAAH2AQBvbm9fdHhuX2JpZDEgICBvbm9fdHhuX2ltcDIgICDFNQrK/clv1c_ek-wBAHWatbYHgcm5EX3z4E5q8F3XxnU-UUWiWmxCae2Kl3cqMM2nyA2QqlyniGAxxwDcd9CF2MTEn1VeUjp4N0MrGavZQwzkb_ZFQk4G8QyuhfaNLSt6bXJF_1ykvIxwRIzqhu233dwx9PXnZH96sFrGROfnJVqktZQj2aLTQUVKQ893sC-2knBiIpYxODr5s5t4wPA_mv6vQRd9Ulb_li73G87RVw308rSyEi8Cix4k990aAxuqcBppKD3hd8LlLj3MzJTueD2Zy9emGrEQ-Gzz6BkIJLtzwB_dOucSWmr8B5VZvoNrhhoaQQDlUT-kqAVb09pCTwQTlYEdj2sjxCXEHWDBdNoWboSmrTTt5sXegOn5Ltu9Ka7BMfYCPUFeO0SE4bvXkzH5MdoRLAQDtcIr63LK6MLidoK0jg9dHs3UVcpEfbRtyKEqbrDgJQRKCZlGqozBfE7lbouCy3HgKewYzfOjntUjXomLfNGpkG0lMFMYaufzALKh9DiVdLW-F6HVYM5PhxFpfLIIRxWvJ1vT6JFd0whzmCDiFTIgPkSCa1bfjTdOSuwqSgirATmhRolgj54Idz8gi-fDaMFAIQ9mXOrv-It4e3NLExPPcVBdh_-foqTBBAm9KDNJF_5rJMYLFb-uSaRmaU9XP2AzMzxTHmcXKu3CEdpV2HEwCBVAPLMr91VJXdnVigc9QSbicyAJriY9MmfSDDODcZXUdL3TI75rkQwY-8Cmha7GcARB0DtCDTsmtJvYzvgoqBiJb7L3U3tRdOnqqwdw2ASIrHKYd9Tqs41C3zYKTRtXPzc_alL9rsSQAEXoe1FNtLwj5CqrNKVw06vgbm4dlQXzFwW4_X_FEMjBoqGpYPz0gTi_iAIgDAfIpAp-qlJAaxv0uQ9HYDSL5NCFL3esycjoxoVprUIOs18MMUrScF8_KDLFUiuMyRLeaGUrqU-iz3YmUw4Fb1pv60QnoJdk7vqmY0xAj4BQ3RoALgQTBx9BUsFOErZ1uI2xPtgQ2xI9lQphJPl6Iz9q0nr7knkOBNbF6ZWeGON8BgquX44cvBDc9ZiJYDfPcqSnYq7ABWuyQZn5eTWpY9elAbFxzgSvhVYutFzueZxwLmvTIA4KJebQrEz-UVlD5YIaRyV2rMl-2R4FZsj7oXG8XbAFscWPq60q3g8rIzQl5EeJpRJ6uylRbnmKRYHCptBNxi3zFcN8MlboIjLz6E04q55Gf4Qk0SxnPL1FxC0v879xx2tj9N-OmQNCC2zRkVcduI3C3-ZyUSnl5jxcxuZCLCpaLsDFoNcMP1s3BOjn63lWLCK4L61oKjPxBJgcfdsNfSGLA40HIEWb9OYzFvB_AWuKXTrXvOeErv4udH8qMfIVkgKC80K_H7E6qXDsv0J6jZe0sofInfFjsxzg5vrrLWvi0uzpSH9WthVQG3x9v0FXCzB3dMhZ8VvYSwbHvEIDT3j9OmYvZVzKSg6GBnwesovBmIx6N2w3iPnBHhpiMxhg2ym6KrU09Gt525ojoQFvOkGBUBG3dkuu3bC4_ppNaVYB4YMhQmuJo_EcYkHKw4E3rBU-gHoovTI4FMtrS4SvKM7F2S54eaVm2LGPYOUGNe42JpunmI-3bKxd0HMIOSe6bXQ-rlZ0EUgS4V-c687XG4FVOT4wTIGiz9UMJst-Y8Odgk7iJiJXyKriV3sQNi3xT0b7ZYIl7RlnX8q-bfevb0ESOLqZ3o/https://www.amazon.com/dp/B09LYF2ST7/?_encoding=UTF8&pd_rd_i=B09LYF2ST7&ref_=sbx_be_s_sparkle_ssd_rev&qid=1788216528&pd_rd_w=lWfiz&content-id=amzn1.sym.902cd64e-66e2-437a-a8b0-12aa3b8852e5%3Aamzn1.sym.902cd64e-66e2-437a-a8b0-12aa3b8852e5&pf_rd_p=902cd64e-66e2-437a-a8b0-12aa3b8852e5&pf_rd_r=MJCSPHH49RBD7HZJQVHF&pd_rd_wg=CeT0t&pd_rd_r=d41c1d1a-aefe-48bd-8f25-befbbe902b63&pd_rd_plhdr=t
2026-09-01 03:52:31 | INFO     | scraper.http_client | GET https://www.amazon.com/Avantree-Duet-Wireless-Headphones-Transmitter/dp/B0B316KBD9/ref=sr_1_63?adgrpid=164469006602&dib=eyJ2IjoiMSJ9.i7T5ZXdcKhOIx5F-45JM15zRf6mPIKdaReRRkaRvIT_jf2cVEurRjHVWn0DkYZHUpFZYoEcvWkEz0v7nPEqoumejqWbCVK7RT6FbPMwFRrSr0hNhbUlw1VcN0EkE82YU1w7HyHGMFkvthLlDX6dhCPJMJtSJRL04cakcBzbdzNpJVDIlTA0ibOhn1GYEXXQHq4RPGzoF40XR6HwmEdTV-BI4A4eqmvbwBA1Q12kLLGQ.z5AL2UylLEImo0yjgDwE7tgzpOvIfI3d1WjDaUTqyGg&dib_tag=se&hvadid=700586678785&hvdev=c&hvlocphy=9195804&hvnetw=g&hvqmt=b&hvrand=8754586290412050616&hvtargid=kwd-295324530136&hydadcr=8911_13540123&keywords=dual+mode+headphones&mcid=c8a6f557a6fd3cc2b55c015f01c94de7&qid=1788216528&sr=8-63&xpid=Ikybfd9YthLyw
2026-09-01 03:52:34 | INFO     | scraper.http_client | GET https://www.amazon.com/Calmbee-Cancelling-Headphones-Bluetooth-Transparency/dp/B0DFQ5WX1B/ref=cs_sr_dp_loc_1?adgrpid=164469006602&dib=eyJ2IjoiMSJ9.JzSI7GdAS-xLPnBEedVoIEBXP6DZppCt_S3FhMN8JKYJsxxq67nKOpGNtQ0tyjbilM0j0rIHRtHFu-GmnEQ9DDzq_w4Fbom0RydSgu_jslDRdSh9qfnTt1d1GUM2f7x4D058MaUmNrhqm36X3yUrHhjke2puToRcu0BWbMpMrrnFEDkOgRKYMD13uoIY1pAOwnQIzXvyf2UfSdGkvK0A-oRiScDd6rTJfkfcLFlwdi0.e05cV9TKuiC-wMCT4daY4Ruhf3JLZjms_r2EQRkd4C0&dib_tag=se&hvadid=700586678785&hvdev=c&hvlocphy=9195804&hvnetw=g&hvqmt=b&hvrand=8754586290412050616&hvtargid=kwd-295324530136&hydadcr=8911_13540123&keywords=dual+mode+headphones&mcid=c8a6f557a6fd3cc2b55c015f01c94de7&qid=1788216525&sr=8-40&xpid=Ikybfd9YthLyw
2026-09-01 03:52:37 | INFO     | scraper.http_client | GET https://www.amazon.com/YUMONDEAR-Bluetooth-Headphones-Playtime-Wireless/dp/B0D59R8FDB/ref=sr_1_31?adgrpid=164469006602&dib=eyJ2IjoiMSJ9.Hs6fgafbi1RKxunmFvHXILC0HVPx3c9hWbvx8xBcUo1qNoAQOAhO2Z-r0N9xDoDjxSwOOmpmRcM7vHX-RVUoAQh21CSQeO7vRNTwC3aiXmPtvUuDiNKDV2U5hLqsth4_v7JgX1Ma_QZrRJvR7dq8TSCVdCPyK4CkHQcHcCv3XNfoGObZaTHyx1pjITHh7v56Oloq1u2h2KSMP410GEfcZs76zGrQREvdyAV7UlD_XSY.P3po1REJrH0oFz8UwZICpqvoxPSzD4lOdoHu5pUHxYs&dib_tag=se&hvadid=700586678785&hvdev=c&hvlocphy=9195804&hvnetw=g&hvqmt=b&hvrand=8754586290412050616&hvtargid=kwd-295324530136&hydadcr=8911_13540123&keywords=dual+mode+headphones&mcid=c8a6f557a6fd3cc2b55c015f01c94de7&qid=1788216523&sr=8-31&xpid=Ikybfd9YthLyw#customerReviews
2026-09-01 03:52:40 | INFO     | scraper.http_client | GET https://www.amazon.com/PSIER-Conduction-Headphones-Swimming-Waterproof/dp/B0CQLK7QSZ/ref=cs_sr_dp_loc_3?adgrpid=164469006602&dib=eyJ2IjoiMSJ9.i7T5ZXdcKhOIx5F-45JM15zRf6mPIKdaReRRkaRvIT_jf2cVEurRjHVWn0DkYZHUpFZYoEcvWkEz0v7nPEqoumejqWbCVK7RT6FbPMwFRrSr0hNhbUlw1VcN0EkE82YU1w7HyHGMFkvthLlDX6dhCPJMJtSJRL04cakcBzbdzNpJVDIlTA0ibOhn1GYEXXQHq4RPGzoF40XR6HwmEdTV-BI4A4eqmvbwBA1Q12kLLGQ.z5AL2UylLEImo0yjgDwE7tgzpOvIfI3d1WjDaUTqyGg&dib_tag=se&hvadid=700586678785&hvdev=c&hvlocphy=9195804&hvnetw=g&hvqmt=b&hvrand=8754586290412050616&hvtargid=kwd-295324530136&hydadcr=8911_13540123&keywords=dual+mode+headphones&mcid=c8a6f557a6fd3cc2b55c015f01c94de7&qid=1788216528&sr=8-52&xpid=Ikybfd9YthLyw
2026-09-01 03:52:43 | INFO     | scraper.http_client | GET https://www.amazon.com/TOZO-HT3-Cancelling-Headphones-Bluetooth/dp/B0GF24C8KP/ref=cs_sr_dp_loc_1?adgrpid=164469006602&dib=eyJ2IjoiMSJ9.oMFZReg_4Tb_-vlvFhHDHc79tOXQqlAUhyMi2dzfBoFa1E7lQpTw4CVwevwJ37iXt2QExw1tB1-XCPuVcm6X1HbC2zB_Vp_Go3CZ5CEvTlXEPq4zB5UIwG9_lyKK1FXH_SiIeonnrHrotACx2Tf9AFK_px1wNxg2WolAu9SonIAydds2qCIyI7iVaQLtbRHX3Cv3j3RYnXq-pupvm3erNct7B5Ey2vkMcXA2wJ6K-ts.gvbdeDbujOkstNl8aSXzXqHiMvTBnhresY4kQnAOEdg&dib_tag=se&hvadid=700586678785&hvdev=c&hvlocphy=9195804&hvnetw=g&hvqmt=b&hvrand=8754586290412050616&hvtargid=kwd-295324530136&hydadcr=8911_13540123&keywords=dual+mode+headphones&mcid=c8a6f557a6fd3cc2b55c015f01c94de7&qid=1788216519&sr=8-13
2026-09-01 03:52:46 | INFO     | scraper.http_client | GET https://www.amazon.com/TOZO-Cancelling-Headphones-Bluetooth-Assistant/dp/B0FPCGMXJB/ref=cs_sr_dp_loc_n?adgrpid=164469006602&dib=eyJ2IjoiMSJ9.oMFZReg_4Tb_-vlvFhHDHc79tOXQqlAUhyMi2dzfBoFa1E7lQpTw4CVwevwJ37iXt2QExw1tB1-XCPuVcm6X1HbC2zB_Vp_Go3CZ5CEvTlXEPq4zB5UIwG9_lyKK1FXH_SiIeonnrHrotACx2Tf9AFK_px1wNxg2WolAu9SonIAydds2qCIyI7iVaQLtbRHX3Cv3j3RYnXq-pupvm3erNct7B5Ey2vkMcXA2wJ6K-ts.gvbdeDbujOkstNl8aSXzXqHiMvTBnhresY4kQnAOEdg&dib_tag=se&hvadid=700586678785&hvdev=c&hvlocphy=9195804&hvnetw=g&hvqmt=b&hvrand=8754586290412050616&hvtargid=kwd-295324530136&hydadcr=8911_13540123&keywords=dual+mode+headphones&mcid=c8a6f557a6fd3cc2b55c015f01c94de7&qid=1788216519&sr=8-1
2026-09-01 03:52:49 | INFO     | scraper.http_client | GET https://www.amazon.com/COSMUSIS-Cancelling-Microphone-Headphones-Detachable/dp/B0F8QPQB52/ref=sr_1_20?adgrpid=164469006602&dib=eyJ2IjoiMSJ9.Hs6fgafbi1RKxunmFvHXILC0HVPx3c9hWbvx8xBcUo1qNoAQOAhO2Z-r0N9xDoDjxSwOOmpmRcM7vHX-RVUoAQh21CSQeO7vRNTwC3aiXmPtvUuDiNKDV2U5hLqsth4_v7JgX1Ma_QZrRJvR7dq8TSCVdCPyK4CkHQcHcCv3XNfoGObZaTHyx1pjITHh7v56Oloq1u2h2KSMP410GEfcZs76zGrQREvdyAV7UlD_XSY.P3po1REJrH0oFz8UwZICpqvoxPSzD4lOdoHu5pUHxYs&dib_tag=se&hvadid=700586678785&hvdev=c&hvlocphy=9195804&hvnetw=g&hvqmt=b&hvrand=8754586290412050616&hvtargid=kwd-295324530136&hydadcr=8911_13540123&keywords=dual+mode+headphones&mcid=c8a6f557a6fd3cc2b55c015f01c94de7&qid=1788216523&sr=8-20&xpid=Ikybfd9YthLyw#customerReviews
2026-09-01 03:52:52 | INFO     | scraper.http_client | GET https://www.amazon.com/Bluetooth-Headphones-KVIDIO-Microphone-Lightweight/dp/B09HC4441Y/ref=cs_sr_dp_loc_5?adgrpid=164469006602&dib=eyJ2IjoiMSJ9.oMFZReg_4Tb_-vlvFhHDHc79tOXQqlAUhyMi2dzfBoFa1E7lQpTw4CVwevwJ37iXt2QExw1tB1-XCPuVcm6X1HbC2zB_Vp_Go3CZ5CEvTlXEPq4zB5UIwG9_lyKK1FXH_SiIeonnrHrotACx2Tf9AFK_px1wNxg2WolAu9SonIAydds2qCIyI7iVaQLtbRHX3Cv3j3RYnXq-pupvm3erNct7B5Ey2vkMcXA2wJ6K-ts.gvbdeDbujOkstNl8aSXzXqHiMvTBnhresY4kQnAOEdg&dib_tag=se&hvadid=700586678785&hvdev=c&hvlocphy=9195804&hvnetw=g&hvqmt=b&hvrand=8754586290412050616&hvtargid=kwd-295324530136&hydadcr=8911_13540123&keywords=dual+mode+headphones&mcid=c8a6f557a6fd3cc2b55c015f01c94de7&qid=1788216519&sr=8-4
2026-09-01 03:52:56 | INFO     | scraper.http_client | GET https://www.amazon.com/TOZO-Cancelling-Wireless-Headphones-Headset/dp/B0GRYCZR2L/ref=sr_1_49?adgrpid=164469006602&dib=eyJ2IjoiMSJ9.JzSI7GdAS-xLPnBEedVoIEBXP6DZppCt_S3FhMN8JKYJsxxq67nKOpGNtQ0tyjbilM0j0rIHRtHFu-GmnEQ9DDzq_w4Fbom0RydSgu_jslDRdSh9qfnTt1d1GUM2f7x4D058MaUmNrhqm36X3yUrHhjke2puToRcu0BWbMpMrrnFEDkOgRKYMD13uoIY1pAOwnQIzXvyf2UfSdGkvK0A-oRiScDd6rTJfkfcLFlwdi0.e05cV9TKuiC-wMCT4daY4Ruhf3JLZjms_r2EQRkd4C0&dib_tag=se&hvadid=700586678785&hvdev=c&hvlocphy=9195804&hvnetw=g&hvqmt=b&hvrand=8754586290412050616&hvtargid=kwd-295324530136&hydadcr=8911_13540123&keywords=dual+mode+headphones&mcid=c8a6f557a6fd3cc2b55c015f01c94de7&qid=1788216525&sr=8-49&xpid=Ikybfd9YthLyw
2026-09-01 03:53:00 | INFO     | scraper.http_client | GET https://www.amazon.com/Skullcandy-Bluetooth-Headphones-Multi-Sensory-Microphone/dp/B0F9KFMJBQ/ref=cs_sr_dp_loc_6?adgrpid=164469006602&dib=eyJ2IjoiMSJ9.oMFZReg_4Tb_-vlvFhHDHc79tOXQqlAUhyMi2dzfBoFa1E7lQpTw4CVwevwJ37iXt2QExw1tB1-XCPuVcm6X1HbC2zB_Vp_Go3CZ5CEvTlXEPq4zB5UIwG9_lyKK1FXH_SiIeonnrHrotACx2Tf9AFK_px1wNxg2WolAu9SonIAydds2qCIyI7iVaQLtbRHX3Cv3j3RYnXq-pupvm3erNct7B5Ey2vkMcXA2wJ6K-ts.gvbdeDbujOkstNl8aSXzXqHiMvTBnhresY4kQnAOEdg&dib_tag=se&hvadid=700586678785&hvdev=c&hvlocphy=9195804&hvnetw=g&hvqmt=b&hvrand=8754586290412050616&hvtargid=kwd-295324530136&hydadcr=8911_13540123&keywords=dual+mode+headphones&mcid=c8a6f557a6fd3cc2b55c015f01c94de7&qid=1788216519&sr=8-12
2026-09-01 03:53:04 | INFO     | scraper.http_client | GET https://www.amazon.com/Cancelling-Headphones-Wireless-Bluetooth-Battery/dp/B0GTQ45KPB/ref=cs_sr_dp_loc_1?adgrpid=164469006602&dib=eyJ2IjoiMSJ9.Hs6fgafbi1RKxunmFvHXILC0HVPx3c9hWbvx8xBcUo1qNoAQOAhO2Z-r0N9xDoDjxSwOOmpmRcM7vHX-RVUoAQh21CSQeO7vRNTwC3aiXmPtvUuDiNKDV2U5hLqsth4_v7JgX1Ma_QZrRJvR7dq8TSCVdCPyK4CkHQcHcCv3XNfoGObZaTHyx1pjITHh7v56Oloq1u2h2KSMP410GEfcZs76zGrQREvdyAV7UlD_XSY.P3po1REJrH0oFz8UwZICpqvoxPSzD4lOdoHu5pUHxYs&dib_tag=se&hvadid=700586678785&hvdev=c&hvlocphy=9195804&hvnetw=g&hvqmt=b&hvrand=8754586290412050616&hvtargid=kwd-295324530136&hydadcr=8911_13540123&keywords=dual+mode+headphones&mcid=c8a6f557a6fd3cc2b55c015f01c94de7&qid=1788216523&sr=8-19&xpid=Ikybfd9YthLyw
2026-09-01 03:53:08 | INFO     | scraper.http_client | GET https://www.amazon.com/GNMN-Cancelling-Headphones-Microphone-Waterproof/dp/B0HCPLS5PC/ref=cs_sr_dp_loc?adgrpid=164469006602&dib=eyJ2IjoiMSJ9.JzSI7GdAS-xLPnBEedVoIEBXP6DZppCt_S3FhMN8JKYJsxxq67nKOpGNtQ0tyjbilM0j0rIHRtHFu-GmnEQ9DDzq_w4Fbom0RydSgu_jslDRdSh9qfnTt1d1GUM2f7x4D058MaUmNrhqm36X3yUrHhjke2puToRcu0BWbMpMrrnFEDkOgRKYMD13uoIY1pAOwnQIzXvyf2UfSdGkvK0A-oRiScDd6rTJfkfcLFlwdi0.e05cV9TKuiC-wMCT4daY4Ruhf3JLZjms_r2EQRkd4C0&dib_tag=se&hvadid=700586678785&hvdev=c&hvlocphy=9195804&hvnetw=g&hvqmt=b&hvrand=8754586290412050616&hvtargid=kwd-295324530136&hydadcr=8911_13540123&keywords=dual+mode+headphones&mcid=c8a6f557a6fd3cc2b55c015f01c94de7&qid=1788216525&sr=8-47&xpid=Ikybfd9YthLyw
2026-09-01 03:53:10 | INFO     | scraper.http_client | GET https://www.amazon.com/havit-Cancelling-Headphones-Wireless-Bluetooth/dp/B0GKNLGGGG/ref=sr_1_68?adgrpid=164469006602&dib=eyJ2IjoiMSJ9.i7T5ZXdcKhOIx5F-45JM15zRf6mPIKdaReRRkaRvIT_jf2cVEurRjHVWn0DkYZHUpFZYoEcvWkEz0v7nPEqoumejqWbCVK7RT6FbPMwFRrSr0hNhbUlw1VcN0EkE82YU1w7HyHGMFkvthLlDX6dhCPJMJtSJRL04cakcBzbdzNpJVDIlTA0ibOhn1GYEXXQHq4RPGzoF40XR6HwmEdTV-BI4A4eqmvbwBA1Q12kLLGQ.z5AL2UylLEImo0yjgDwE7tgzpOvIfI3d1WjDaUTqyGg&dib_tag=se&hvadid=700586678785&hvdev=c&hvlocphy=9195804&hvnetw=g&hvqmt=b&hvrand=8754586290412050616&hvtargid=kwd-295324530136&hydadcr=8911_13540123&keywords=dual+mode+headphones&mcid=c8a6f557a6fd3cc2b55c015f01c94de7&qid=1788216528&sr=8-68&xpid=Ikybfd9YthLyw#customerReviews
2026-09-01 03:53:13 | INFO     | scraper.http_client | GET https://www.amazon.com/Elgin-Dual-Defense-Headphones-Reduction-Protection/dp/B0FK7J1RL2/ref=sr_1_65?adgrpid=164469006602&dib=eyJ2IjoiMSJ9.i7T5ZXdcKhOIx5F-45JM15zRf6mPIKdaReRRkaRvIT_jf2cVEurRjHVWn0DkYZHUpFZYoEcvWkEz0v7nPEqoumejqWbCVK7RT6FbPMwFRrSr0hNhbUlw1VcN0EkE82YU1w7HyHGMFkvthLlDX6dhCPJMJtSJRL04cakcBzbdzNpJVDIlTA0ibOhn1GYEXXQHq4RPGzoF40XR6HwmEdTV-BI4A4eqmvbwBA1Q12kLLGQ.z5AL2UylLEImo0yjgDwE7tgzpOvIfI3d1WjDaUTqyGg&dib_tag=se&hvadid=700586678785&hvdev=c&hvlocphy=9195804&hvnetw=g&hvqmt=b&hvrand=8754586290412050616&hvtargid=kwd-295324530136&hydadcr=8911_13540123&keywords=dual+mode+headphones&mcid=c8a6f557a6fd3cc2b55c015f01c94de7&qid=1788216528&sr=8-65&xpid=Ikybfd9YthLyw#customerReviews
2026-09-01 03:53:16 | INFO     | scraper.http_client | GET https://www.amazon.com/havit-Cancelling-Headphones-Bluetooth-Connection/dp/B0GKNH3WHB/ref=sr_1_36?adgrpid=164469006602&dib=eyJ2IjoiMSJ9.JzSI7GdAS-xLPnBEedVoIEBXP6DZppCt_S3FhMN8JKYJsxxq67nKOpGNtQ0tyjbilM0j0rIHRtHFu-GmnEQ9DDzq_w4Fbom0RydSgu_jslDRdSh9qfnTt1d1GUM2f7x4D058MaUmNrhqm36X3yUrHhjke2puToRcu0BWbMpMrrnFEDkOgRKYMD13uoIY1pAOwnQIzXvyf2UfSdGkvK0A-oRiScDd6rTJfkfcLFlwdi0.e05cV9TKuiC-wMCT4daY4Ruhf3JLZjms_r2EQRkd4C0&dib_tag=se&hvadid=700586678785&hvdev=c&hvlocphy=9195804&hvnetw=g&hvqmt=b&hvrand=8754586290412050616&hvtargid=kwd-295324530136&hydadcr=8911_13540123&keywords=dual+mode+headphones&mcid=c8a6f557a6fd3cc2b55c015f01c94de7&qid=1788216525&sr=8-36&xpid=Ikybfd9YthLyw#customerReviews
2026-09-01 03:53:19 | INFO     | scraper.http_client | GET https://www.amazon.com/Skullcandy-Bluetooth-Headphones-Multi-Sensory-Microphone/dp/B0G6LZ2TVK/ref=cs_sr_dp_loc_5?adgrpid=164469006602&dib=eyJ2IjoiMSJ9.oMFZReg_4Tb_-vlvFhHDHc79tOXQqlAUhyMi2dzfBoFa1E7lQpTw4CVwevwJ37iXt2QExw1tB1-XCPuVcm6X1HbC2zB_Vp_Go3CZ5CEvTlXEPq4zB5UIwG9_lyKK1FXH_SiIeonnrHrotACx2Tf9AFK_px1wNxg2WolAu9SonIAydds2qCIyI7iVaQLtbRHX3Cv3j3RYnXq-pupvm3erNct7B5Ey2vkMcXA2wJ6K-ts.gvbdeDbujOkstNl8aSXzXqHiMvTBnhresY4kQnAOEdg&dib_tag=se&hvadid=700586678785&hvdev=c&hvlocphy=9195804&hvnetw=g&hvqmt=b&hvrand=8754586290412050616&hvtargid=kwd-295324530136&hydadcr=8911_13540123&keywords=dual+mode+headphones&mcid=c8a6f557a6fd3cc2b55c015f01c94de7&qid=1788216519&sr=8-12
2026-09-01 03:53:22 | INFO     | scraper.http_client | GET https://www.amazon.com/TOZO-Cancelling-Wireless-Headphones-Headset/dp/B0GRYCZR2L/ref=sr_1_49?adgrpid=164469006602&dib=eyJ2IjoiMSJ9.JzSI7GdAS-xLPnBEedVoIEBXP6DZppCt_S3FhMN8JKYJsxxq67nKOpGNtQ0tyjbilM0j0rIHRtHFu-GmnEQ9DDzq_w4Fbom0RydSgu_jslDRdSh9qfnTt1d1GUM2f7x4D058MaUmNrhqm36X3yUrHhjke2puToRcu0BWbMpMrrnFEDkOgRKYMD13uoIY1pAOwnQIzXvyf2UfSdGkvK0A-oRiScDd6rTJfkfcLFlwdi0.e05cV9TKuiC-wMCT4daY4Ruhf3JLZjms_r2EQRkd4C0&dib_tag=se&hvadid=700586678785&hvdev=c&hvlocphy=9195804&hvnetw=g&hvqmt=b&hvrand=8754586290412050616&hvtargid=kwd-295324530136&hydadcr=8911_13540123&keywords=dual+mode+headphones&mcid=c8a6f557a6fd3cc2b55c015f01c94de7&qid=1788216525&sr=8-49&xpid=Ikybfd9YthLyw#customerReviews
2026-09-01 03:53:25 | INFO     | scraper.http_client | GET https://www.amazon.com/RUNOLIM-Cancelling-Headphones-Wireless-Bluetooth/dp/B0GYZ8R2BF/ref=cs_sr_dp_loc_4?adgrpid=164469006602&dib=eyJ2IjoiMSJ9.i7T5ZXdcKhOIx5F-45JM15zRf6mPIKdaReRRkaRvIT_jf2cVEurRjHVWn0DkYZHUpFZYoEcvWkEz0v7nPEqoumejqWbCVK7RT6FbPMwFRrSr0hNhbUlw1VcN0EkE82YU1w7HyHGMFkvthLlDX6dhCPJMJtSJRL04cakcBzbdzNpJVDIlTA0ibOhn1GYEXXQHq4RPGzoF40XR6HwmEdTV-BI4A4eqmvbwBA1Q12kLLGQ.z5AL2UylLEImo0yjgDwE7tgzpOvIfI3d1WjDaUTqyGg&dib_tag=se&hvadid=700586678785&hvdev=c&hvlocphy=9195804&hvnetw=g&hvqmt=b&hvrand=8754586290412050616&hvtargid=kwd-295324530136&hydadcr=8911_13540123&keywords=dual+mode+headphones&mcid=c8a6f557a6fd3cc2b55c015f01c94de7&qid=1788216528&sr=8-64&xpid=Ikybfd9YthLyw
2026-09-01 03:53:29 | INFO     | scraper.http_client | GET https://www.amazon.com/Tatybo-Headphones-Bluetooth-360%C2%B0Adjustable-Inalambricos/dp/B0G524T2YJ/ref=sr_1_55?adgrpid=164469006602&dib=eyJ2IjoiMSJ9.i7T5ZXdcKhOIx5F-45JM15zRf6mPIKdaReRRkaRvIT_jf2cVEurRjHVWn0DkYZHUpFZYoEcvWkEz0v7nPEqoumejqWbCVK7RT6FbPMwFRrSr0hNhbUlw1VcN0EkE82YU1w7HyHGMFkvthLlDX6dhCPJMJtSJRL04cakcBzbdzNpJVDIlTA0ibOhn1GYEXXQHq4RPGzoF40XR6HwmEdTV-BI4A4eqmvbwBA1Q12kLLGQ.z5AL2UylLEImo0yjgDwE7tgzpOvIfI3d1WjDaUTqyGg&dib_tag=se&hvadid=700586678785&hvdev=c&hvlocphy=9195804&hvnetw=g&hvqmt=b&hvrand=8754586290412050616&hvtargid=kwd-295324530136&hydadcr=8911_13540123&keywords=dual+mode+headphones&mcid=c8a6f557a6fd3cc2b55c015f01c94de7&qid=1788216528&sr=8-55&xpid=Ikybfd9YthLyw
2026-09-01 03:53:33 | INFO     | scraper.http_client | GET https://www.amazon.com/gp/goldbox?ref_=nav_cs_gb
2026-09-01 03:53:35 | INFO     | scraper.http_client | GET https://www.amazon.com/gp/help/customer/display.html?nodeId=468520&ref_=footer_shiprates
2026-09-01 03:53:36 | INFO     | scraper.http_client | GET https://www.amazon.com/BERIBES-Cancelling-Transparent-Soft-Earpads-Charging-Blue/dp/B0CFQBL9N6/ref=cs_sr_dp_loc_5?adgrpid=164469006602&dib=eyJ2IjoiMSJ9.oMFZReg_4Tb_-vlvFhHDHc79tOXQqlAUhyMi2dzfBoFa1E7lQpTw4CVwevwJ37iXt2QExw1tB1-XCPuVcm6X1HbC2zB_Vp_Go3CZ5CEvTlXEPq4zB5UIwG9_lyKK1FXH_SiIeonnrHrotACx2Tf9AFK_px1wNxg2WolAu9SonIAydds2qCIyI7iVaQLtbRHX3Cv3j3RYnXq-pupvm3erNct7B5Ey2vkMcXA2wJ6K-ts.gvbdeDbujOkstNl8aSXzXqHiMvTBnhresY4kQnAOEdg&dib_tag=se&hvadid=700586678785&hvdev=c&hvlocphy=9195804&hvnetw=g&hvqmt=b&hvrand=8754586290412050616&hvtargid=kwd-295324530136&hydadcr=8911_13540123&keywords=dual+mode+headphones&mcid=c8a6f557a6fd3cc2b55c015f01c94de7&qid=1788216519&sr=8-7
2026-09-01 03:53:39 | INFO     | scraper.http_client | GET https://www.amazon.com/TOZO-Cancelling-Wireless-Headphones-Headset/dp/B0GRXTK39J/ref=cs_sr_dp_loc_1?adgrpid=164469006602&dib=eyJ2IjoiMSJ9.Hs6fgafbi1RKxunmFvHXILC0HVPx3c9hWbvx8xBcUo1qNoAQOAhO2Z-r0N9xDoDjxSwOOmpmRcM7vHX-RVUoAQh21CSQeO7vRNTwC3aiXmPtvUuDiNKDV2U5hLqsth4_v7JgX1Ma_QZrRJvR7dq8TSCVdCPyK4CkHQcHcCv3XNfoGObZaTHyx1pjITHh7v56Oloq1u2h2KSMP410GEfcZs76zGrQREvdyAV7UlD_XSY.P3po1REJrH0oFz8UwZICpqvoxPSzD4lOdoHu5pUHxYs&dib_tag=se&hvadid=700586678785&hvdev=c&hvlocphy=9195804&hvnetw=g&hvqmt=b&hvrand=8754586290412050616&hvtargid=kwd-295324530136&hydadcr=8911_13540123&keywords=dual+mode+headphones&mcid=c8a6f557a6fd3cc2b55c015f01c94de7&qid=1788216523&sr=8-28&xpid=Ikybfd9YthLyw
2026-09-01 03:53:42 | INFO     | scraper.http_client | GET https://www.amazon.com/Bluetooth-Over-Ear-Headphones-Foldable-Prolonged/dp/B07Q8G7K48/ref=cs_sr_dp_loc_2?adgrpid=164469006602&dib=eyJ2IjoiMSJ9.JzSI7GdAS-xLPnBEedVoIEBXP6DZppCt_S3FhMN8JKYJsxxq67nKOpGNtQ0tyjbilM0j0rIHRtHFu-GmnEQ9DDzq_w4Fbom0RydSgu_jslDRdSh9qfnTt1d1GUM2f7x4D058MaUmNrhqm36X3yUrHhjke2puToRcu0BWbMpMrrnFEDkOgRKYMD13uoIY1pAOwnQIzXvyf2UfSdGkvK0A-oRiScDd6rTJfkfcLFlwdi0.e05cV9TKuiC-wMCT4daY4Ruhf3JLZjms_r2EQRkd4C0&dib_tag=se&hvadid=700586678785&hvdev=c&hvlocphy=9195804&hvnetw=g&hvqmt=b&hvrand=8754586290412050616&hvtargid=kwd-295324530136&hydadcr=8911_13540123&keywords=dual+mode+headphones&mcid=c8a6f557a6fd3cc2b55c015f01c94de7&qid=1788216525&sr=8-35&xpid=Ikybfd9YthLyw
2026-09-01 03:53:45 | INFO     | scraper.http_client | GET https://www.amazon.com/MHTEC-Bluetooth-Headphones-Headphone-Microphone/dp/B0F63QSWVD/ref=sr_1_17?adgrpid=164469006602&dib=eyJ2IjoiMSJ9.Hs6fgafbi1RKxunmFvHXILC0HVPx3c9hWbvx8xBcUo1qNoAQOAhO2Z-r0N9xDoDjxSwOOmpmRcM7vHX-RVUoAQh21CSQeO7vRNTwC3aiXmPtvUuDiNKDV2U5hLqsth4_v7JgX1Ma_QZrRJvR7dq8TSCVdCPyK4CkHQcHcCv3XNfoGObZaTHyx1pjITHh7v56Oloq1u2h2KSMP410GEfcZs76zGrQREvdyAV7UlD_XSY.P3po1REJrH0oFz8UwZICpqvoxPSzD4lOdoHu5pUHxYs&dib_tag=se&hvadid=700586678785&hvdev=c&hvlocphy=9195804&hvnetw=g&hvqmt=b&hvrand=8754586290412050616&hvtargid=kwd-295324530136&hydadcr=8911_13540123&keywords=dual+mode+headphones&mcid=c8a6f557a6fd3cc2b55c015f01c94de7&qid=1788216523&sr=8-17&xpid=Ikybfd9YthLyw#customerReviews
2026-09-01 03:53:48 | INFO     | scraper.http_client | GET https://www.amazon.com/Bluetooth-Headphones-BERIBES-Microphone-Lightweight/dp/B0B8YKH8PZ/ref=cs_sr_dp_loc_4?adgrpid=164469006602&dib=eyJ2IjoiMSJ9.oMFZReg_4Tb_-vlvFhHDHc79tOXQqlAUhyMi2dzfBoFa1E7lQpTw4CVwevwJ37iXt2QExw1tB1-XCPuVcm6X1HbC2zB_Vp_Go3CZ5CEvTlXEPq4zB5UIwG9_lyKK1FXH_SiIeonnrHrotACx2Tf9AFK_px1wNxg2WolAu9SonIAydds2qCIyI7iVaQLtbRHX3Cv3j3RYnXq-pupvm3erNct7B5Ey2vkMcXA2wJ6K-ts.gvbdeDbujOkstNl8aSXzXqHiMvTBnhresY4kQnAOEdg&dib_tag=se&hvadid=700586678785&hvdev=c&hvlocphy=9195804&hvnetw=g&hvqmt=b&hvrand=8754586290412050616&hvtargid=kwd-295324530136&hydadcr=8911_13540123&keywords=dual+mode+headphones&mcid=c8a6f557a6fd3cc2b55c015f01c94de7&qid=1788216519&sr=8-8
2026-09-01 03:53:51 | INFO     | scraper.http_client | GET https://www.amazon.com/UGREEN-Bluetooth-Ger%C3%A4uschunterdr%C3%BCckung-R%C3%A4umlichen-Verbindung/dp/B0CWV5LG6M/ref=sr_1_10?adgrpid=164469006602&dib=eyJ2IjoiMSJ9.oMFZReg_4Tb_-vlvFhHDHc79tOXQqlAUhyMi2dzfBoFa1E7lQpTw4CVwevwJ37iXt2QExw1tB1-XCPuVcm6X1HbC2zB_Vp_Go3CZ5CEvTlXEPq4zB5UIwG9_lyKK1FXH_SiIeonnrHrotACx2Tf9AFK_px1wNxg2WolAu9SonIAydds2qCIyI7iVaQLtbRHX3Cv3j3RYnXq-pupvm3erNct7B5Ey2vkMcXA2wJ6K-ts.gvbdeDbujOkstNl8aSXzXqHiMvTBnhresY4kQnAOEdg&dib_tag=se&hvadid=700586678785&hvdev=c&hvlocphy=9195804&hvnetw=g&hvqmt=b&hvrand=8754586290412050616&hvtargid=kwd-295324530136&hydadcr=8911_13540123&keywords=dual+mode+headphones&mcid=c8a6f557a6fd3cc2b55c015f01c94de7&qid=1788216519&sr=8-10
2026-09-01 03:53:54 | INFO     | scraper.http_client | GET https://www.amazon.com/Bluetooth-Microphone-Cancelling-Dual-Mode-Headphones/dp/B0H6PSSDTY/ref=sr_1_39?adgrpid=164469006602&dib=eyJ2IjoiMSJ9.JzSI7GdAS-xLPnBEedVoIEBXP6DZppCt_S3FhMN8JKYJsxxq67nKOpGNtQ0tyjbilM0j0rIHRtHFu-GmnEQ9DDzq_w4Fbom0RydSgu_jslDRdSh9qfnTt1d1GUM2f7x4D058MaUmNrhqm36X3yUrHhjke2puToRcu0BWbMpMrrnFEDkOgRKYMD13uoIY1pAOwnQIzXvyf2UfSdGkvK0A-oRiScDd6rTJfkfcLFlwdi0.e05cV9TKuiC-wMCT4daY4Ruhf3JLZjms_r2EQRkd4C0&dib_tag=se&hvadid=700586678785&hvdev=c&hvlocphy=9195804&hvnetw=g&hvqmt=b&hvrand=8754586290412050616&hvtargid=kwd-295324530136&hydadcr=8911_13540123&keywords=dual+mode+headphones&mcid=c8a6f557a6fd3cc2b55c015f01c94de7&qid=1788216525&sr=8-39&xpid=Ikybfd9YthLyw
2026-09-01 03:53:57 | INFO     | scraper.http_client | GET https://www.amazon.com/Picun-B8-Bluetooth-Headphones-Hands-Free/dp/B0CFV9XR2Q/ref=cs_sr_dp_loc_3?adgrpid=164469006602&dib=eyJ2IjoiMSJ9.Hs6fgafbi1RKxunmFvHXILC0HVPx3c9hWbvx8xBcUo1qNoAQOAhO2Z-r0N9xDoDjxSwOOmpmRcM7vHX-RVUoAQh21CSQeO7vRNTwC3aiXmPtvUuDiNKDV2U5hLqsth4_v7JgX1Ma_QZrRJvR7dq8TSCVdCPyK4CkHQcHcCv3XNfoGObZaTHyx1pjITHh7v56Oloq1u2h2KSMP410GEfcZs76zGrQREvdyAV7UlD_XSY.P3po1REJrH0oFz8UwZICpqvoxPSzD4lOdoHu5pUHxYs&dib_tag=se&hvadid=700586678785&hvdev=c&hvlocphy=9195804&hvnetw=g&hvqmt=b&hvrand=8754586290412050616&hvtargid=kwd-295324530136&hydadcr=8911_13540123&keywords=dual+mode+headphones&mcid=c8a6f557a6fd3cc2b55c015f01c94de7&qid=1788216523&sr=8-27&xpid=Ikybfd9YthLyw
2026-09-01 03:54:01 | INFO     | scraper.http_client | GET https://www.amazon.com/MHTEC-Bluetooth-Headphones-Headphone-Microphone/dp/B0F63HFLJ2/ref=cs_sr_dp_loc_2?adgrpid=164469006602&dib=eyJ2IjoiMSJ9.Hs6fgafbi1RKxunmFvHXILC0HVPx3c9hWbvx8xBcUo1qNoAQOAhO2Z-r0N9xDoDjxSwOOmpmRcM7vHX-RVUoAQh21CSQeO7vRNTwC3aiXmPtvUuDiNKDV2U5hLqsth4_v7JgX1Ma_QZrRJvR7dq8TSCVdCPyK4CkHQcHcCv3XNfoGObZaTHyx1pjITHh7v56Oloq1u2h2KSMP410GEfcZs76zGrQREvdyAV7UlD_XSY.P3po1REJrH0oFz8UwZICpqvoxPSzD4lOdoHu5pUHxYs&dib_tag=se&hvadid=700586678785&hvdev=c&hvlocphy=9195804&hvnetw=g&hvqmt=b&hvrand=8754586290412050616&hvtargid=kwd-295324530136&hydadcr=8911_13540123&keywords=dual+mode+headphones&mcid=c8a6f557a6fd3cc2b55c015f01c94de7&qid=1788216523&sr=8-17&xpid=Ikybfd9YthLyw
2026-09-01 03:54:04 | INFO     | scraper.http_client | GET https://www.amazon.com/Picun-B8-Bluetooth-Headphones-Hands-Free/dp/B0D5HFLY4Y/ref=sr_1_27?adgrpid=164469006602&dib=eyJ2IjoiMSJ9.Hs6fgafbi1RKxunmFvHXILC0HVPx3c9hWbvx8xBcUo1qNoAQOAhO2Z-r0N9xDoDjxSwOOmpmRcM7vHX-RVUoAQh21CSQeO7vRNTwC3aiXmPtvUuDiNKDV2U5hLqsth4_v7JgX1Ma_QZrRJvR7dq8TSCVdCPyK4CkHQcHcCv3XNfoGObZaTHyx1pjITHh7v56Oloq1u2h2KSMP410GEfcZs76zGrQREvdyAV7UlD_XSY.P3po1REJrH0oFz8UwZICpqvoxPSzD4lOdoHu5pUHxYs&dib_tag=se&hvadid=700586678785&hvdev=c&hvlocphy=9195804&hvnetw=g&hvqmt=b&hvrand=8754586290412050616&hvtargid=kwd-295324530136&hydadcr=8911_13540123&keywords=dual+mode+headphones&mcid=c8a6f557a6fd3cc2b55c015f01c94de7&qid=1788216523&sr=8-27&xpid=Ikybfd9YthLyw
2026-09-01 03:54:07 | INFO     | scraper.http_client | GET https://www.amazon.com/Razer-BlackShark-HyperSpeed-Wireless-Headset/dp/B0GGM8NH6L/ref=cs_sr_dp_loc_2?adgrpid=164469006602&dib=eyJ2IjoiMSJ9.i7T5ZXdcKhOIx5F-45JM15zRf6mPIKdaReRRkaRvIT_jf2cVEurRjHVWn0DkYZHUpFZYoEcvWkEz0v7nPEqoumejqWbCVK7RT6FbPMwFRrSr0hNhbUlw1VcN0EkE82YU1w7HyHGMFkvthLlDX6dhCPJMJtSJRL04cakcBzbdzNpJVDIlTA0ibOhn1GYEXXQHq4RPGzoF40XR6HwmEdTV-BI4A4eqmvbwBA1Q12kLLGQ.z5AL2UylLEImo0yjgDwE7tgzpOvIfI3d1WjDaUTqyGg&dib_tag=se&hvadid=700586678785&hvdev=c&hvlocphy=9195804&hvnetw=g&hvqmt=b&hvrand=8754586290412050616&hvtargid=kwd-295324530136&hydadcr=8911_13540123&keywords=dual+mode+headphones&mcid=c8a6f557a6fd3cc2b55c015f01c94de7&qid=1788216528&sr=8-57&xpid=Ikybfd9YthLyw
2026-09-01 03:54:10 | INFO     | scraper.http_client | GET https://www.amazon.com/GNMN-Cancelling-Headphones-Microphone-Waterproof/dp/B0HCPLS5PC/ref=sr_1_47?adgrpid=164469006602&dib=eyJ2IjoiMSJ9.JzSI7GdAS-xLPnBEedVoIEBXP6DZppCt_S3FhMN8JKYJsxxq67nKOpGNtQ0tyjbilM0j0rIHRtHFu-GmnEQ9DDzq_w4Fbom0RydSgu_jslDRdSh9qfnTt1d1GUM2f7x4D058MaUmNrhqm36X3yUrHhjke2puToRcu0BWbMpMrrnFEDkOgRKYMD13uoIY1pAOwnQIzXvyf2UfSdGkvK0A-oRiScDd6rTJfkfcLFlwdi0.e05cV9TKuiC-wMCT4daY4Ruhf3JLZjms_r2EQRkd4C0&dib_tag=se&hvadid=700586678785&hvdev=c&hvlocphy=9195804&hvnetw=g&hvqmt=b&hvrand=8754586290412050616&hvtargid=kwd-295324530136&hydadcr=8911_13540123&keywords=dual+mode+headphones&mcid=c8a6f557a6fd3cc2b55c015f01c94de7&qid=1788216525&sr=8-47&xpid=Ikybfd9YthLyw
2026-09-01 03:54:13 | INFO     | scraper.http_client | GET https://www.amazon.com/Bluetooth-Over-Ear-Headphones-Foldable-Prolonged/dp/B07QGVMCJG/ref=cs_sr_dp_loc_3?adgrpid=164469006602&dib=eyJ2IjoiMSJ9.JzSI7GdAS-xLPnBEedVoIEBXP6DZppCt_S3FhMN8JKYJsxxq67nKOpGNtQ0tyjbilM0j0rIHRtHFu-GmnEQ9DDzq_w4Fbom0RydSgu_jslDRdSh9qfnTt1d1GUM2f7x4D058MaUmNrhqm36X3yUrHhjke2puToRcu0BWbMpMrrnFEDkOgRKYMD13uoIY1pAOwnQIzXvyf2UfSdGkvK0A-oRiScDd6rTJfkfcLFlwdi0.e05cV9TKuiC-wMCT4daY4Ruhf3JLZjms_r2EQRkd4C0&dib_tag=se&hvadid=700586678785&hvdev=c&hvlocphy=9195804&hvnetw=g&hvqmt=b&hvrand=8754586290412050616&hvtargid=kwd-295324530136&hydadcr=8911_13540123&keywords=dual+mode+headphones&mcid=c8a6f557a6fd3cc2b55c015f01c94de7&qid=1788216525&sr=8-35&xpid=Ikybfd9YthLyw
2026-09-01 03:54:17 | INFO     | scraper.http_client | GET https://www.amazon.com/PSIER-Conduction-Headphones-Swimming-Waterproof/dp/B0BX588J3H/ref=cs_sr_dp_loc_4?adgrpid=164469006602&dib=eyJ2IjoiMSJ9.i7T5ZXdcKhOIx5F-45JM15zRf6mPIKdaReRRkaRvIT_jf2cVEurRjHVWn0DkYZHUpFZYoEcvWkEz0v7nPEqoumejqWbCVK7RT6FbPMwFRrSr0hNhbUlw1VcN0EkE82YU1w7HyHGMFkvthLlDX6dhCPJMJtSJRL04cakcBzbdzNpJVDIlTA0ibOhn1GYEXXQHq4RPGzoF40XR6HwmEdTV-BI4A4eqmvbwBA1Q12kLLGQ.z5AL2UylLEImo0yjgDwE7tgzpOvIfI3d1WjDaUTqyGg&dib_tag=se&hvadid=700586678785&hvdev=c&hvlocphy=9195804&hvnetw=g&hvqmt=b&hvrand=8754586290412050616&hvtargid=kwd-295324530136&hydadcr=8911_13540123&keywords=dual+mode+headphones&mcid=c8a6f557a6fd3cc2b55c015f01c94de7&qid=1788216528&sr=8-52&xpid=Ikybfd9YthLyw
2026-09-01 03:54:20 | INFO     | scraper.http_client | GET https://www.amazon.com/gp/seller-account/mm-summary-page.html?ld=AZFooterSelfPublish&topic=200260520&ref_=footer_publishing
2026-09-01 03:54:22 | INFO     | scraper.http_client | GET https://www.amazon.com/gp/browse.html?node=16218619011&ref_=footer_swp
2026-09-01 03:54:24 | INFO     | scraper.http_client | GET https://www.amazon.com/Bluetooth-Headphones-KVIDIO-Microphone-Lightweight/dp/B0C3LNV52V/ref=cs_sr_dp_loc_4?adgrpid=164469006602&dib=eyJ2IjoiMSJ9.oMFZReg_4Tb_-vlvFhHDHc79tOXQqlAUhyMi2dzfBoFa1E7lQpTw4CVwevwJ37iXt2QExw1tB1-XCPuVcm6X1HbC2zB_Vp_Go3CZ5CEvTlXEPq4zB5UIwG9_lyKK1FXH_SiIeonnrHrotACx2Tf9AFK_px1wNxg2WolAu9SonIAydds2qCIyI7iVaQLtbRHX3Cv3j3RYnXq-pupvm3erNct7B5Ey2vkMcXA2wJ6K-ts.gvbdeDbujOkstNl8aSXzXqHiMvTBnhresY4kQnAOEdg&dib_tag=se&hvadid=700586678785&hvdev=c&hvlocphy=9195804&hvnetw=g&hvqmt=b&hvrand=8754586290412050616&hvtargid=kwd-295324530136&hydadcr=8911_13540123&keywords=dual+mode+headphones&mcid=c8a6f557a6fd3cc2b55c015f01c94de7&qid=1788216519&sr=8-4
2026-09-01 03:54:27 | INFO     | scraper.http_client | GET https://www.amazon.com/Bluetooth-Over-Ear-Headphones-Foldable-Prolonged/dp/B07K5214NZ/ref=sr_1_35?adgrpid=164469006602&dib=eyJ2IjoiMSJ9.JzSI7GdAS-xLPnBEedVoIEBXP6DZppCt_S3FhMN8JKYJsxxq67nKOpGNtQ0tyjbilM0j0rIHRtHFu-GmnEQ9DDzq_w4Fbom0RydSgu_jslDRdSh9qfnTt1d1GUM2f7x4D058MaUmNrhqm36X3yUrHhjke2puToRcu0BWbMpMrrnFEDkOgRKYMD13uoIY1pAOwnQIzXvyf2UfSdGkvK0A-oRiScDd6rTJfkfcLFlwdi0.e05cV9TKuiC-wMCT4daY4Ruhf3JLZjms_r2EQRkd4C0&dib_tag=se&hvadid=700586678785&hvdev=c&hvlocphy=9195804&hvnetw=g&hvqmt=b&hvrand=8754586290412050616&hvtargid=kwd-295324530136&hydadcr=8911_13540123&keywords=dual+mode+headphones&mcid=c8a6f557a6fd3cc2b55c015f01c94de7&qid=1788216525&sr=8-35&xpid=Ikybfd9YthLyw#customerReviews
2026-09-01 03:54:30 | INFO     | scraper.http_client | GET https://www.amazon.com/Wireless-Headset-Bluetooth-Noise-Cancelling/dp/B0HDN7ZZWT/ref=sr_1_48?adgrpid=164469006602&dib=eyJ2IjoiMSJ9.JzSI7GdAS-xLPnBEedVoIEBXP6DZppCt_S3FhMN8JKYJsxxq67nKOpGNtQ0tyjbilM0j0rIHRtHFu-GmnEQ9DDzq_w4Fbom0RydSgu_jslDRdSh9qfnTt1d1GUM2f7x4D058MaUmNrhqm36X3yUrHhjke2puToRcu0BWbMpMrrnFEDkOgRKYMD13uoIY1pAOwnQIzXvyf2UfSdGkvK0A-oRiScDd6rTJfkfcLFlwdi0.e05cV9TKuiC-wMCT4daY4Ruhf3JLZjms_r2EQRkd4C0&dib_tag=se&hvadid=700586678785&hvdev=c&hvlocphy=9195804&hvnetw=g&hvqmt=b&hvrand=8754586290412050616&hvtargid=kwd-295324530136&hydadcr=8911_13540123&keywords=dual+mode+headphones&mcid=c8a6f557a6fd3cc2b55c015f01c94de7&qid=1788216525&sr=8-48&xpid=Ikybfd9YthLyw#customerReviews
2026-09-01 03:54:32 | INFO     | scraper.http_client | GET https://www.amazon.com/TOZO-Cancelling-Headphones-Bluetooth-Assistant/dp/B0FPCGMXJB/ref=sr_1_1?adgrpid=164469006602&dib=eyJ2IjoiMSJ9.oMFZReg_4Tb_-vlvFhHDHc79tOXQqlAUhyMi2dzfBoFa1E7lQpTw4CVwevwJ37iXt2QExw1tB1-XCPuVcm6X1HbC2zB_Vp_Go3CZ5CEvTlXEPq4zB5UIwG9_lyKK1FXH_SiIeonnrHrotACx2Tf9AFK_px1wNxg2WolAu9SonIAydds2qCIyI7iVaQLtbRHX3Cv3j3RYnXq-pupvm3erNct7B5Ey2vkMcXA2wJ6K-ts.gvbdeDbujOkstNl8aSXzXqHiMvTBnhresY4kQnAOEdg&dib_tag=se&hvadid=700586678785&hvdev=c&hvlocphy=9195804&hvnetw=g&hvqmt=b&hvrand=8754586290412050616&hvtargid=kwd-295324530136&hydadcr=8911_13540123&keywords=dual+mode+headphones&mcid=c8a6f557a6fd3cc2b55c015f01c94de7&qid=1788216519&sr=8-1
2026-09-01 03:54:36 | INFO     | scraper.http_client | GET https://www.amazon.com/soundcore-Cancelling-Headphones-Bluetooth-Transparency/dp/B0C3HCD34R/ref=sr_1_3_so_HEADPHONES?adgrpid=164469006602&dib=eyJ2IjoiMSJ9.oMFZReg_4Tb_-vlvFhHDHc79tOXQqlAUhyMi2dzfBoFa1E7lQpTw4CVwevwJ37iXt2QExw1tB1-XCPuVcm6X1HbC2zB_Vp_Go3CZ5CEvTlXEPq4zB5UIwG9_lyKK1FXH_SiIeonnrHrotACx2Tf9AFK_px1wNxg2WolAu9SonIAydds2qCIyI7iVaQLtbRHX3Cv3j3RYnXq-pupvm3erNct7B5Ey2vkMcXA2wJ6K-ts.gvbdeDbujOkstNl8aSXzXqHiMvTBnhresY4kQnAOEdg&dib_tag=se&hvadid=700586678785&hvdev=c&hvlocphy=9195804&hvnetw=g&hvqmt=b&hvrand=8754586290412050616&hvtargid=kwd-295324530136&hydadcr=8911_13540123&keywords=dual+mode+headphones&mcid=c8a6f557a6fd3cc2b55c015f01c94de7&qid=1788216519&sr=8-3
2026-09-01 03:54:39 | INFO     | scraper.http_client | GET https://www.amazon.com/Cancelling-Headphones-Wireless-Bluetooth-Battery/dp/B0GTQ45KPB/ref=sr_1_19?adgrpid=164469006602&dib=eyJ2IjoiMSJ9.Hs6fgafbi1RKxunmFvHXILC0HVPx3c9hWbvx8xBcUo1qNoAQOAhO2Z-r0N9xDoDjxSwOOmpmRcM7vHX-RVUoAQh21CSQeO7vRNTwC3aiXmPtvUuDiNKDV2U5hLqsth4_v7JgX1Ma_QZrRJvR7dq8TSCVdCPyK4CkHQcHcCv3XNfoGObZaTHyx1pjITHh7v56Oloq1u2h2KSMP410GEfcZs76zGrQREvdyAV7UlD_XSY.P3po1REJrH0oFz8UwZICpqvoxPSzD4lOdoHu5pUHxYs&dib_tag=se&hvadid=700586678785&hvdev=c&hvlocphy=9195804&hvnetw=g&hvqmt=b&hvrand=8754586290412050616&hvtargid=kwd-295324530136&hydadcr=8911_13540123&keywords=dual+mode+headphones&mcid=c8a6f557a6fd3cc2b55c015f01c94de7&qid=1788216523&sr=8-19&xpid=Ikybfd9YthLyw#customerReviews
2026-09-01 03:54:41 | INFO     | scraper.http_client | GET https://www.amazon.com/MHTEC-Bluetooth-Headphones-Headphone-Microphone/dp/B0F63SN5WS/ref=cs_sr_dp_loc_3?adgrpid=164469006602&dib=eyJ2IjoiMSJ9.Hs6fgafbi1RKxunmFvHXILC0HVPx3c9hWbvx8xBcUo1qNoAQOAhO2Z-r0N9xDoDjxSwOOmpmRcM7vHX-RVUoAQh21CSQeO7vRNTwC3aiXmPtvUuDiNKDV2U5hLqsth4_v7JgX1Ma_QZrRJvR7dq8TSCVdCPyK4CkHQcHcCv3XNfoGObZaTHyx1pjITHh7v56Oloq1u2h2KSMP410GEfcZs76zGrQREvdyAV7UlD_XSY.P3po1REJrH0oFz8UwZICpqvoxPSzD4lOdoHu5pUHxYs&dib_tag=se&hvadid=700586678785&hvdev=c&hvlocphy=9195804&hvnetw=g&hvqmt=b&hvrand=8754586290412050616&hvtargid=kwd-295324530136&hydadcr=8911_13540123&keywords=dual+mode+headphones&mcid=c8a6f557a6fd3cc2b55c015f01c94de7&qid=1788216523&sr=8-17&xpid=Ikybfd9YthLyw
2026-09-01 03:54:45 | INFO     | scraper.http_client | GET https://www.amazon.com/Tatybo-Headphones-Bluetooth-360%C2%B0Adjustable-Inalambricos/dp/B0F2TCZC7C/ref=cs_sr_dp_loc_4?adgrpid=164469006602&dib=eyJ2IjoiMSJ9.i7T5ZXdcKhOIx5F-45JM15zRf6mPIKdaReRRkaRvIT_jf2cVEurRjHVWn0DkYZHUpFZYoEcvWkEz0v7nPEqoumejqWbCVK7RT6FbPMwFRrSr0hNhbUlw1VcN0EkE82YU1w7HyHGMFkvthLlDX6dhCPJMJtSJRL04cakcBzbdzNpJVDIlTA0ibOhn1GYEXXQHq4RPGzoF40XR6HwmEdTV-BI4A4eqmvbwBA1Q12kLLGQ.z5AL2UylLEImo0yjgDwE7tgzpOvIfI3d1WjDaUTqyGg&dib_tag=se&hvadid=700586678785&hvdev=c&hvlocphy=9195804&hvnetw=g&hvqmt=b&hvrand=8754586290412050616&hvtargid=kwd-295324530136&hydadcr=8911_13540123&keywords=dual+mode+headphones&mcid=c8a6f557a6fd3cc2b55c015f01c94de7&qid=1788216528&sr=8-55&xpid=Ikybfd9YthLyw
2026-09-01 03:54:48 | INFO     | scraper.http_client | GET https://www.amazon.com/RUNOLIM-Cancelling-Headphones-Wireless-Bluetooth/dp/B0BR9QJS5R/ref=cs_sr_dp_loc_3?adgrpid=164469006602&dib=eyJ2IjoiMSJ9.i7T5ZXdcKhOIx5F-45JM15zRf6mPIKdaReRRkaRvIT_jf2cVEurRjHVWn0DkYZHUpFZYoEcvWkEz0v7nPEqoumejqWbCVK7RT6FbPMwFRrSr0hNhbUlw1VcN0EkE82YU1w7HyHGMFkvthLlDX6dhCPJMJtSJRL04cakcBzbdzNpJVDIlTA0ibOhn1GYEXXQHq4RPGzoF40XR6HwmEdTV-BI4A4eqmvbwBA1Q12kLLGQ.z5AL2UylLEImo0yjgDwE7tgzpOvIfI3d1WjDaUTqyGg&dib_tag=se&hvadid=700586678785&hvdev=c&hvlocphy=9195804&hvnetw=g&hvqmt=b&hvrand=8754586290412050616&hvtargid=kwd-295324530136&hydadcr=8911_13540123&keywords=dual+mode+headphones&mcid=c8a6f557a6fd3cc2b55c015f01c94de7&qid=1788216528&sr=8-64&xpid=Ikybfd9YthLyw
2026-09-01 03:54:51 | INFO     | scraper.http_client | GET https://www.amazon.com/Wireless-Headphones-Transmitter-Charging-Bluetooth/dp/B0FX4ZY78T/ref=sr_1_66?adgrpid=164469006602&dib=eyJ2IjoiMSJ9.i7T5ZXdcKhOIx5F-45JM15zRf6mPIKdaReRRkaRvIT_jf2cVEurRjHVWn0DkYZHUpFZYoEcvWkEz0v7nPEqoumejqWbCVK7RT6FbPMwFRrSr0hNhbUlw1VcN0EkE82YU1w7HyHGMFkvthLlDX6dhCPJMJtSJRL04cakcBzbdzNpJVDIlTA0ibOhn1GYEXXQHq4RPGzoF40XR6HwmEdTV-BI4A4eqmvbwBA1Q12kLLGQ.z5AL2UylLEImo0yjgDwE7tgzpOvIfI3d1WjDaUTqyGg&dib_tag=se&hvadid=700586678785&hvdev=c&hvlocphy=9195804&hvnetw=g&hvqmt=b&hvrand=8754586290412050616&hvtargid=kwd-295324530136&hydadcr=8911_13540123&keywords=dual+mode+headphones&mcid=c8a6f557a6fd3cc2b55c015f01c94de7&qid=1788216528&sr=8-66&xpid=Ikybfd9YthLyw
2026-09-01 03:54:54 | INFO     | scraper.http_client | GET https://www.amazon.com/TALIX-Cancelling-Headphones-Playtime-Bluetooth/dp/B0GKFYF1G3/ref=cs_sr_dp_loc_3?adgrpid=164469006602&dib=eyJ2IjoiMSJ9.JzSI7GdAS-xLPnBEedVoIEBXP6DZppCt_S3FhMN8JKYJsxxq67nKOpGNtQ0tyjbilM0j0rIHRtHFu-GmnEQ9DDzq_w4Fbom0RydSgu_jslDRdSh9qfnTt1d1GUM2f7x4D058MaUmNrhqm36X3yUrHhjke2puToRcu0BWbMpMrrnFEDkOgRKYMD13uoIY1pAOwnQIzXvyf2UfSdGkvK0A-oRiScDd6rTJfkfcLFlwdi0.e05cV9TKuiC-wMCT4daY4Ruhf3JLZjms_r2EQRkd4C0&dib_tag=se&hvadid=700586678785&hvdev=c&hvlocphy=9195804&hvnetw=g&hvqmt=b&hvrand=8754586290412050616&hvtargid=kwd-295324530136&hydadcr=8911_13540123&keywords=dual+mode+headphones&mcid=c8a6f557a6fd3cc2b55c015f01c94de7&qid=1788216525&sr=8-50&xpid=Ikybfd9YthLyw
2026-09-01 03:54:57 | INFO     | scraper.http_client | GET https://www.amazon.com/Bluetooth-Headphones-KVIDIO-Microphone-Lightweight/dp/B09BF64J55/ref=sr_1_4?adgrpid=164469006602&dib=eyJ2IjoiMSJ9.oMFZReg_4Tb_-vlvFhHDHc79tOXQqlAUhyMi2dzfBoFa1E7lQpTw4CVwevwJ37iXt2QExw1tB1-XCPuVcm6X1HbC2zB_Vp_Go3CZ5CEvTlXEPq4zB5UIwG9_lyKK1FXH_SiIeonnrHrotACx2Tf9AFK_px1wNxg2WolAu9SonIAydds2qCIyI7iVaQLtbRHX3Cv3j3RYnXq-pupvm3erNct7B5Ey2vkMcXA2wJ6K-ts.gvbdeDbujOkstNl8aSXzXqHiMvTBnhresY4kQnAOEdg&dib_tag=se&hvadid=700586678785&hvdev=c&hvlocphy=9195804&hvnetw=g&hvqmt=b&hvrand=8754586290412050616&hvtargid=kwd-295324530136&hydadcr=8911_13540123&keywords=dual+mode+headphones&mcid=c8a6f557a6fd3cc2b55c015f01c94de7&qid=1788216519&sr=8-4
2026-09-01 03:55:01 | INFO     | scraper.http_client | GET https://www.amazon.com/Lenovo-4XD1S19777-Headphones-Earphones/dp/B0H1K791VV/ref=cs_sr_dp_loc_2?adgrpid=164469006602&dib=eyJ2IjoiMSJ9.oMFZReg_4Tb_-vlvFhHDHc79tOXQqlAUhyMi2dzfBoFa1E7lQpTw4CVwevwJ37iXt2QExw1tB1-XCPuVcm6X1HbC2zB_Vp_Go3CZ5CEvTlXEPq4zB5UIwG9_lyKK1FXH_SiIeonnrHrotACx2Tf9AFK_px1wNxg2WolAu9SonIAydds2qCIyI7iVaQLtbRHX3Cv3j3RYnXq-pupvm3erNct7B5Ey2vkMcXA2wJ6K-ts.gvbdeDbujOkstNl8aSXzXqHiMvTBnhresY4kQnAOEdg&dib_tag=se&hvadid=700586678785&hvdev=c&hvlocphy=9195804&hvnetw=g&hvqmt=b&hvrand=8754586290412050616&hvtargid=kwd-295324530136&hydadcr=8911_13540123&keywords=dual+mode+headphones&mcid=c8a6f557a6fd3cc2b55c015f01c94de7&qid=1788216519&sr=8-14
2026-09-01 03:55:05 | INFO     | scraper.http_client | GET https://www.amazon.com/LORELEI-B-C6-Headphones-Lightweight-Microphone/dp/B0BRN1KPVB/ref=sr_1_44?adgrpid=164469006602&dib=eyJ2IjoiMSJ9.JzSI7GdAS-xLPnBEedVoIEBXP6DZppCt_S3FhMN8JKYJsxxq67nKOpGNtQ0tyjbilM0j0rIHRtHFu-GmnEQ9DDzq_w4Fbom0RydSgu_jslDRdSh9qfnTt1d1GUM2f7x4D058MaUmNrhqm36X3yUrHhjke2puToRcu0BWbMpMrrnFEDkOgRKYMD13uoIY1pAOwnQIzXvyf2UfSdGkvK0A-oRiScDd6rTJfkfcLFlwdi0.e05cV9TKuiC-wMCT4daY4Ruhf3JLZjms_r2EQRkd4C0&dib_tag=se&hvadid=700586678785&hvdev=c&hvlocphy=9195804&hvnetw=g&hvqmt=b&hvrand=8754586290412050616&hvtargid=kwd-295324530136&hydadcr=8911_13540123&keywords=dual+mode+headphones&mcid=c8a6f557a6fd3cc2b55c015f01c94de7&qid=1788216525&sr=8-44&xpid=Ikybfd9YthLyw
2026-09-01 03:55:10 | INFO     | scraper.http_client | GET https://www.amazon.com/gp/site-directory?ref_=nav_em_js_disabled
2026-09-01 03:55:10 | WARNING  | scraper.http_client | Request failed for https://www.amazon.com/gp/site-directory?ref_=nav_em_js_disabled: 404 Client Error: Not Found for url: https://www.amazon.com/gp/site-directory?ref_=nav_em_js_disabled
2026-09-01 03:55:11 | INFO     | scraper.http_client | GET https://www.amazon.com/Cancelling-Bluetooth-Headphones-Waterproof-Transparency/dp/B0H9D2RG6Y/ref=sr_1_45?adgrpid=164469006602&dib=eyJ2IjoiMSJ9.JzSI7GdAS-xLPnBEedVoIEBXP6DZppCt_S3FhMN8JKYJsxxq67nKOpGNtQ0tyjbilM0j0rIHRtHFu-GmnEQ9DDzq_w4Fbom0RydSgu_jslDRdSh9qfnTt1d1GUM2f7x4D058MaUmNrhqm36X3yUrHhjke2puToRcu0BWbMpMrrnFEDkOgRKYMD13uoIY1pAOwnQIzXvyf2UfSdGkvK0A-oRiScDd6rTJfkfcLFlwdi0.e05cV9TKuiC-wMCT4daY4Ruhf3JLZjms_r2EQRkd4C0&dib_tag=se&hvadid=700586678785&hvdev=c&hvlocphy=9195804&hvnetw=g&hvqmt=b&hvrand=8754586290412050616&hvtargid=kwd-295324530136&hydadcr=8911_13540123&keywords=dual+mode+headphones&mcid=c8a6f557a6fd3cc2b55c015f01c94de7&qid=1788216525&sr=8-45&xpid=Ikybfd9YthLyw#customerReviews
2026-09-01 03:55:14 | INFO     | scraper.http_client | GET https://www.amazon.com/Bluetooth-Headphones-headphones-bluetooth-Callphones/dp/B0CNGY6RWK/ref=sr_1_26?adgrpid=164469006602&dib=eyJ2IjoiMSJ9.Hs6fgafbi1RKxunmFvHXILC0HVPx3c9hWbvx8xBcUo1qNoAQOAhO2Z-r0N9xDoDjxSwOOmpmRcM7vHX-RVUoAQh21CSQeO7vRNTwC3aiXmPtvUuDiNKDV2U5hLqsth4_v7JgX1Ma_QZrRJvR7dq8TSCVdCPyK4CkHQcHcCv3XNfoGObZaTHyx1pjITHh7v56Oloq1u2h2KSMP410GEfcZs76zGrQREvdyAV7UlD_XSY.P3po1REJrH0oFz8UwZICpqvoxPSzD4lOdoHu5pUHxYs&dib_tag=se&hvadid=700586678785&hvdev=c&hvlocphy=9195804&hvnetw=g&hvqmt=b&hvrand=8754586290412050616&hvtargid=kwd-295324530136&hydadcr=8911_13540123&keywords=dual+mode+headphones&mcid=c8a6f557a6fd3cc2b55c015f01c94de7&qid=1788216523&sr=8-26&xpid=Ikybfd9YthLyw
2026-09-01 03:55:17 | INFO     | scraper.http_client | GET https://www.amazon.com/UGREEN-Bluetooth-Ger%C3%A4uschunterdr%C3%BCckung-R%C3%A4umlichen-Verbindung/dp/B0CWV5LG6M/ref=sr_1_10?adgrpid=164469006602&dib=eyJ2IjoiMSJ9.oMFZReg_4Tb_-vlvFhHDHc79tOXQqlAUhyMi2dzfBoFa1E7lQpTw4CVwevwJ37iXt2QExw1tB1-XCPuVcm6X1HbC2zB_Vp_Go3CZ5CEvTlXEPq4zB5UIwG9_lyKK1FXH_SiIeonnrHrotACx2Tf9AFK_px1wNxg2WolAu9SonIAydds2qCIyI7iVaQLtbRHX3Cv3j3RYnXq-pupvm3erNct7B5Ey2vkMcXA2wJ6K-ts.gvbdeDbujOkstNl8aSXzXqHiMvTBnhresY4kQnAOEdg&dib_tag=se&hvadid=700586678785&hvdev=c&hvlocphy=9195804&hvnetw=g&hvqmt=b&hvrand=8754586290412050616&hvtargid=kwd-295324530136&hydadcr=8911_13540123&keywords=dual+mode+headphones&mcid=c8a6f557a6fd3cc2b55c015f01c94de7&qid=1788216519&sr=8-10#customerReviews
2026-09-01 03:55:20 | INFO     | scraper.http_client | GET https://www.amazon.com/TECKNET-Cancelling-Headphones-Bluetooth-Cellphone/dp/B0FSLLYVQF/ref=sr_1_30?adgrpid=164469006602&dib=eyJ2IjoiMSJ9.Hs6fgafbi1RKxunmFvHXILC0HVPx3c9hWbvx8xBcUo1qNoAQOAhO2Z-r0N9xDoDjxSwOOmpmRcM7vHX-RVUoAQh21CSQeO7vRNTwC3aiXmPtvUuDiNKDV2U5hLqsth4_v7JgX1Ma_QZrRJvR7dq8TSCVdCPyK4CkHQcHcCv3XNfoGObZaTHyx1pjITHh7v56Oloq1u2h2KSMP410GEfcZs76zGrQREvdyAV7UlD_XSY.P3po1REJrH0oFz8UwZICpqvoxPSzD4lOdoHu5pUHxYs&dib_tag=se&hvadid=700586678785&hvdev=c&hvlocphy=9195804&hvnetw=g&hvqmt=b&hvrand=8754586290412050616&hvtargid=kwd-295324530136&hydadcr=8911_13540123&keywords=dual+mode+headphones&mcid=c8a6f557a6fd3cc2b55c015f01c94de7&qid=1788216523&sr=8-30&xpid=Ikybfd9YthLyw#customerReviews
2026-09-01 03:55:24 | INFO     | scraper.http_client | GET https://www.amazon.com/soundcore-Cancelling-Headphones-Bluetooth-Transparency/dp/B0CQXMXJC5/ref=cs_sr_dp_loc_2?adgrpid=164469006602&dib=eyJ2IjoiMSJ9.oMFZReg_4Tb_-vlvFhHDHc79tOXQqlAUhyMi2dzfBoFa1E7lQpTw4CVwevwJ37iXt2QExw1tB1-XCPuVcm6X1HbC2zB_Vp_Go3CZ5CEvTlXEPq4zB5UIwG9_lyKK1FXH_SiIeonnrHrotACx2Tf9AFK_px1wNxg2WolAu9SonIAydds2qCIyI7iVaQLtbRHX3Cv3j3RYnXq-pupvm3erNct7B5Ey2vkMcXA2wJ6K-ts.gvbdeDbujOkstNl8aSXzXqHiMvTBnhresY4kQnAOEdg&dib_tag=se&hvadid=700586678785&hvdev=c&hvlocphy=9195804&hvnetw=g&hvqmt=b&hvrand=8754586290412050616&hvtargid=kwd-295324530136&hydadcr=8911_13540123&keywords=dual+mode+headphones&mcid=c8a6f557a6fd3cc2b55c015f01c94de7&qid=1788216519&sr=8-3
2026-09-01 03:55:27 | INFO     | scraper.http_client | GET https://www.amazon.com/TALIX-Cancelling-Headphones-Playtime-Bluetooth/dp/B0GKGCVYM8/ref=cs_sr_dp_loc_4?adgrpid=164469006602&dib=eyJ2IjoiMSJ9.JzSI7GdAS-xLPnBEedVoIEBXP6DZppCt_S3FhMN8JKYJsxxq67nKOpGNtQ0tyjbilM0j0rIHRtHFu-GmnEQ9DDzq_w4Fbom0RydSgu_jslDRdSh9qfnTt1d1GUM2f7x4D058MaUmNrhqm36X3yUrHhjke2puToRcu0BWbMpMrrnFEDkOgRKYMD13uoIY1pAOwnQIzXvyf2UfSdGkvK0A-oRiScDd6rTJfkfcLFlwdi0.e05cV9TKuiC-wMCT4daY4Ruhf3JLZjms_r2EQRkd4C0&dib_tag=se&hvadid=700586678785&hvdev=c&hvlocphy=9195804&hvnetw=g&hvqmt=b&hvrand=8754586290412050616&hvtargid=kwd-295324530136&hydadcr=8911_13540123&keywords=dual+mode+headphones&mcid=c8a6f557a6fd3cc2b55c015f01c94de7&qid=1788216525&sr=8-50&xpid=Ikybfd9YthLyw
2026-09-01 03:55:30 | INFO     | scraper.http_client | GET https://www.amazon.com/Bluetooth-Headphones-BERIBES-Microphone-Lightweight/dp/B0B8YNRS6D/ref=cs_sr_dp_loc_6?adgrpid=164469006602&dib=eyJ2IjoiMSJ9.oMFZReg_4Tb_-vlvFhHDHc79tOXQqlAUhyMi2dzfBoFa1E7lQpTw4CVwevwJ37iXt2QExw1tB1-XCPuVcm6X1HbC2zB_Vp_Go3CZ5CEvTlXEPq4zB5UIwG9_lyKK1FXH_SiIeonnrHrotACx2Tf9AFK_px1wNxg2WolAu9SonIAydds2qCIyI7iVaQLtbRHX3Cv3j3RYnXq-pupvm3erNct7B5Ey2vkMcXA2wJ6K-ts.gvbdeDbujOkstNl8aSXzXqHiMvTBnhresY4kQnAOEdg&dib_tag=se&hvadid=700586678785&hvdev=c&hvlocphy=9195804&hvnetw=g&hvqmt=b&hvrand=8754586290412050616&hvtargid=kwd-295324530136&hydadcr=8911_13540123&keywords=dual+mode+headphones&mcid=c8a6f557a6fd3cc2b55c015f01c94de7&qid=1788216519&sr=8-8
2026-09-01 03:55:31 | INFO     | scraper.http_client | GET https://books.toscrape.com/robots.txt
2026-09-01 03:55:33 | WARNING  | scraper.http_client | Request failed for https://books.toscrape.com/robots.txt: 404 Client Error: Not Found for url: https://books.toscrape.com/robots.txt
2026-09-01 03:55:33 | INFO     | scraper.http_client | GET https://books.toscrape.com/catalogue/category/books/travel_2/index.html
2026-09-01 03:55:33 | INFO     | scraper.pagination | Page 1: found 11 product links (11 new)
2026-09-01 03:55:33 | INFO     | scraper.pagination | Reached max_products=5 — stopping pagination
2026-09-01 03:55:33 | INFO     | scraper.pipeline | Collected 11 product URLs from https://books.toscrape.com/catalogue/category/books/travel_2/index.html
2026-09-01 03:55:33 | INFO     | scraper.pipeline | Truncated to 5 product URLs (max_products=5)
2026-09-01 03:55:33 | INFO     | scraper.pipeline | Scraping 5 unique product URLs
2026-09-01 03:55:34 | INFO     | scraper.http_client | GET https://books.toscrape.com/catalogue/1000-places-to-see-before-you-die_1/index.html
2026-09-01 03:55:34 | INFO     | scraper.http_client | GET https://www.amazon.com/Lenovo-4XD1S19777-Headphones-Earphones/dp/B0FZC4KKJ6/ref=cs_sr_dp_loc_1?adgrpid=164469006602&dib=eyJ2IjoiMSJ9.oMFZReg_4Tb_-vlvFhHDHc79tOXQqlAUhyMi2dzfBoFa1E7lQpTw4CVwevwJ37iXt2QExw1tB1-XCPuVcm6X1HbC2zB_Vp_Go3CZ5CEvTlXEPq4zB5UIwG9_lyKK1FXH_SiIeonnrHrotACx2Tf9AFK_px1wNxg2WolAu9SonIAydds2qCIyI7iVaQLtbRHX3Cv3j3RYnXq-pupvm3erNct7B5Ey2vkMcXA2wJ6K-ts.gvbdeDbujOkstNl8aSXzXqHiMvTBnhresY4kQnAOEdg&dib_tag=se&hvadid=700586678785&hvdev=c&hvlocphy=9195804&hvnetw=g&hvqmt=b&hvrand=8754586290412050616&hvtargid=kwd-295324530136&hydadcr=8911_13540123&keywords=dual+mode+headphones&mcid=c8a6f557a6fd3cc2b55c015f01c94de7&qid=1788216519&sr=8-14
2026-09-01 03:55:35 | INFO     | scraper.http_client | GET https://books.toscrape.com/catalogue/full-moon-over-noahs-ark-an-odyssey-to-mount-ararat-and-beyond_811/index.html
2026-09-01 03:55:36 | INFO     | scraper.http_client | GET https://books.toscrape.com/catalogue/neither-here-nor-there-travels-in-europe_198/index.html
2026-09-01 03:55:37 | INFO     | scraper.http_client | GET https://books.toscrape.com/catalogue/vagabonding-an-uncommon-guide-to-the-art-of-long-term-world-travel_552/index.html
2026-09-01 03:55:37 | INFO     | scraper.http_client | GET https://www.amazon.com/BERIBES-Cancelling-Transparent-Soft-Earpads-Charging-Blue/dp/B0CFQ6H5J5/ref=sr_1_7?adgrpid=164469006602&dib=eyJ2IjoiMSJ9.oMFZReg_4Tb_-vlvFhHDHc79tOXQqlAUhyMi2dzfBoFa1E7lQpTw4CVwevwJ37iXt2QExw1tB1-XCPuVcm6X1HbC2zB_Vp_Go3CZ5CEvTlXEPq4zB5UIwG9_lyKK1FXH_SiIeonnrHrotACx2Tf9AFK_px1wNxg2WolAu9SonIAydds2qCIyI7iVaQLtbRHX3Cv3j3RYnXq-pupvm3erNct7B5Ey2vkMcXA2wJ6K-ts.gvbdeDbujOkstNl8aSXzXqHiMvTBnhresY4kQnAOEdg&dib_tag=se&hvadid=700586678785&hvdev=c&hvlocphy=9195804&hvnetw=g&hvqmt=b&hvrand=8754586290412050616&hvtargid=kwd-295324530136&hydadcr=8911_13540123&keywords=dual+mode+headphones&mcid=c8a6f557a6fd3cc2b55c015f01c94de7&qid=1788216519&sr=8-7
2026-09-01 03:55:38 | INFO     | scraper.http_client | GET https://books.toscrape.com/catalogue/see-america-a-celebration-of-our-national-parks-treasured-sites_732/index.html
2026-09-01 03:55:38 | INFO     | scraper.cleaner | Cleaned 5 products -> 5 after deduplication
2026-09-01 03:55:38 | INFO     | scraper.validator | Validated 5 products -> 5 valid
2026-09-01 03:55:38 | INFO     | scraper.storage | Saved CSV: output\limit_test.csv
2026-09-01 03:55:39 | INFO     | scraper.storage | Saved Excel: output\limit_test.xlsx
2026-09-01 03:55:39 | INFO     | scraper.analysis | Analysis complete: 5 products
2026-09-01 03:55:40 | INFO     | scraper.http_client | GET https://www.amazon.com/Razer-BlackShark-HyperSpeed-Wireless-Headset/dp/B0FH5YWH7B/ref=sr_1_57?adgrpid=164469006602&dib=eyJ2IjoiMSJ9.i7T5ZXdcKhOIx5F-45JM15zRf6mPIKdaReRRkaRvIT_jf2cVEurRjHVWn0DkYZHUpFZYoEcvWkEz0v7nPEqoumejqWbCVK7RT6FbPMwFRrSr0hNhbUlw1VcN0EkE82YU1w7HyHGMFkvthLlDX6dhCPJMJtSJRL04cakcBzbdzNpJVDIlTA0ibOhn1GYEXXQHq4RPGzoF40XR6HwmEdTV-BI4A4eqmvbwBA1Q12kLLGQ.z5AL2UylLEImo0yjgDwE7tgzpOvIfI3d1WjDaUTqyGg&dib_tag=se&hvadid=700586678785&hvdev=c&hvlocphy=9195804&hvnetw=g&hvqmt=b&hvrand=8754586290412050616&hvtargid=kwd-295324530136&hydadcr=8911_13540123&keywords=dual+mode+headphones&mcid=c8a6f557a6fd3cc2b55c015f01c94de7&qid=1788216528&sr=8-57&xpid=Ikybfd9YthLyw#customerReviews
2026-09-01 03:55:43 | INFO     | scraper.http_client | GET https://aax-us-east-retail-direct.amazon.com/x/c/JIc5U-o7Lvmd8ZL1Tv2c8WgAAAGgWgLOYwEAAAH2AQBvbm9fdHhuX2JpZDEgICBvbm9fdHhuX2ltcDIgICDFNQrK/clv1c_ek-wBAHWatbYHgcm5EX3z4E5q8F3XxnU-UUWiWmxCae2Kl3cqMM2nyA2QqlyniGAxxwDcd9CF2MTEn1VeUjp4N0MrGavZQwzkb_ZFQk4G8QyuhfaNLSt6bXJF_1ykvIxwRIzqhu233dwx9PXnZH96sFrGROfnJVqktZQj2aLTQUVKQ893sC-2knBiIpYxODr5s5t4wPA_mv6vQRd9Ulb_li73G87RVw308rSyEi8Cix4k990aAxuqcBppKD3hd8LlLj3MzJTueD2Zy9emGrEQ-Gzz6BkIJLtzwB_dOucSWmr8B5VZvoNrhhoaQQDlUT-kqAVb09pCTwQTlYEdj2sjxCXEHWDBdNoWboSmrTTt5sXegOn5Ltu9Ka7BMfYCPUFeO0SE4bvXkzH5MdoRLAQDtcIr63LK6MLidoK0jg9dHs3UVcpEfbRtyKEqbrDgJQRKCZlGqozBfE7lbouCy3HgKewYzfOjntUjXomLfNGpkG0lMFMYaufzALKh9DiVdLW-F6HVYM5PhxFpfLIIRxWvJ1vT6JFd0whzmCDiFTIgPkSCa1bfjTdOSuwqSgirATmhRolgj54Idz8gi-fDaMFAIQ9mXOrv-It4e3NLExPPcVBdh_-foqTBBAm9KDNJF_5rJMYLFb-uSaRmaU9XP2AzMzxTHmcXKu3CEdpV2HEwCBVAPLMr91VJXdnVigc9QSbicyAJriY9MmfSDDODcZXUdL3TI75rkQwY-8Cmha7GcARB0DtCDTsmtJvYzvgoqBiJb7L3U3tRdOnqqwdw2ASIrHKYd9Tqs41C3zYKTRtXPzc_alL9rsSQAEXoe1FNtLwj5CqrNKVw06vgbm4dlQXzFwW4_X_FEMjBoqGpYPz0gTi_iAIgDAfIpAp-qlJAaxv0uQ9HYDSL5NCFL3esycjoxoVprUIOs18MMUrScF8_KDLFUiuMyRLeaGUrqU-iz3YmUw4Fb1pv60QnoJdk7vqmY0xAj4BQ3RoALgQTBx9BUsFOErZ1uI2xPtgQ2xI9lQphJPl6Iz9q0nr7knkOBNbF6ZWeGON8BgquX44cvBDc9ZiJYDfPcqSnYq7ABWuyQZn5eTWpY9elAbFxzgSvhVYutFzueZxwLmvTIA4KJebQrEz-UVlD5YIaRyV2rMl-2R4FZsj7oXG8XbAFscWPq60q3g8rIzQl5EeJpRJ6uylRbnmKRYHCptBNxi3zFcN8MlboIjLz6E04q55Gf4Qk0SxnPL1FxC0v879xx2tj9N-OmQNCC2zRkVcduI3C3-ZyUSnl5jxcxuZCLCpaLsDFoNcMP1s3BOjn63lWLCK4L61oKjPxBJgcfdsNfSGLA40HIEWb9OYzFvB_AWuKXTrXvOeErv4udH8qMfIVkgKC80K_H7E6qXDsv0J6jZe0sofInfFjsxzg5vrrLWvi0uzpSH9WthVQG3x9v0FXCzB3dMhZ8VvYSwbHvEIDT3j9OmYvZVzKSg6GBnwesovBmIx6N2w3iPnBHhpiMxhg2ym6KrU09Gt525ojoQFvOkGBUBG3dkuu3bC4_ppNaVYB4YMhQmuJo_EcYkHKw4E3rBU-gHoovTI4FMtrS4SvKM7F2S54eaVm2LGPYOUGNe42JpunmI-3bKxd0HMIOSe6bXQ-rlZ0EUgS4V-c687XG4FVOT4wTIGiz9UMJst-Y8Odgk7iJiJXyKriV3sQNi3xT0b7ZYIl7RlnX8q-bfevb0ESOLqZ3o/https://www.amazon.com/dp/B0B8YNRS6D/?_encoding=UTF8&pd_rd_i=B0B8YNRS6D&ref_=sbx_be_s_sparkle_ssd_tt&qid=1788216528&pd_rd_w=lWfiz&content-id=amzn1.sym.902cd64e-66e2-437a-a8b0-12aa3b8852e5%3Aamzn1.sym.902cd64e-66e2-437a-a8b0-12aa3b8852e5&pf_rd_p=902cd64e-66e2-437a-a8b0-12aa3b8852e5&pf_rd_r=MJCSPHH49RBD7HZJQVHF&pd_rd_wg=CeT0t&pd_rd_r=d41c1d1a-aefe-48bd-8f25-befbbe902b63&pd_rd_plhdr=t
2026-09-01 03:55:46 | INFO     | scraper.http_client | GET https://aax-us-east-retail-direct.amazon.com/x/c/JD79U1ifFjUDb6W0UuknZrQAAAGgWgK7QQEAAAH2AQBvbm9fdHhuX2JpZDEgICBvbm9fdHhuX2ltcDIgICC1IdSG/clv1c_ek-wBPfTJUjb7g6LIQnEpxN0yopWokIQHCKVLK9UmMntLxVQurWHa2RXRlB4obN3fYvh3DWjF3szklXqmaA6nATCTIWqWkm7zgY5aHg5h2AuTzEtysigTnDtv_WU53MRBzmbgydaDkmEkemtN3x3QLmd-VmUikXrnuSwzzM6wN5_eGkBD6ANTMwaqrIO6T_FyhRbLL92J6ijx_Hp12mC8veRD_9_MWr_Bc_CL24f84XJv8JVL-0GgkNvHR6zXkW62pZz-csMtQgp71VNll6zuDNR_SzlbmrFyz9KVUfhkMNaItS_P8UGBfTEd-PSkuS79tJf2th_VZMQ2EseDzjI9mO8qnjnV7qud0523VRl-uUj1q4mQ5RuEFbiULKqro2TZwl75Mz7MgPnFzOEP7KmX1LAcVnhtM0Cvap_1Ph9DKDCzD7RkbMuMKLMGGJxDDDoz-ST_sbr8Ra7tABR13zMCX_PJhoiGFSstZ65wnMT4Z6BMF7QdiCby050Si-NG5jcetVsCwKSjw-0vxKQx2_yxx8XeXriORQsgNZXEUwq9SRuMfsBzuXx5_MHJsjgyRWay1pbrdZVbUMedVLuuXrF6MSfr3N08fSpG8wsozRPCChFA-WGY0HnlnZ1rEDpvqH1HHpou2SDe5OwsU9d00ij2T_PqYnVExA9HVRM_K8WGL-Qj4E00dMRlfnY7oKOl0MYir_YpBigt6zbAoce0IJPkmcDcvYELvvA3QNoVHIC8_9gSN5dTZWQkwGQqoKV6zMQzonUy6r-v44xi175P4-4_QHFgAq1wZC75Zdxl6y0xqV0u25EZLHIybCJ_Ti11aRLZVd94yY6xFK67jwDEUwZOhG2LHfMETdcI0hgIT5LP7852p4zz79A9FceMW7NorlpIkKKAeXyLWHZuaGmOQeV1wxPe-uHRuM4V8gC6fhHEVTb17Zi44JEwiI3seTvIV3R8A5YYQsVPaFQiFI00hHtlNo8dYOrdlMh81NJFT8Bf7ckgvBj1oeVGQn_kJfVvzVH6smZN2EM2Dp0y9QUj3_6ieVr4XjIoetqyEgkcWysjuoB73uizBKIVPKfAtXRsZCoewvOIqWozN7k8T0jebO1TjRbtuKAwYmrXqCDvyhsJTwjpmdFJFoJQ594CFOsmot0rR_cW6lHQxp-W_ubpaqLIljOZQxqRSZAQ5jVyty_FnIuYb-Ow3GjEtfrrJLjemzloQKFFiDJRG7XG2263ebaa9YosbEjRJuLjXtBGDZ6NHmHKWFZx9TShWNjKPJ_RrRcdlGKwL1LcorTFtIZJNsV65YPRxXjhOwcySmAnhKh4nMGjiURmtyBRgSFn6eGrxVjkUhFQEU4HZs3obymzRRA3-uQBj483--0M2sl0vI2kVG0VnJL-PUMqvys1mTkpR7Efi5xvm3t7UUg7tCaAPE5kUgmn3JkHDMtXtSIk5kZQhaG-fgOKBwgDDTPjz52gPQhqagqgBwQYtVV-BpHX2Wsa3sR-J42YBKHUnWMvlJvdJorY1uLLkBIsgvEUNq2ZIQ0G_OvkdTUV3xmmH5t_1WY9bV54pJAIf-P_FFAmzNOlVTa5hidJn-0fnD4LZSnQBA4lnYuxn_teTNhSGM3ELoXDXrjkIKkWTkKLQOGUuD7Dat8b8JwoRnTh4JPScM9CSqZh36dxnpSBG4hwW0TER1_WNqECBVYy8rvPGm5kI0t15i4dDbi3Q/https://www.amazon.com/dp/B0CPNYF89X/?_encoding=UTF8&pd_rd_i=B0CPNYF89X&ref_=sbx_be_s_sparkle_ssd_tt&qid=&pd_rd_w=cvr5N&content-id=amzn1.sym.a04e4fb4-f62c-4d4b-abaf-1e21aceb9e50%3Aamzn1.sym.a04e4fb4-f62c-4d4b-abaf-1e21aceb9e50&pf_rd_p=a04e4fb4-f62c-4d4b-abaf-1e21aceb9e50&pf_rd_r=JV17X7X45ZD5VX8H4KZW&pd_rd_wg=KoRhH&pd_rd_r=67c61f1d-7675-49c9-86e3-2f9e47b51892&pd_rd_plhdr=t
2026-09-01 03:55:50 | INFO     | scraper.http_client | GET https://www.amazon.com/LORELEI-B-C6-Headphones-Lightweight-Microphone/dp/B0BRN35PSD/ref=cs_sr_dp_loc_3?adgrpid=164469006602&dib=eyJ2IjoiMSJ9.JzSI7GdAS-xLPnBEedVoIEBXP6DZppCt_S3FhMN8JKYJsxxq67nKOpGNtQ0tyjbilM0j0rIHRtHFu-GmnEQ9DDzq_w4Fbom0RydSgu_jslDRdSh9qfnTt1d1GUM2f7x4D058MaUmNrhqm36X3yUrHhjke2puToRcu0BWbMpMrrnFEDkOgRKYMD13uoIY1pAOwnQIzXvyf2UfSdGkvK0A-oRiScDd6rTJfkfcLFlwdi0.e05cV9TKuiC-wMCT4daY4Ruhf3JLZjms_r2EQRkd4C0&dib_tag=se&hvadid=700586678785&hvdev=c&hvlocphy=9195804&hvnetw=g&hvqmt=b&hvrand=8754586290412050616&hvtargid=kwd-295324530136&hydadcr=8911_13540123&keywords=dual+mode+headphones&mcid=c8a6f557a6fd3cc2b55c015f01c94de7&qid=1788216525&sr=8-44&xpid=Ikybfd9YthLyw
2026-09-01 03:55:53 | INFO     | scraper.http_client | GET https://www.amazon.com/Lavales-Bluetooth-Cancelling-Headphones-Airplane/dp/B0C97WPXLP/ref=sr_1_22_so_HEADPHONES?adgrpid=164469006602&dib=eyJ2IjoiMSJ9.Hs6fgafbi1RKxunmFvHXILC0HVPx3c9hWbvx8xBcUo1qNoAQOAhO2Z-r0N9xDoDjxSwOOmpmRcM7vHX-RVUoAQh21CSQeO7vRNTwC3aiXmPtvUuDiNKDV2U5hLqsth4_v7JgX1Ma_QZrRJvR7dq8TSCVdCPyK4CkHQcHcCv3XNfoGObZaTHyx1pjITHh7v56Oloq1u2h2KSMP410GEfcZs76zGrQREvdyAV7UlD_XSY.P3po1REJrH0oFz8UwZICpqvoxPSzD4lOdoHu5pUHxYs&dib_tag=se&hvadid=700586678785&hvdev=c&hvlocphy=9195804&hvnetw=g&hvqmt=b&hvrand=8754586290412050616&hvtargid=kwd-295324530136&hydadcr=8911_13540123&keywords=dual+mode+headphones&mcid=c8a6f557a6fd3cc2b55c015f01c94de7&qid=1788216523&sr=8-22&xpid=Ikybfd9YthLyw
2026-09-01 03:55:57 | INFO     | scraper.http_client | GET https://www.amazon.com/Skullcandy-Headphones-Multi-Sensory-Cancelling-Microphone/dp/B0GFXG5GQT/ref=cs_sr_dp_loc_4?adgrpid=164469006602&dib=eyJ2IjoiMSJ9.JzSI7GdAS-xLPnBEedVoIEBXP6DZppCt_S3FhMN8JKYJsxxq67nKOpGNtQ0tyjbilM0j0rIHRtHFu-GmnEQ9DDzq_w4Fbom0RydSgu_jslDRdSh9qfnTt1d1GUM2f7x4D058MaUmNrhqm36X3yUrHhjke2puToRcu0BWbMpMrrnFEDkOgRKYMD13uoIY1pAOwnQIzXvyf2UfSdGkvK0A-oRiScDd6rTJfkfcLFlwdi0.e05cV9TKuiC-wMCT4daY4Ruhf3JLZjms_r2EQRkd4C0&dib_tag=se&hvadid=700586678785&hvdev=c&hvlocphy=9195804&hvnetw=g&hvqmt=b&hvrand=8754586290412050616&hvtargid=kwd-295324530136&hydadcr=8911_13540123&keywords=dual+mode+headphones&mcid=c8a6f557a6fd3cc2b55c015f01c94de7&qid=1788216525&sr=8-37&xpid=Ikybfd9YthLyw
2026-09-01 03:56:00 | INFO     | scraper.http_client | GET https://www.amazon.com/HyperX-Cloud-Jet-Bluetooth-USB/dp/B0DXQ8X9GT/ref=sr_1_38?adgrpid=164469006602&dib=eyJ2IjoiMSJ9.JzSI7GdAS-xLPnBEedVoIEBXP6DZppCt_S3FhMN8JKYJsxxq67nKOpGNtQ0tyjbilM0j0rIHRtHFu-GmnEQ9DDzq_w4Fbom0RydSgu_jslDRdSh9qfnTt1d1GUM2f7x4D058MaUmNrhqm36X3yUrHhjke2puToRcu0BWbMpMrrnFEDkOgRKYMD13uoIY1pAOwnQIzXvyf2UfSdGkvK0A-oRiScDd6rTJfkfcLFlwdi0.e05cV9TKuiC-wMCT4daY4Ruhf3JLZjms_r2EQRkd4C0&dib_tag=se&hvadid=700586678785&hvdev=c&hvlocphy=9195804&hvnetw=g&hvqmt=b&hvrand=8754586290412050616&hvtargid=kwd-295324530136&hydadcr=8911_13540123&keywords=dual+mode+headphones&mcid=c8a6f557a6fd3cc2b55c015f01c94de7&qid=1788216525&sr=8-38&xpid=Ikybfd9YthLyw#customerReviews
2026-09-01 03:56:03 | INFO     | scraper.http_client | GET https://www.amazon.com/TOZO-Cancelling-Wireless-Headphones-Headset/dp/B0H1C2VJBJ/ref=cs_sr_dp_loc_5?adgrpid=164469006602&dib=eyJ2IjoiMSJ9.Hs6fgafbi1RKxunmFvHXILC0HVPx3c9hWbvx8xBcUo1qNoAQOAhO2Z-r0N9xDoDjxSwOOmpmRcM7vHX-RVUoAQh21CSQeO7vRNTwC3aiXmPtvUuDiNKDV2U5hLqsth4_v7JgX1Ma_QZrRJvR7dq8TSCVdCPyK4CkHQcHcCv3XNfoGObZaTHyx1pjITHh7v56Oloq1u2h2KSMP410GEfcZs76zGrQREvdyAV7UlD_XSY.P3po1REJrH0oFz8UwZICpqvoxPSzD4lOdoHu5pUHxYs&dib_tag=se&hvadid=700586678785&hvdev=c&hvlocphy=9195804&hvnetw=g&hvqmt=b&hvrand=8754586290412050616&hvtargid=kwd-295324530136&hydadcr=8911_13540123&keywords=dual+mode+headphones&mcid=c8a6f557a6fd3cc2b55c015f01c94de7&qid=1788216523&sr=8-28&xpid=Ikybfd9YthLyw
2026-09-01 03:56:07 | INFO     | scraper.http_client | GET https://aax-us-east-retail-direct.amazon.com/x/c/JIc5U-o7Lvmd8ZL1Tv2c8WgAAAGgWgLOYwEAAAH2AQBvbm9fdHhuX2JpZDEgICBvbm9fdHhuX2ltcDIgICDFNQrK/clv1c_ek-wBAHWatbYHgcm5EX3z4E5q8F3XxnU-UUWiWmxCae2Kl3cqMM2nyA2QqlyniGAxxwDcd9CF2MTEn1VeUjp4N0MrGavZQwzkb_ZFQk4G8QyuhfaNLSt6bXJF_1ykvIxwRIzqhu233dwx9PXnZH96sFrGROfnJVqktZQj2aLTQUVKQ893sC-2knBiIpYxODr5s5t4wPA_mv6vQRd9Ulb_li73G87RVw308rSyEi8Cix4k990aAxuqcBppKD3hd8LlLj3MzJTueD2Zy9emGrEQ-Gzz6BkIJLtzwB_dOucSWmr8B5VZvoNrhhoaQQDlUT-kqAVb09pCTwQTlYEdj2sjxCXEHWDBdNoWboSmrTTt5sXegOn5Ltu9Ka7BMfYCPUFeO0SE4bvXkzH5MdoRLAQDtcIr63LK6MLidoK0jg9dHs3UVcpEfbRtyKEqbrDgJQRKCZlGqozBfE7lbouCy3HgKewYzfOjntUjXomLfNGpkG0lMFMYaufzALKh9DiVdLW-F6HVYM5PhxFpfLIIRxWvJ1vT6JFd0whzmCDiFTIgPkSCa1bfjTdOSuwqSgirATmhRolgj54Idz8gi-fDaMFAIQ9mXOrv-It4e3NLExPPcVBdh_-foqTBBAm9KDNJF_5rJMYLFb-uSaRmaU9XP2AzMzxTHmcXKu3CEdpV2HEwCBVAPLMr91VJXdnVigc9QSbicyAJriY9MmfSDDODcZXUdL3TI75rkQwY-8Cmha7GcARB0DtCDTsmtJvYzvgoqBiJb7L3U3tRdOnqqwdw2ASIrHKYd9Tqs41C3zYKTRtXPzc_alL9rsSQAEXoe1FNtLwj5CqrNKVw06vgbm4dlQXzFwW4_X_FEMjBoqGpYPz0gTi_iAIgDAfIpAp-qlJAaxv0uQ9HYDSL5NCFL3esycjoxoVprUIOs18MMUrScF8_KDLFUiuMyRLeaGUrqU-iz3YmUw4Fb1pv60QnoJdk7vqmY0xAj4BQ3RoALgQTBx9BUsFOErZ1uI2xPtgQ2xI9lQphJPl6Iz9q0nr7knkOBNbF6ZWeGON8BgquX44cvBDc9ZiJYDfPcqSnYq7ABWuyQZn5eTWpY9elAbFxzgSvhVYutFzueZxwLmvTIA4KJebQrEz-UVlD5YIaRyV2rMl-2R4FZsj7oXG8XbAFscWPq60q3g8rIzQl5EeJpRJ6uylRbnmKRYHCptBNxi3zFcN8MlboIjLz6E04q55Gf4Qk0SxnPL1FxC0v879xx2tj9N-OmQNCC2zRkVcduI3C3-ZyUSnl5jxcxuZCLCpaLsDFoNcMP1s3BOjn63lWLCK4L61oKjPxBJgcfdsNfSGLA40HIEWb9OYzFvB_AWuKXTrXvOeErv4udH8qMfIVkgKC80K_H7E6qXDsv0J6jZe0sofInfFjsxzg5vrrLWvi0uzpSH9WthVQG3x9v0FXCzB3dMhZ8VvYSwbHvEIDT3j9OmYvZVzKSg6GBnwesovBmIx6N2w3iPnBHhpiMxhg2ym6KrU09Gt525ojoQFvOkGBUBG3dkuu3bC4_ppNaVYB4YMhQmuJo_EcYkHKw4E3rBU-gHoovTI4FMtrS4SvKM7F2S54eaVm2LGPYOUGNe42JpunmI-3bKxd0HMIOSe6bXQ-rlZ0EUgS4V-c687XG4FVOT4wTIGiz9UMJst-Y8Odgk7iJiJXyKriV3sQNi3xT0b7ZYIl7RlnX8q-bfevb0ESOLqZ3o/https://www.amazon.com/dp/B0B8YKH8PZ/?_encoding=UTF8&pd_rd_i=B0B8YKH8PZ&ref_=sbx_be_s_sparkle_ssd_bkg&qid=1788216528&pd_rd_w=lWfiz&content-id=amzn1.sym.902cd64e-66e2-437a-a8b0-12aa3b8852e5%3Aamzn1.sym.902cd64e-66e2-437a-a8b0-12aa3b8852e5&pf_rd_p=902cd64e-66e2-437a-a8b0-12aa3b8852e5&pf_rd_r=MJCSPHH49RBD7HZJQVHF&pd_rd_wg=CeT0t&pd_rd_r=d41c1d1a-aefe-48bd-8f25-befbbe902b63&pd_rd_plhdr=t
2026-09-01 03:56:10 | INFO     | scraper.http_client | GET https://www.amazon.com/dp/B07984JN3L?plattr=ACOMFO&ie=UTF-8
2026-09-01 03:56:12 | INFO     | scraper.http_client | GET https://www.amazon.com/Cancelling-Headphones-Playtime-Bluetooth-Wireless/dp/B0H6S59TTT/ref=sr_1_67?adgrpid=164469006602&dib=eyJ2IjoiMSJ9.i7T5ZXdcKhOIx5F-45JM15zRf6mPIKdaReRRkaRvIT_jf2cVEurRjHVWn0DkYZHUpFZYoEcvWkEz0v7nPEqoumejqWbCVK7RT6FbPMwFRrSr0hNhbUlw1VcN0EkE82YU1w7HyHGMFkvthLlDX6dhCPJMJtSJRL04cakcBzbdzNpJVDIlTA0ibOhn1GYEXXQHq4RPGzoF40XR6HwmEdTV-BI4A4eqmvbwBA1Q12kLLGQ.z5AL2UylLEImo0yjgDwE7tgzpOvIfI3d1WjDaUTqyGg&dib_tag=se&hvadid=700586678785&hvdev=c&hvlocphy=9195804&hvnetw=g&hvqmt=b&hvrand=8754586290412050616&hvtargid=kwd-295324530136&hydadcr=8911_13540123&keywords=dual+mode+headphones&mcid=c8a6f557a6fd3cc2b55c015f01c94de7&qid=1788216528&sr=8-67&xpid=Ikybfd9YthLyw#customerReviews
2026-09-01 03:56:15 | INFO     | scraper.http_client | GET https://www.amazon.com/havit-Cancelling-Headphones-Bluetooth-Connection/dp/B0GKNH3WHB/ref=sr_1_36?adgrpid=164469006602&dib=eyJ2IjoiMSJ9.JzSI7GdAS-xLPnBEedVoIEBXP6DZppCt_S3FhMN8JKYJsxxq67nKOpGNtQ0tyjbilM0j0rIHRtHFu-GmnEQ9DDzq_w4Fbom0RydSgu_jslDRdSh9qfnTt1d1GUM2f7x4D058MaUmNrhqm36X3yUrHhjke2puToRcu0BWbMpMrrnFEDkOgRKYMD13uoIY1pAOwnQIzXvyf2UfSdGkvK0A-oRiScDd6rTJfkfcLFlwdi0.e05cV9TKuiC-wMCT4daY4Ruhf3JLZjms_r2EQRkd4C0&dib_tag=se&hvadid=700586678785&hvdev=c&hvlocphy=9195804&hvnetw=g&hvqmt=b&hvrand=8754586290412050616&hvtargid=kwd-295324530136&hydadcr=8911_13540123&keywords=dual+mode+headphones&mcid=c8a6f557a6fd3cc2b55c015f01c94de7&qid=1788216525&sr=8-36&xpid=Ikybfd9YthLyw
2026-09-01 03:56:18 | INFO     | scraper.http_client | GET https://www.amazon.com/dp/B0CHTVMXZJ?th=1?ref_=footer_reload_us
2026-09-01 03:56:21 | INFO     | scraper.http_client | GET https://www.amazon.com/BERIBES-Cancelling-Transparent-Soft-Earpads-Charging-Blue/dp/B0CFQ6H5J5/ref=sr_1_7?adgrpid=164469006602&dib=eyJ2IjoiMSJ9.oMFZReg_4Tb_-vlvFhHDHc79tOXQqlAUhyMi2dzfBoFa1E7lQpTw4CVwevwJ37iXt2QExw1tB1-XCPuVcm6X1HbC2zB_Vp_Go3CZ5CEvTlXEPq4zB5UIwG9_lyKK1FXH_SiIeonnrHrotACx2Tf9AFK_px1wNxg2WolAu9SonIAydds2qCIyI7iVaQLtbRHX3Cv3j3RYnXq-pupvm3erNct7B5Ey2vkMcXA2wJ6K-ts.gvbdeDbujOkstNl8aSXzXqHiMvTBnhresY4kQnAOEdg&dib_tag=se&hvadid=700586678785&hvdev=c&hvlocphy=9195804&hvnetw=g&hvqmt=b&hvrand=8754586290412050616&hvtargid=kwd-295324530136&hydadcr=8911_13540123&keywords=dual+mode+headphones&mcid=c8a6f557a6fd3cc2b55c015f01c94de7&qid=1788216519&sr=8-7#customerReviews
2026-09-01 03:56:24 | INFO     | scraper.http_client | GET https://www.amazon.com/gp/offer-listing/B0F66XD5LF/ref=sr_1_15_olp?hvlocphy=9195804&hvnetw=g&mcid=c8a6f557a6fd3cc2b55c015f01c94de7&keywords=dual+mode+headphones&hvadid=700586678785&qid=1788216519&hydadcr=8911_13540123&dib_tag=se&hvdev=c&hvqmt=b&dib=eyJ2IjoiMSJ9.oMFZReg_4Tb_-vlvFhHDHc79tOXQqlAUhyMi2dzfBoFa1E7lQpTw4CVwevwJ37iXt2QExw1tB1-XCPuVcm6X1HbC2zB_Vp_Go3CZ5CEvTlXEPq4zB5UIwG9_lyKK1FXH_SiIeonnrHrotACx2Tf9AFK_px1wNxg2WolAu9SonIAydds2qCIyI7iVaQLtbRHX3Cv3j3RYnXq-pupvm3erNct7B5Ey2vkMcXA2wJ6K-ts.gvbdeDbujOkstNl8aSXzXqHiMvTBnhresY4kQnAOEdg&hvtargid=kwd-295324530136&sr=8-15&adgrpid=164469006602&hvrand=8754586290412050616
2026-09-01 03:56:28 | INFO     | scraper.http_client | GET https://www.amazon.com/gp/offer-listing/B0DFQ5WX1B/ref=sr_1_40_olp?hvlocphy=9195804&hvnetw=g&mcid=c8a6f557a6fd3cc2b55c015f01c94de7&keywords=dual+mode+headphones&hvadid=700586678785&xpid=Ikybfd9YthLyw&qid=1788216525&hydadcr=8911_13540123&dib_tag=se&hvdev=c&hvqmt=b&dib=eyJ2IjoiMSJ9.JzSI7GdAS-xLPnBEedVoIEBXP6DZppCt_S3FhMN8JKYJsxxq67nKOpGNtQ0tyjbilM0j0rIHRtHFu-GmnEQ9DDzq_w4Fbom0RydSgu_jslDRdSh9qfnTt1d1GUM2f7x4D058MaUmNrhqm36X3yUrHhjke2puToRcu0BWbMpMrrnFEDkOgRKYMD13uoIY1pAOwnQIzXvyf2UfSdGkvK0A-oRiScDd6rTJfkfcLFlwdi0.e05cV9TKuiC-wMCT4daY4Ruhf3JLZjms_r2EQRkd4C0&hvtargid=kwd-295324530136&sr=8-40&adgrpid=164469006602&hvrand=8754586290412050616
2026-09-01 03:56:31 | INFO     | scraper.http_client | GET https://www.amazon.com/Picun-Wireless-EarBluetooth-Headphone-Silver/dp/B0F99BBX77/ref=cs_sr_dp_loc_1?adgrpid=164469006602&dib=eyJ2IjoiMSJ9.i7T5ZXdcKhOIx5F-45JM15zRf6mPIKdaReRRkaRvIT_jf2cVEurRjHVWn0DkYZHUpFZYoEcvWkEz0v7nPEqoumejqWbCVK7RT6FbPMwFRrSr0hNhbUlw1VcN0EkE82YU1w7HyHGMFkvthLlDX6dhCPJMJtSJRL04cakcBzbdzNpJVDIlTA0ibOhn1GYEXXQHq4RPGzoF40XR6HwmEdTV-BI4A4eqmvbwBA1Q12kLLGQ.z5AL2UylLEImo0yjgDwE7tgzpOvIfI3d1WjDaUTqyGg&dib_tag=se&hvadid=700586678785&hvdev=c&hvlocphy=9195804&hvnetw=g&hvqmt=b&hvrand=8754586290412050616&hvtargid=kwd-295324530136&hydadcr=8911_13540123&keywords=dual+mode+headphones&mcid=c8a6f557a6fd3cc2b55c015f01c94de7&qid=1788216528&sr=8-54&xpid=Ikybfd9YthLyw
2026-09-01 03:56:35 | INFO     | scraper.http_client | GET https://www.amazon.com/TIMU-Bluetooth-Headphones-Microphone-Lightweight/dp/B0H3W7329L/ref=sr_1_6?adgrpid=164469006602&dib=eyJ2IjoiMSJ9.oMFZReg_4Tb_-vlvFhHDHc79tOXQqlAUhyMi2dzfBoFa1E7lQpTw4CVwevwJ37iXt2QExw1tB1-XCPuVcm6X1HbC2zB_Vp_Go3CZ5CEvTlXEPq4zB5UIwG9_lyKK1FXH_SiIeonnrHrotACx2Tf9AFK_px1wNxg2WolAu9SonIAydds2qCIyI7iVaQLtbRHX3Cv3j3RYnXq-pupvm3erNct7B5Ey2vkMcXA2wJ6K-ts.gvbdeDbujOkstNl8aSXzXqHiMvTBnhresY4kQnAOEdg&dib_tag=se&hvadid=700586678785&hvdev=c&hvlocphy=9195804&hvnetw=g&hvqmt=b&hvrand=8754586290412050616&hvtargid=kwd-295324530136&hydadcr=8911_13540123&keywords=dual+mode+headphones&mcid=c8a6f557a6fd3cc2b55c015f01c94de7&qid=1788216519&sr=8-6
2026-09-01 03:56:38 | INFO     | scraper.http_client | GET https://services.amazon.com/sell.html?ld=AZFSSOA&ref_=footer_soa
2026-09-01 03:56:41 | INFO     | scraper.http_client | GET https://www.amazon.com/gp/help/customer/display.html?nodeId=GX7NJQ4ZB8MHFRNJ&ref_=footer_privacy
2026-09-01 03:56:42 | INFO     | scraper.http_client | GET https://www.amazon.com/RUNOLIM-Cancelling-Headphones-Wireless-Bluetooth/dp/B0GYXZ6RBT/ref=sr_1_64_so_HEADPHONES?adgrpid=164469006602&dib=eyJ2IjoiMSJ9.i7T5ZXdcKhOIx5F-45JM15zRf6mPIKdaReRRkaRvIT_jf2cVEurRjHVWn0DkYZHUpFZYoEcvWkEz0v7nPEqoumejqWbCVK7RT6FbPMwFRrSr0hNhbUlw1VcN0EkE82YU1w7HyHGMFkvthLlDX6dhCPJMJtSJRL04cakcBzbdzNpJVDIlTA0ibOhn1GYEXXQHq4RPGzoF40XR6HwmEdTV-BI4A4eqmvbwBA1Q12kLLGQ.z5AL2UylLEImo0yjgDwE7tgzpOvIfI3d1WjDaUTqyGg&dib_tag=se&hvadid=700586678785&hvdev=c&hvlocphy=9195804&hvnetw=g&hvqmt=b&hvrand=8754586290412050616&hvtargid=kwd-295324530136&hydadcr=8911_13540123&keywords=dual+mode+headphones&mcid=c8a6f557a6fd3cc2b55c015f01c94de7&qid=1788216528&sr=8-64&xpid=Ikybfd9YthLyw
2026-09-01 03:56:46 | INFO     | scraper.http_client | GET https://www.amazon.com/gp/offer-listing/B0FH5YWH7B/ref=sr_1_57_olp?hvlocphy=9195804&hvnetw=g&mcid=c8a6f557a6fd3cc2b55c015f01c94de7&keywords=dual+mode+headphones&hvadid=700586678785&xpid=Ikybfd9YthLyw&qid=1788216528&hydadcr=8911_13540123&dib_tag=se&hvdev=c&hvqmt=b&dib=eyJ2IjoiMSJ9.i7T5ZXdcKhOIx5F-45JM15zRf6mPIKdaReRRkaRvIT_jf2cVEurRjHVWn0DkYZHUpFZYoEcvWkEz0v7nPEqoumejqWbCVK7RT6FbPMwFRrSr0hNhbUlw1VcN0EkE82YU1w7HyHGMFkvthLlDX6dhCPJMJtSJRL04cakcBzbdzNpJVDIlTA0ibOhn1GYEXXQHq4RPGzoF40XR6HwmEdTV-BI4A4eqmvbwBA1Q12kLLGQ.z5AL2UylLEImo0yjgDwE7tgzpOvIfI3d1WjDaUTqyGg&hvtargid=kwd-295324530136&sr=8-57&adgrpid=164469006602&hvrand=8754586290412050616
2026-09-01 03:56:49 | INFO     | scraper.http_client | GET https://www.amazon.com/Calmbee-Cancelling-Headphones-Bluetooth-Transparency/dp/B0CN9GQ1LW/ref=cs_sr_dp_loc_2?adgrpid=164469006602&dib=eyJ2IjoiMSJ9.JzSI7GdAS-xLPnBEedVoIEBXP6DZppCt_S3FhMN8JKYJsxxq67nKOpGNtQ0tyjbilM0j0rIHRtHFu-GmnEQ9DDzq_w4Fbom0RydSgu_jslDRdSh9qfnTt1d1GUM2f7x4D058MaUmNrhqm36X3yUrHhjke2puToRcu0BWbMpMrrnFEDkOgRKYMD13uoIY1pAOwnQIzXvyf2UfSdGkvK0A-oRiScDd6rTJfkfcLFlwdi0.e05cV9TKuiC-wMCT4daY4Ruhf3JLZjms_r2EQRkd4C0&dib_tag=se&hvadid=700586678785&hvdev=c&hvlocphy=9195804&hvnetw=g&hvqmt=b&hvrand=8754586290412050616&hvtargid=kwd-295324530136&hydadcr=8911_13540123&keywords=dual+mode+headphones&mcid=c8a6f557a6fd3cc2b55c015f01c94de7&qid=1788216525&sr=8-40&xpid=Ikybfd9YthLyw
2026-09-01 03:56:53 | INFO     | scraper.http_client | GET https://www.amazon.com/TOZO-HT3-Cancelling-Headphones-Bluetooth/dp/B0GF24C8KP/ref=sr_1_13?adgrpid=164469006602&dib=eyJ2IjoiMSJ9.oMFZReg_4Tb_-vlvFhHDHc79tOXQqlAUhyMi2dzfBoFa1E7lQpTw4CVwevwJ37iXt2QExw1tB1-XCPuVcm6X1HbC2zB_Vp_Go3CZ5CEvTlXEPq4zB5UIwG9_lyKK1FXH_SiIeonnrHrotACx2Tf9AFK_px1wNxg2WolAu9SonIAydds2qCIyI7iVaQLtbRHX3Cv3j3RYnXq-pupvm3erNct7B5Ey2vkMcXA2wJ6K-ts.gvbdeDbujOkstNl8aSXzXqHiMvTBnhresY4kQnAOEdg&dib_tag=se&hvadid=700586678785&hvdev=c&hvlocphy=9195804&hvnetw=g&hvqmt=b&hvrand=8754586290412050616&hvtargid=kwd-295324530136&hydadcr=8911_13540123&keywords=dual+mode+headphones&mcid=c8a6f557a6fd3cc2b55c015f01c94de7&qid=1788216519&sr=8-13
2026-09-01 03:56:56 | INFO     | scraper.http_client | GET https://www.amazon.com/Picun-Wireless-EarBluetooth-Headphone-Silver/dp/B0F98RWW19/ref=cs_sr_dp_loc_5?adgrpid=164469006602&dib=eyJ2IjoiMSJ9.i7T5ZXdcKhOIx5F-45JM15zRf6mPIKdaReRRkaRvIT_jf2cVEurRjHVWn0DkYZHUpFZYoEcvWkEz0v7nPEqoumejqWbCVK7RT6FbPMwFRrSr0hNhbUlw1VcN0EkE82YU1w7HyHGMFkvthLlDX6dhCPJMJtSJRL04cakcBzbdzNpJVDIlTA0ibOhn1GYEXXQHq4RPGzoF40XR6HwmEdTV-BI4A4eqmvbwBA1Q12kLLGQ.z5AL2UylLEImo0yjgDwE7tgzpOvIfI3d1WjDaUTqyGg&dib_tag=se&hvadid=700586678785&hvdev=c&hvlocphy=9195804&hvnetw=g&hvqmt=b&hvrand=8754586290412050616&hvtargid=kwd-295324530136&hydadcr=8911_13540123&keywords=dual+mode+headphones&mcid=c8a6f557a6fd3cc2b55c015f01c94de7&qid=1788216528&sr=8-54&xpid=Ikybfd9YthLyw
2026-09-01 03:56:59 | INFO     | scraper.http_client | GET https://www.amazon.com/ROEL-PLAY-Bluetooth-Headphones-Wireless-Computer/dp/B0H3N25J88/ref=sr_1_53?adgrpid=164469006602&dib=eyJ2IjoiMSJ9.i7T5ZXdcKhOIx5F-45JM15zRf6mPIKdaReRRkaRvIT_jf2cVEurRjHVWn0DkYZHUpFZYoEcvWkEz0v7nPEqoumejqWbCVK7RT6FbPMwFRrSr0hNhbUlw1VcN0EkE82YU1w7HyHGMFkvthLlDX6dhCPJMJtSJRL04cakcBzbdzNpJVDIlTA0ibOhn1GYEXXQHq4RPGzoF40XR6HwmEdTV-BI4A4eqmvbwBA1Q12kLLGQ.z5AL2UylLEImo0yjgDwE7tgzpOvIfI3d1WjDaUTqyGg&dib_tag=se&hvadid=700586678785&hvdev=c&hvlocphy=9195804&hvnetw=g&hvqmt=b&hvrand=8754586290412050616&hvtargid=kwd-295324530136&hydadcr=8911_13540123&keywords=dual+mode+headphones&mcid=c8a6f557a6fd3cc2b55c015f01c94de7&qid=1788216528&sr=8-53&xpid=Ikybfd9YthLyw#customerReviews
2026-09-01 03:57:02 | INFO     | scraper.http_client | GET https://www.amazon.com/gp/css/returns/homepage.html?ref_=footer_hy_f_4
2026-09-01 03:57:03 | INFO     | scraper.http_client | GET https://www.amazon.com/Skullcandy-Bluetooth-Headphones-Multi-Sensory-Microphone/dp/B0DB4CZH4L/ref=cs_sr_dp_loc_2?adgrpid=164469006602&dib=eyJ2IjoiMSJ9.oMFZReg_4Tb_-vlvFhHDHc79tOXQqlAUhyMi2dzfBoFa1E7lQpTw4CVwevwJ37iXt2QExw1tB1-XCPuVcm6X1HbC2zB_Vp_Go3CZ5CEvTlXEPq4zB5UIwG9_lyKK1FXH_SiIeonnrHrotACx2Tf9AFK_px1wNxg2WolAu9SonIAydds2qCIyI7iVaQLtbRHX3Cv3j3RYnXq-pupvm3erNct7B5Ey2vkMcXA2wJ6K-ts.gvbdeDbujOkstNl8aSXzXqHiMvTBnhresY4kQnAOEdg&dib_tag=se&hvadid=700586678785&hvdev=c&hvlocphy=9195804&hvnetw=g&hvqmt=b&hvrand=8754586290412050616&hvtargid=kwd-295324530136&hydadcr=8911_13540123&keywords=dual+mode+headphones&mcid=c8a6f557a6fd3cc2b55c015f01c94de7&qid=1788216519&sr=8-12
2026-09-01 03:57:06 | INFO     | scraper.http_client | GET https://www.amazon.com/gp/offer-listing/B0GKNH3WHB/ref=sr_1_36_olp?hvlocphy=9195804&hvnetw=g&mcid=c8a6f557a6fd3cc2b55c015f01c94de7&keywords=dual+mode+headphones&hvadid=700586678785&xpid=Ikybfd9YthLyw&qid=1788216525&hydadcr=8911_13540123&dib_tag=se&hvdev=c&hvqmt=b&dib=eyJ2IjoiMSJ9.JzSI7GdAS-xLPnBEedVoIEBXP6DZppCt_S3FhMN8JKYJsxxq67nKOpGNtQ0tyjbilM0j0rIHRtHFu-GmnEQ9DDzq_w4Fbom0RydSgu_jslDRdSh9qfnTt1d1GUM2f7x4D058MaUmNrhqm36X3yUrHhjke2puToRcu0BWbMpMrrnFEDkOgRKYMD13uoIY1pAOwnQIzXvyf2UfSdGkvK0A-oRiScDd6rTJfkfcLFlwdi0.e05cV9TKuiC-wMCT4daY4Ruhf3JLZjms_r2EQRkd4C0&hvtargid=kwd-295324530136&sr=8-36&adgrpid=164469006602&hvrand=8754586290412050616
2026-09-01 03:58:17 | INFO     | scraper.http_client | GET https://www.amazon.com/robots.txt
2026-09-01 03:58:18 | INFO     | scraper.http_client | GET https://www.amazon.com/s?k=dual+mode+headphones&adgrpid=164469006602&hvadid=700586678785&hvdev=c&hvlocphy=9195804&hvnetw=g&hvqmt=b&hvrand=8754586290412050616&hvtargid=kwd-295324530136&hydadcr=8911_13540123&mcid=c8a6f557a6fd3cc2b55c015f01c94de7&tag=hydglogoo-20&ref=pd_sl_7m0wcdluw6_b
2026-09-01 03:58:20 | INFO     | scraper.pagination | Page 1: found 123 product links (123 new)
2026-09-01 03:58:20 | INFO     | scraper.pagination | Reached max_products=5 — stopping pagination
2026-09-01 03:58:20 | INFO     | scraper.pipeline | Collected 123 product URLs from https://www.amazon.com/s?k=dual+mode+headphones&adgrpid=164469006602&hvadid=700586678785&hvdev=c&hvlocphy=9195804&hvnetw=g&hvqmt=b&hvrand=8754586290412050616&hvtargid=kwd-295324530136&hydadcr=8911_13540123&mcid=c8a6f557a6fd3cc2b55c015f01c94de7&tag=hydglogoo-20&ref=pd_sl_7m0wcdluw6_b
2026-09-01 03:58:20 | INFO     | scraper.pipeline | Truncated to 5 product URLs (max_products=5)
2026-09-01 03:58:20 | INFO     | scraper.pipeline | Scraping 5 unique product URLs
2026-09-01 03:58:20 | INFO     | scraper.http_client | GET https://www.amazon.com/gp/css/order-history?ref_=nav_orders_first
2026-09-01 03:58:21 | INFO     | scraper.http_client | GET https://www.amazon.com/UGREEN-Bluetooth-Ger%C3%A4uschunterdr%C3%BCckung-R%C3%A4umlichen-Verbindung/dp/B0CWV5LG6M/ref=sr_1_14_so_HEADPHONES?adgrpid=164469006602&dib=eyJ2IjoiMSJ9.oMFZReg_4Tb_-vlvFhHDHc79tOXQqlAUhyMi2dzfBoFa1E7lQpTw4CVwevwJ37iXt2QExw1tB1-XCPuVcm6X1HbC2zB_Vp_Go3CZ5CEvTlXEPq4zB5UIwG9_lyKK1FXH_SiIeonnrHrotACx2Tf9AFK_px1wNxg2WolAu9SonIAydds2qCIyI7iVaQLtbRHX3Cv3j3RYnXq-pupvm3erNct7B5Ey2vkMcXA2wJ6K-ts.YupTH8GCTl_QoKocp0ev05wAIDKoko-8MRYOZHOa6sM&dib_tag=se&hvadid=700586678785&hvdev=c&hvlocphy=9195804&hvnetw=g&hvqmt=b&hvrand=8754586290412050616&hvtargid=kwd-295324530136&hydadcr=8911_13540123&keywords=dual+mode+headphones&mcid=c8a6f557a6fd3cc2b55c015f01c94de7&qid=1788217098&sr=8-14
2026-09-01 03:58:25 | INFO     | scraper.http_client | GET https://www.amazon.com/Skullcandy-Bluetooth-Headphones-Multi-Sensory-Microphone/dp/B0G6LZ2TVK/ref=cs_sr_dp_loc_5?adgrpid=164469006602&dib=eyJ2IjoiMSJ9.oMFZReg_4Tb_-vlvFhHDHc79tOXQqlAUhyMi2dzfBoFa1E7lQpTw4CVwevwJ37iXt2QExw1tB1-XCPuVcm6X1HbC2zB_Vp_Go3CZ5CEvTlXEPq4zB5UIwG9_lyKK1FXH_SiIeonnrHrotACx2Tf9AFK_px1wNxg2WolAu9SonIAydds2qCIyI7iVaQLtbRHX3Cv3j3RYnXq-pupvm3erNct7B5Ey2vkMcXA2wJ6K-ts.YupTH8GCTl_QoKocp0ev05wAIDKoko-8MRYOZHOa6sM&dib_tag=se&hvadid=700586678785&hvdev=c&hvlocphy=9195804&hvnetw=g&hvqmt=b&hvrand=8754586290412050616&hvtargid=kwd-295324530136&hydadcr=8911_13540123&keywords=dual+mode+headphones&mcid=c8a6f557a6fd3cc2b55c015f01c94de7&qid=1788217098&sr=8-16
2026-09-01 03:58:28 | INFO     | scraper.http_client | GET https://www.amazon.com/gp/seller-account/mm-summary-page.html?ld=AZFooterSelfPublish&topic=200260520&ref_=footer_publishing
2026-09-01 03:58:30 | INFO     | scraper.http_client | GET https://www.amazon.com/TOZO-HT3-Cancelling-Headphones-Bluetooth/dp/B0GF24C8KP/ref=sr_1_18?adgrpid=164469006602&dib=eyJ2IjoiMSJ9.oMFZReg_4Tb_-vlvFhHDHc79tOXQqlAUhyMi2dzfBoFa1E7lQpTw4CVwevwJ37iXt2QExw1tB1-XCPuVcm6X1HbC2zB_Vp_Go3CZ5CEvTlXEPq4zB5UIwG9_lyKK1FXH_SiIeonnrHrotACx2Tf9AFK_px1wNxg2WolAu9SonIAydds2qCIyI7iVaQLtbRHX3Cv3j3RYnXq-pupvm3erNct7B5Ey2vkMcXA2wJ6K-ts.YupTH8GCTl_QoKocp0ev05wAIDKoko-8MRYOZHOa6sM&dib_tag=se&hvadid=700586678785&hvdev=c&hvlocphy=9195804&hvnetw=g&hvqmt=b&hvrand=8754586290412050616&hvtargid=kwd-295324530136&hydadcr=8911_13540123&keywords=dual+mode+headphones&mcid=c8a6f557a6fd3cc2b55c015f01c94de7&qid=1788217098&sr=8-18#customerReviews
2026-09-01 03:58:33 | INFO     | scraper.cleaner | Cleaned 5 products -> 5 after deduplication
2026-09-01 03:58:33 | WARNING  | scraper.validator | Invalid product https://www.amazon.com/gp/css/order-history?ref_=nav_orders_first: missing price
2026-09-01 03:58:33 | WARNING  | scraper.validator | Invalid product https://www.amazon.com/gp/seller-account/mm-summary-page.html?ld=AZFooterSelfPublish&topic=200260520&ref_=footer_publishing: missing price
2026-09-01 03:58:33 | INFO     | scraper.validator | Validated 5 products -> 3 valid
2026-09-01 03:58:34 | INFO     | scraper.storage | Saved CSV: output\products.csv
2026-09-01 03:58:36 | INFO     | scraper.storage | Saved Excel: output\products.xlsx
2026-09-01 03:58:36 | INFO     | scraper.analysis | Analysis complete: 3 products
2026-09-01 03:58:36 | INFO     | scraper.analysis | Analysis complete: 3 products
2026-09-01 03:58:37 | INFO     | matplotlib.category | Using categorical units to plot a list of strings that are all parsable as floats or dates. If these strings should be plotted as numbers, cast to the appropriate data type before plotting.
2026-09-01 03:58:37 | INFO     | matplotlib.category | Using categorical units to plot a list of strings that are all parsable as floats or dates. If these strings should be plotted as numbers, cast to the appropriate data type before plotting.
2026-09-01 03:59:50 | INFO     | scraper.http_client | GET https://www.amazon.com/robots.txt
2026-09-01 03:59:51 | INFO     | scraper.http_client | GET https://www.amazon.com/s?k=gaming&_encoding=UTF8&content-id=amzn1.sym.bd749ccd-05a5-46df-9094-58bcc6398482&pd_rd_r=2c9072f2-aacf-4c8e-9917-ed65bdc7a652&pd_rd_w=1x13x&pd_rd_wg=usBbY&pf_rd_p=bd749ccd-05a5-46df-9094-58bcc6398482&pf_rd_r=7XE46JYCAS2YP8NDTWA9&ref=pd_hp_d_atf_unk
2026-09-01 03:59:54 | INFO     | scraper.pagination | Page 1: found 244 product links (244 new)
2026-09-01 03:59:54 | INFO     | scraper.pagination | Reached max_products=7 — stopping pagination
2026-09-01 03:59:54 | INFO     | scraper.pipeline | Collected 244 product URLs from https://www.amazon.com/s?k=gaming&_encoding=UTF8&content-id=amzn1.sym.bd749ccd-05a5-46df-9094-58bcc6398482&pd_rd_r=2c9072f2-aacf-4c8e-9917-ed65bdc7a652&pd_rd_w=1x13x&pd_rd_wg=usBbY&pf_rd_p=bd749ccd-05a5-46df-9094-58bcc6398482&pf_rd_r=7XE46JYCAS2YP8NDTWA9&ref=pd_hp_d_atf_unk
2026-09-01 03:59:54 | INFO     | scraper.pipeline | Truncated to 7 product URLs (max_products=7)
2026-09-01 03:59:54 | INFO     | scraper.pipeline | Scraping 7 unique product URLs
2026-09-01 03:59:54 | INFO     | scraper.http_client | GET https://www.amazon.com/Kslysuty-Desk-Computer-Gaming-Chair/dp/B0GHWLZF39/ref=sr_1_31?_encoding=UTF8&content-id=amzn1.sym.bd749ccd-05a5-46df-9094-58bcc6398482&dib=eyJ2IjoiMSJ9.-p4eTHFBzvLazkbgaCYNhlL66QMg9Y71a6PmEzkJSCAZk6meQz5tiwF_G4fsCL1hS15HXyCVAh5RZeTxf0DHAsREjuoHagIqi-7OB4BTPoxu1TP45hlb6v0OlbAez3lYxtvggsOTWYnpaQk0w-pQ_Hc7iMwwU-iyaJBVCEk48jIy3Wuvg31TiQzupK2iNJkmyVSUX3Ze56fKgN4uAENSuYYddUMq7jowyYtFBJKphwYgVwoiqk7LFpqXsBNaO8A7DfRR1eO9OSZQCjLhw6-Y51tjZ8zkI4ukHfdulsgAsys.3RjIYHXTnJsFip56D9SBuOQ66Gub4isbRQ5RXxOA3IY&dib_tag=se&keywords=gaming&pd_rd_r=2c9072f2-aacf-4c8e-9917-ed65bdc7a652&pd_rd_w=1x13x&pd_rd_wg=usBbY&qid=1788217191&sr=8-31
2026-09-01 03:59:56 | INFO     | scraper.http_client | GET https://www.amazon.com/SteelSeries-QcK-Gaming-Mouse-Pad-PC/dp/B0D1T1HZCC/ref=vo_sr_l_dp?_encoding=UTF8&content-id=amzn1.sym.bd749ccd-05a5-46df-9094-58bcc6398482&dib=eyJ2IjoiMSJ9.-p4eTHFBzvLazkbgaCYNhlL66QMg9Y71a6PmEzkJSCAZk6meQz5tiwF_G4fsCL1hS15HXyCVAh5RZeTxf0DHAsREjuoHagIqi-7OB4BTPoxu1TP45hlb6v0OlbAez3lYxtvggsOTWYnpaQk0w-pQ_Hc7iMwwU-iyaJBVCEk48jIy3Wuvg31TiQzupK2iNJkmyVSUX3Ze56fKgN4uAENSuYYddUMq7jowyYtFBJKphwYgVwoiqk7LFpqXsBNaO8A7DfRR1eO9OSZQCjLhw6-Y51tjZ8zkI4ukHfdulsgAsys.3RjIYHXTnJsFip56D9SBuOQ66Gub4isbRQ5RXxOA3IY&dib_tag=se&keywords=gaming&pd_rd_r=2c9072f2-aacf-4c8e-9917-ed65bdc7a652&pd_rd_w=1x13x&pd_rd_wg=usBbY&qid=1788217191&sr=8-33
2026-09-01 03:59:59 | INFO     | scraper.http_client | GET https://www.amazon.com/gp/seller-account/mm-summary-page.html?ld=AZFooterSelfPublish&topic=200260520&ref_=footer_publishing
2026-09-01 04:00:01 | INFO     | scraper.http_client | GET https://www.amazon.com/gp/offer-listing/B0875VL1CJ/ref=sr_1_19_olp?keywords=gaming&dib_tag=se&_encoding=UTF8&pd_rd_wg=usBbY&content-id=amzn1.sym.bd749ccd-05a5-46df-9094-58bcc6398482&pd_rd_w=1x13x&dib=eyJ2IjoiMSJ9.-p4eTHFBzvLazkbgaCYNhlL66QMg9Y71a6PmEzkJSCAZk6meQz5tiwF_G4fsCL1hS15HXyCVAh5RZeTxf0DHAsREjuoHagIqi-7OB4BTPoxu1TP45hlb6v0OlbAez3lYxtvggsOTWYnpaQk0w-pQ_Hc7iMwwU-iyaJBVCEk48jIy3Wuvg31TiQzupK2iNJkmyVSUX3Ze56fKgN4uAENSuYYddUMq7jowyYtFBJKphwYgVwoiqk7LFpqXsBNaO8A7DfRR1eO9OSZQCjLhw6-Y51tjZ8zkI4ukHfdulsgAsys.3RjIYHXTnJsFip56D9SBuOQ66Gub4isbRQ5RXxOA3IY&qid=1788217191&pd_rd_r=2c9072f2-aacf-4c8e-9917-ed65bdc7a652&sr=8-19
2026-09-01 04:00:05 | INFO     | scraper.http_client | GET https://www.amazon.com/Maxjuli-Blocking-Glasses-Computer-Transparent/dp/B081RLZWG7/ref=sr_1_16?_encoding=UTF8&content-id=amzn1.sym.bd749ccd-05a5-46df-9094-58bcc6398482&dib=eyJ2IjoiMSJ9.-p4eTHFBzvLazkbgaCYNhlL66QMg9Y71a6PmEzkJSCAZk6meQz5tiwF_G4fsCL1hS15HXyCVAh5RZeTxf0DHAsREjuoHagIqi-7OB4BTPoxu1TP45hlb6v0OlbAez3lYxtvggsOTWYnpaQk0w-pQ_Hc7iMwwU-iyaJBVCEk48jIy3Wuvg31TiQzupK2iNJkmyVSUX3Ze56fKgN4uAENSuYYddUMq7jowyYtFBJKphwYgVwoiqk7LFpqXsBNaO8A7DfRR1eO9OSZQCjLhw6-Y51tjZ8zkI4ukHfdulsgAsys.3RjIYHXTnJsFip56D9SBuOQ66Gub4isbRQ5RXxOA3IY&dib_tag=se&keywords=gaming&pd_rd_r=2c9072f2-aacf-4c8e-9917-ed65bdc7a652&pd_rd_w=1x13x&pd_rd_wg=usBbY&qid=1788217191&sr=8-16
2026-09-01 04:00:08 | INFO     | scraper.http_client | GET https://www.amazon.com/gp/offer-listing/B0H6SD9317/ref=sr_1_20_olp?keywords=gaming&dib_tag=se&_encoding=UTF8&pd_rd_wg=usBbY&content-id=amzn1.sym.bd749ccd-05a5-46df-9094-58bcc6398482&pd_rd_w=1x13x&dib=eyJ2IjoiMSJ9.-p4eTHFBzvLazkbgaCYNhlL66QMg9Y71a6PmEzkJSCAZk6meQz5tiwF_G4fsCL1hS15HXyCVAh5RZeTxf0DHAsREjuoHagIqi-7OB4BTPoxu1TP45hlb6v0OlbAez3lYxtvggsOTWYnpaQk0w-pQ_Hc7iMwwU-iyaJBVCEk48jIy3Wuvg31TiQzupK2iNJkmyVSUX3Ze56fKgN4uAENSuYYddUMq7jowyYtFBJKphwYgVwoiqk7LFpqXsBNaO8A7DfRR1eO9OSZQCjLhw6-Y51tjZ8zkI4ukHfdulsgAsys.3RjIYHXTnJsFip56D9SBuOQ66Gub4isbRQ5RXxOA3IY&qid=1788217191&pd_rd_r=2c9072f2-aacf-4c8e-9917-ed65bdc7a652&sr=8-20
2026-09-01 04:00:11 | INFO     | scraper.http_client | GET https://www.amazon.com/Corsair-Wireless-Gaming-Headset-Bluetooth/dp/B0DYVD72P2/ref=sr_1_47?_encoding=UTF8&content-id=amzn1.sym.bd749ccd-05a5-46df-9094-58bcc6398482&dib=eyJ2IjoiMSJ9.-p4eTHFBzvLazkbgaCYNhlL66QMg9Y71a6PmEzkJSCAZk6meQz5tiwF_G4fsCL1hS15HXyCVAh5RZeTxf0DHAsREjuoHagIqi-7OB4BTPoxu1TP45hlb6v0OlbAez3lYxtvggsOTWYnpaQk0w-pQ_Hc7iMwwU-iyaJBVCEk48jIy3Wuvg31TiQzupK2iNJkmyVSUX3Ze56fKgN4uAENSuYYddUMq7jowyYtFBJKphwYgVwoiqk7LFpqXsBNaO8A7DfRR1eO9OSZQCjLhw6-Y51tjZ8zkI4ukHfdulsgAsys.3RjIYHXTnJsFip56D9SBuOQ66Gub4isbRQ5RXxOA3IY&dib_tag=se&keywords=gaming&pd_rd_r=2c9072f2-aacf-4c8e-9917-ed65bdc7a652&pd_rd_w=1x13x&pd_rd_wg=usBbY&qid=1788217191&sr=8-47
2026-09-01 04:00:14 | INFO     | scraper.cleaner | Cleaned 1 products -> 1 after deduplication
2026-09-01 04:00:14 | INFO     | scraper.validator | Validated 1 products -> 1 valid
2026-09-01 04:00:14 | INFO     | scraper.storage | Saved CSV: output\products.csv
2026-09-01 04:00:14 | INFO     | scraper.storage | Saved Excel: output\products.xlsx
2026-09-01 04:00:15 | INFO     | scraper.analysis | Analysis complete: 1 products
2026-09-01 04:00:15 | INFO     | scraper.analysis | Analysis complete: 1 products
2026-09-01 04:00:15 | INFO     | matplotlib.category | Using categorical units to plot a list of strings that are all parsable as floats or dates. If these strings should be plotted as numbers, cast to the appropriate data type before plotting.
2026-09-01 04:00:15 | INFO     | matplotlib.category | Using categorical units to plot a list of strings that are all parsable as floats or dates. If these strings should be plotted as numbers, cast to the appropriate data type before plotting.
2026-09-01 04:00:38 | INFO     | scraper.http_client | GET https://www.amazon.com/robots.txt
2026-09-01 04:00:39 | INFO     | scraper.http_client | GET https://www.amazon.com/s?k=gaming&_encoding=UTF8&content-id=amzn1.sym.bd749ccd-05a5-46df-9094-58bcc6398482&pd_rd_r=2c9072f2-aacf-4c8e-9917-ed65bdc7a652&pd_rd_w=1x13x&pd_rd_wg=usBbY&pf_rd_p=bd749ccd-05a5-46df-9094-58bcc6398482&pf_rd_r=7XE46JYCAS2YP8NDTWA9&ref=pd_hp_d_atf_unk
2026-09-01 04:00:39 | INFO     | scraper.pagination | Page 1: found 0 product links (0 new)
2026-09-01 04:00:39 | INFO     | scraper.pipeline | Collected 0 product URLs from https://www.amazon.com/s?k=gaming&_encoding=UTF8&content-id=amzn1.sym.bd749ccd-05a5-46df-9094-58bcc6398482&pd_rd_r=2c9072f2-aacf-4c8e-9917-ed65bdc7a652&pd_rd_w=1x13x&pd_rd_wg=usBbY&pf_rd_p=bd749ccd-05a5-46df-9094-58bcc6398482&pf_rd_r=7XE46JYCAS2YP8NDTWA9&ref=pd_hp_d_atf_unk
2026-09-01 04:00:39 | INFO     | scraper.pipeline | Scraping 0 unique product URLs
2026-09-01 04:00:39 | INFO     | scraper.cleaner | Cleaned 0 products -> 0 after deduplication
2026-09-01 04:00:39 | INFO     | scraper.validator | Validated 0 products -> 0 valid
2026-09-01 04:00:39 | INFO     | scraper.storage | Saved CSV: output\products.csv
2026-09-01 04:00:39 | INFO     | scraper.storage | Saved Excel: output\products.xlsx
2026-09-01 04:00:39 | INFO     | scraper.analysis | Analysis complete: 0 products
2026-09-01 04:00:47 | INFO     | scraper.http_client | GET https://www.amazon.com/robots.txt
2026-09-01 04:00:48 | INFO     | scraper.http_client | GET https://www.amazon.com/s?k=gaming&_encoding=UTF8&content-id=amzn1.sym.bd749ccd-05a5-46df-9094-58bcc6398482&pd_rd_r=2c9072f2-aacf-4c8e-9917-ed65bdc7a652&pd_rd_w=1x13x&pd_rd_wg=usBbY&pf_rd_p=bd749ccd-05a5-46df-9094-58bcc6398482&pf_rd_r=7XE46JYCAS2YP8NDTWA9&ref=pd_hp_d_atf_unk
2026-09-01 04:00:48 | INFO     | scraper.pagination | Page 1: found 0 product links (0 new)
2026-09-01 04:00:48 | INFO     | scraper.pipeline | Collected 0 product URLs from https://www.amazon.com/s?k=gaming&_encoding=UTF8&content-id=amzn1.sym.bd749ccd-05a5-46df-9094-58bcc6398482&pd_rd_r=2c9072f2-aacf-4c8e-9917-ed65bdc7a652&pd_rd_w=1x13x&pd_rd_wg=usBbY&pf_rd_p=bd749ccd-05a5-46df-9094-58bcc6398482&pf_rd_r=7XE46JYCAS2YP8NDTWA9&ref=pd_hp_d_atf_unk
2026-09-01 04:00:48 | INFO     | scraper.pipeline | Scraping 0 unique product URLs
2026-09-01 04:00:48 | INFO     | scraper.cleaner | Cleaned 0 products -> 0 after deduplication
2026-09-01 04:00:48 | INFO     | scraper.validator | Validated 0 products -> 0 valid
2026-09-01 04:00:48 | INFO     | scraper.storage | Saved CSV: output\products.csv
2026-09-01 04:00:48 | INFO     | scraper.storage | Saved Excel: output\products.xlsx
2026-09-01 04:00:48 | INFO     | scraper.analysis | Analysis complete: 0 products
2026-09-01 04:01:27 | INFO     | scraper.http_client | GET https://www.amazon.com/robots.txt
2026-09-01 04:01:28 | INFO     | scraper.http_client | GET https://www.amazon.com/s?k=gaming&_encoding=UTF8&content-id=amzn1.sym.bd749ccd-05a5-46df-9094-58bcc6398482&pd_rd_r=2c9072f2-aacf-4c8e-9917-ed65bdc7a652&pd_rd_w=1x13x&pd_rd_wg=usBbY&pf_rd_p=bd749ccd-05a5-46df-9094-58bcc6398482&pf_rd_r=7XE46JYCAS2YP8NDTWA9&ref=pd_hp_d_atf_unk
2026-09-01 04:01:31 | INFO     | scraper.pagination | Page 1: found 230 product links (230 new)
2026-09-01 04:01:31 | INFO     | scraper.pagination | Reached max_products=7 — stopping pagination
2026-09-01 04:01:31 | INFO     | scraper.pipeline | Collected 230 product URLs from https://www.amazon.com/s?k=gaming&_encoding=UTF8&content-id=amzn1.sym.bd749ccd-05a5-46df-9094-58bcc6398482&pd_rd_r=2c9072f2-aacf-4c8e-9917-ed65bdc7a652&pd_rd_w=1x13x&pd_rd_wg=usBbY&pf_rd_p=bd749ccd-05a5-46df-9094-58bcc6398482&pf_rd_r=7XE46JYCAS2YP8NDTWA9&ref=pd_hp_d_atf_unk
2026-09-01 04:01:31 | INFO     | scraper.pipeline | Truncated to 7 product URLs (max_products=7)
2026-09-01 04:01:31 | INFO     | scraper.pipeline | Scraping 7 unique product URLs
2026-09-01 04:01:31 | INFO     | scraper.http_client | GET https://www.amazon.com/Samsung-32-Inch-Odyssey-FreeSync-LS32CG550ENXZA/dp/B0CRGJC5ZD/ref=vo_sr_l_dp?_encoding=UTF8&content-id=amzn1.sym.bd749ccd-05a5-46df-9094-58bcc6398482&dib=eyJ2IjoiMSJ9.-p4eTHFBzvLazkbgaCYNhmG28B9OSBZpThgr8Z_FJZoor2lvtEzcvMcHJdJs7_cTEWISyDIF2qIVnSyjlRChXk1HnCoXjOfbhILBSmzXCLOJYGR8F3BmqTQzS2wN4mzUCKQUXjz408ril7m2N70Wuihr3_2lDk35XShG9E9Wd7HLTktAs1d1bQYsffIkzurdzQ44DvuQ7oLdQhJoSF8k0oxqKY9vEPHZk8j-531Xe4xJO5oT9YHAGlcAt0xTZ-L2OQD_pcmEtHkPUpXwH89HWGvtFa3U8KtNUDzDJi6UokM.z4PPrV478P9Rd6I0Eu-dJ_ss7EiEDzQMgsp5nan46yE&dib_tag=se&keywords=gaming&pd_rd_r=2c9072f2-aacf-4c8e-9917-ed65bdc7a652&pd_rd_w=1x13x&pd_rd_wg=usBbY&qid=1788217288&sr=8-18
2026-09-01 04:01:34 | INFO     | scraper.http_client | GET https://www.amazon.com/Logitech-Gaming-Headset-Blue-Technology/dp/B07PDFBJZD/ref=sr_1_57?_encoding=UTF8&content-id=amzn1.sym.bd749ccd-05a5-46df-9094-58bcc6398482&dib=eyJ2IjoiMSJ9.-p4eTHFBzvLazkbgaCYNhmG28B9OSBZpThgr8Z_FJZoor2lvtEzcvMcHJdJs7_cTEWISyDIF2qIVnSyjlRChXk1HnCoXjOfbhILBSmzXCLOJYGR8F3BmqTQzS2wN4mzUCKQUXjz408ril7m2N70Wuihr3_2lDk35XShG9E9Wd7HLTktAs1d1bQYsffIkzurdzQ44DvuQ7oLdQhJoSF8k0oxqKY9vEPHZk8j-531Xe4xJO5oT9YHAGlcAt0xTZ-L2OQD_pcmEtHkPUpXwH89HWGvtFa3U8KtNUDzDJi6UokM.z4PPrV478P9Rd6I0Eu-dJ_ss7EiEDzQMgsp5nan46yE&dib_tag=se&keywords=gaming&pd_rd_r=2c9072f2-aacf-4c8e-9917-ed65bdc7a652&pd_rd_w=1x13x&pd_rd_wg=usBbY&qid=1788217288&sr=8-57
2026-09-01 04:01:37 | INFO     | scraper.http_client | GET https://www.amazon.com/ASUS-Desktop-Processor-NVIDIA%C2%AE-G700TF-XS776/dp/B0F2BCG7R7/ref=sr_1_25?_encoding=UTF8&content-id=amzn1.sym.bd749ccd-05a5-46df-9094-58bcc6398482&dib=eyJ2IjoiMSJ9.-p4eTHFBzvLazkbgaCYNhmG28B9OSBZpThgr8Z_FJZoor2lvtEzcvMcHJdJs7_cTEWISyDIF2qIVnSyjlRChXk1HnCoXjOfbhILBSmzXCLOJYGR8F3BmqTQzS2wN4mzUCKQUXjz408ril7m2N70Wuihr3_2lDk35XShG9E9Wd7HLTktAs1d1bQYsffIkzurdzQ44DvuQ7oLdQhJoSF8k0oxqKY9vEPHZk8j-531Xe4xJO5oT9YHAGlcAt0xTZ-L2OQD_pcmEtHkPUpXwH89HWGvtFa3U8KtNUDzDJi6UokM.z4PPrV478P9Rd6I0Eu-dJ_ss7EiEDzQMgsp5nan46yE&dib_tag=se&keywords=gaming&pd_rd_r=2c9072f2-aacf-4c8e-9917-ed65bdc7a652&pd_rd_w=1x13x&pd_rd_wg=usBbY&qid=1788217288&sr=8-25#customerReviews
2026-09-01 04:01:40 | INFO     | scraper.http_client | GET https://www.amazon.com/gp/offer-listing/B09C13PZX7/ref=sr_1_24_olp?keywords=gaming&dib_tag=se&_encoding=UTF8&pd_rd_wg=usBbY&content-id=amzn1.sym.bd749ccd-05a5-46df-9094-58bcc6398482&pd_rd_w=1x13x&dib=eyJ2IjoiMSJ9.-p4eTHFBzvLazkbgaCYNhmG28B9OSBZpThgr8Z_FJZoor2lvtEzcvMcHJdJs7_cTEWISyDIF2qIVnSyjlRChXk1HnCoXjOfbhILBSmzXCLOJYGR8F3BmqTQzS2wN4mzUCKQUXjz408ril7m2N70Wuihr3_2lDk35XShG9E9Wd7HLTktAs1d1bQYsffIkzurdzQ44DvuQ7oLdQhJoSF8k0oxqKY9vEPHZk8j-531Xe4xJO5oT9YHAGlcAt0xTZ-L2OQD_pcmEtHkPUpXwH89HWGvtFa3U8KtNUDzDJi6UokM.z4PPrV478P9Rd6I0Eu-dJ_ss7EiEDzQMgsp5nan46yE&qid=1788217288&pd_rd_r=2c9072f2-aacf-4c8e-9917-ed65bdc7a652&sr=8-24
2026-09-01 04:01:43 | INFO     | scraper.http_client | GET https://www.amazon.com/Nex-Playground-Families-Interactive-Playdates/dp/B0D2JGYX3F/ref=sr_1_27?_encoding=UTF8&content-id=amzn1.sym.bd749ccd-05a5-46df-9094-58bcc6398482&dib=eyJ2IjoiMSJ9.-p4eTHFBzvLazkbgaCYNhmG28B9OSBZpThgr8Z_FJZoor2lvtEzcvMcHJdJs7_cTEWISyDIF2qIVnSyjlRChXk1HnCoXjOfbhILBSmzXCLOJYGR8F3BmqTQzS2wN4mzUCKQUXjz408ril7m2N70Wuihr3_2lDk35XShG9E9Wd7HLTktAs1d1bQYsffIkzurdzQ44DvuQ7oLdQhJoSF8k0oxqKY9vEPHZk8j-531Xe4xJO5oT9YHAGlcAt0xTZ-L2OQD_pcmEtHkPUpXwH89HWGvtFa3U8KtNUDzDJi6UokM.z4PPrV478P9Rd6I0Eu-dJ_ss7EiEDzQMgsp5nan46yE&dib_tag=se&keywords=gaming&pd_rd_r=2c9072f2-aacf-4c8e-9917-ed65bdc7a652&pd_rd_w=1x13x&pd_rd_wg=usBbY&qid=1788217288&sr=8-27
2026-09-01 04:01:46 | INFO     | scraper.http_client | GET https://www.amazon.com/gp/seller-account/mm-summary-page.html?ld=AZFooterSelfPublish&topic=200260520&ref_=footer_publishing
2026-09-01 04:01:48 | INFO     | scraper.http_client | GET https://www.amazon.com/SteelSeries-QcK-Gaming-Mouse-Pad-PC/dp/B0FJHCDQCC/ref=cs_sr_dp_loc_2?_encoding=UTF8&content-id=amzn1.sym.bd749ccd-05a5-46df-9094-58bcc6398482&dib=eyJ2IjoiMSJ9.-p4eTHFBzvLazkbgaCYNhmG28B9OSBZpThgr8Z_FJZoor2lvtEzcvMcHJdJs7_cTEWISyDIF2qIVnSyjlRChXk1HnCoXjOfbhILBSmzXCLOJYGR8F3BmqTQzS2wN4mzUCKQUXjz408ril7m2N70Wuihr3_2lDk35XShG9E9Wd7HLTktAs1d1bQYsffIkzurdzQ44DvuQ7oLdQhJoSF8k0oxqKY9vEPHZk8j-531Xe4xJO5oT9YHAGlcAt0xTZ-L2OQD_pcmEtHkPUpXwH89HWGvtFa3U8KtNUDzDJi6UokM.z4PPrV478P9Rd6I0Eu-dJ_ss7EiEDzQMgsp5nan46yE&dib_tag=se&keywords=gaming&pd_rd_r=2c9072f2-aacf-4c8e-9917-ed65bdc7a652&pd_rd_w=1x13x&pd_rd_wg=usBbY&qid=1788217288&sr=8-51
2026-09-01 04:01:51 | INFO     | scraper.cleaner | Cleaned 0 products -> 0 after deduplication
2026-09-01 04:01:51 | INFO     | scraper.validator | Validated 0 products -> 0 valid
2026-09-01 04:01:51 | INFO     | scraper.storage | Saved CSV: output\products.csv
2026-09-01 04:01:51 | INFO     | scraper.storage | Saved Excel: output\products.xlsx
2026-09-01 04:01:51 | INFO     | scraper.analysis | Analysis complete: 0 products
2026-09-01 04:03:33 | INFO     | scraper.http_client | GET /robots.txt
2026-09-01 04:03:33 | WARNING  | scraper.http_client | Request failed for /robots.txt: Invalid URL '/robots.txt': No scheme supplied. Perhaps you meant https:///robots.txt?
2026-09-01 04:03:33 | INFO     | scraper.http_client | GET https://www.amazon.com/robots.txt
2026-09-01 04:03:34 | INFO     | scraper.http_client | GET https://www.amazon.com/s?k=gaming&_encoding=UTF8&content-id=amzn1.sym.bd749ccd-05a5-46df-9094-58bcc6398482&pd_rd_r=2c9072f2-aacf-4c8e-9917-ed65bdc7a652&pd_rd_w=1x13x&pd_rd_wg=usBbY&pf_rd_p=bd749ccd-05a5-46df-9094-58bcc6398482&pf_rd_r=7XE46JYCAS2YP8NDTWA9&ref=pd_hp_d_atf_unk
2026-09-01 04:03:38 | INFO     | scraper.pagination | Page 1: found 241 product links (241 new)
2026-09-01 04:03:38 | INFO     | scraper.pagination | Reached max_products=7 — stopping pagination
2026-09-01 04:03:38 | INFO     | scraper.pipeline | Collected 241 product URLs from https://www.amazon.com/s?k=gaming&_encoding=UTF8&content-id=amzn1.sym.bd749ccd-05a5-46df-9094-58bcc6398482&pd_rd_r=2c9072f2-aacf-4c8e-9917-ed65bdc7a652&pd_rd_w=1x13x&pd_rd_wg=usBbY&pf_rd_p=bd749ccd-05a5-46df-9094-58bcc6398482&pf_rd_r=7XE46JYCAS2YP8NDTWA9&ref=pd_hp_d_atf_unk
2026-09-01 04:03:38 | INFO     | scraper.pipeline | Truncated to 7 product URLs (max_products=7)
2026-09-01 04:03:38 | INFO     | scraper.pipeline | Scraping 7 unique product URLs
2026-09-01 04:03:38 | INFO     | scraper.http_client | GET amazon.com/Katana-15-6-165Hz-Gaming-Laptop/dp/B0DZFVBQLK/ref=sxin_18_pa_sp_search_thematic-asin_sspa?_encoding=UTF8&content-id=amzn1.sym.cd45b5ce-db68-4eca-8011-1781327073d7%3Aamzn1.sym.cd45b5ce-db68-4eca-8011-1781327073d7&cv_ct_cx=gaming&keywords=gaming&pd_rd_i=B0DZFVBQLK&pd_rd_r=add79609-71e5-4b71-9319-646f85f900eb&pd_rd_w=kmHOS&pd_rd_wg=NOCTP&pf_rd_p=cd45b5ce-db68-4eca-8011-1781327073d7&pf_rd_r=4B3TCCX8GWKEZTZX8QYH&qid=1788217338&sbo=RZvfv%2F%2FHxDF%2BO5021pAnSA%3D%3D&sr=1-2-925d4041-2745-4edd-b995-62e9e595df4e-spons&aref=naRi4rAZNG&sp_csd=d2lkZ2V0TmFtZT1zcF9zZWFyY2hfdGhlbWF0aWM&psc=1
2026-09-01 04:03:38 | WARNING  | scraper.http_client | Request failed for amazon.com/Katana-15-6-165Hz-Gaming-Laptop/dp/B0DZFVBQLK/ref=sxin_18_pa_sp_search_thematic-asin_sspa?_encoding=UTF8&content-id=amzn1.sym.cd45b5ce-db68-4eca-8011-1781327073d7%3Aamzn1.sym.cd45b5ce-db68-4eca-8011-1781327073d7&cv_ct_cx=gaming&keywords=gaming&pd_rd_i=B0DZFVBQLK&pd_rd_r=add79609-71e5-4b71-9319-646f85f900eb&pd_rd_w=kmHOS&pd_rd_wg=NOCTP&pf_rd_p=cd45b5ce-db68-4eca-8011-1781327073d7&pf_rd_r=4B3TCCX8GWKEZTZX8QYH&qid=1788217338&sbo=RZvfv%2F%2FHxDF%2BO5021pAnSA%3D%3D&sr=1-2-925d4041-2745-4edd-b995-62e9e595df4e-spons&aref=naRi4rAZNG&sp_csd=d2lkZ2V0TmFtZT1zcF9zZWFyY2hfdGhlbWF0aWM&psc=1: Invalid URL 'amazon.com/Katana-15-6-165Hz-Gaming-Laptop/dp/B0DZFVBQLK/ref=sxin_18_pa_sp_search_thematic-asin_sspa?_encoding=UTF8&content-id=amzn1.sym.cd45b5ce-db68-4eca-8011-1781327073d7%3Aamzn1.sym.cd45b5ce-db68-4eca-8011-1781327073d7&cv_ct_cx=gaming&keywords=gaming&pd_rd_i=B0DZFVBQLK&pd_rd_r=add79609-71e5-4b71-9319-646f85f900eb&pd_rd_w=kmHOS&pd_rd_wg=NOCTP&pf_rd_p=cd45b5ce-db68-4eca-8011-1781327073d7&pf_rd_r=4B3TCCX8GWKEZTZX8QYH&qid=1788217338&sbo=RZvfv%2F%2FHxDF%2BO5021pAnSA%3D%3D&sr=1-2-925d4041-2745-4edd-b995-62e9e595df4e-spons&aref=naRi4rAZNG&sp_csd=d2lkZ2V0TmFtZT1zcF9zZWFyY2hfdGhlbWF0aWM&psc=1': No scheme supplied. Perhaps you meant https://amazon.com/Katana-15-6-165Hz-Gaming-Laptop/dp/B0DZFVBQLK/ref=sxin_18_pa_sp_search_thematic-asin_sspa?_encoding=UTF8&content-id=amzn1.sym.cd45b5ce-db68-4eca-8011-1781327073d7%3Aamzn1.sym.cd45b5ce-db68-4eca-8011-1781327073d7&cv_ct_cx=gaming&keywords=gaming&pd_rd_i=B0DZFVBQLK&pd_rd_r=add79609-71e5-4b71-9319-646f85f900eb&pd_rd_w=kmHOS&pd_rd_wg=NOCTP&pf_rd_p=cd45b5ce-db68-4eca-8011-1781327073d7&pf_rd_r=4B3TCCX8GWKEZTZX8QYH&qid=1788217338&sbo=RZvfv%2F%2FHxDF%2BO5021pAnSA%3D%3D&sr=1-2-925d4041-2745-4edd-b995-62e9e595df4e-spons&aref=naRi4rAZNG&sp_csd=d2lkZ2V0TmFtZT1zcF9zZWFyY2hfdGhlbWF0aWM&psc=1?
2026-09-01 04:03:38 | INFO     | scraper.http_client | GET https://www.amazon.com/ASUS-Gaming-Laptop-Nebula-Display/dp/B0DW1X5YCQ/ref=sr_1_11?_encoding=UTF8&content-id=amzn1.sym.bd749ccd-05a5-46df-9094-58bcc6398482&dib=eyJ2IjoiMSJ9.-p4eTHFBzvLazkbgaCYNhmG28B9OSBZpThgr8Z_FJZoor2lvtEzcvMcHJdJs7_cTej357o1n4mCgZtHyLn387ou_HqIYONl4va3eGzopuyBGGndMi3HBEyEI0REZyC7b96apenWtXZeG5qaPWIkbaXnBlLbbz6CUkUv140vlNJyB8mR55-YbKYjUCmyUcl2kps9WIRqtLsRNiwY0EIHsDaRQ6PnaSCztxZ-6JrcYgetBUNzxfBgDS2qgpfw7f31H_BLQcO7TI0BF8Zan90nfZAxRlp5ASWdeOBYkTIbbWUk.sSoIsy3j9GDgkHcichqYso0ULrxT5pBOIDi0kePXWnU&dib_tag=se&keywords=gaming&pd_rd_r=2c9072f2-aacf-4c8e-9917-ed65bdc7a652&pd_rd_w=1x13x&pd_rd_wg=usBbY&qid=1788217338&sr=8-11
2026-09-01 04:03:41 | INFO     | scraper.http_client | GET https://www.amazon.com/ASUS-ROG-Strix-Gaming-Laptop/dp/B0DZZWMB2L/ref=sr_1_6?_encoding=UTF8&content-id=amzn1.sym.bd749ccd-05a5-46df-9094-58bcc6398482&dib=eyJ2IjoiMSJ9.-p4eTHFBzvLazkbgaCYNhmG28B9OSBZpThgr8Z_FJZoor2lvtEzcvMcHJdJs7_cTej357o1n4mCgZtHyLn387ou_HqIYONl4va3eGzopuyBGGndMi3HBEyEI0REZyC7b96apenWtXZeG5qaPWIkbaXnBlLbbz6CUkUv140vlNJyB8mR55-YbKYjUCmyUcl2kps9WIRqtLsRNiwY0EIHsDaRQ6PnaSCztxZ-6JrcYgetBUNzxfBgDS2qgpfw7f31H_BLQcO7TI0BF8Zan90nfZAxRlp5ASWdeOBYkTIbbWUk.sSoIsy3j9GDgkHcichqYso0ULrxT5pBOIDi0kePXWnU&dib_tag=se&keywords=gaming&pd_rd_r=2c9072f2-aacf-4c8e-9917-ed65bdc7a652&pd_rd_w=1x13x&pd_rd_wg=usBbY&qid=1788217338&sr=8-6&th=1
2026-09-01 04:03:42 | INFO     | scraper.http_client | GET /robots.txt
2026-09-01 04:03:42 | WARNING  | scraper.http_client | Request failed for /robots.txt: Invalid URL '/robots.txt': No scheme supplied. Perhaps you meant https:///robots.txt?
2026-09-01 04:03:42 | INFO     | scraper.http_client | GET https://www.amazon.com/robots.txt
2026-09-01 04:03:43 | INFO     | scraper.pipeline | Scraping 3 unique product URLs
2026-09-01 04:03:43 | INFO     | scraper.http_client | GET amazon.com/Katana-15-6-165Hz-Gaming-Laptop/dp/B0DZFVBQLK/ref=sxin_18_pa_sp_search_thematic-asin_sspa?_encoding=UTF8&content-id=amzn1.sym.cd45b5ce-db68-4eca-8011-1781327073d7%3Aamzn1.sym.cd45b5ce-db68-4eca-8011-1781327073d7&cv_ct_cx=gaming&keywords=gaming&pd_rd_i=B0DZFVBQLK&pd_rd_r=add79609-71e5-4b71-9319-646f85f900eb&pd_rd_w=kmHOS&pd_rd_wg=NOCTP&pf_rd_p=cd45b5ce-db68-4eca-8011-1781327073d7&pf_rd_r=4B3TCCX8GWKEZTZX8QYH&qid=1788217338&sbo=RZvfv%2F%2FHxDF%2BO5021pAnSA%3D%3D&sr=1-2-925d4041-2745-4edd-b995-62e9e595df4e-spons&aref=naRi4rAZNG&sp_csd=d2lkZ2V0TmFtZT1zcF9zZWFyY2hfdGhlbWF0aWM&psc=1
2026-09-01 04:03:43 | WARNING  | scraper.http_client | Request failed for amazon.com/Katana-15-6-165Hz-Gaming-Laptop/dp/B0DZFVBQLK/ref=sxin_18_pa_sp_search_thematic-asin_sspa?_encoding=UTF8&content-id=amzn1.sym.cd45b5ce-db68-4eca-8011-1781327073d7%3Aamzn1.sym.cd45b5ce-db68-4eca-8011-1781327073d7&cv_ct_cx=gaming&keywords=gaming&pd_rd_i=B0DZFVBQLK&pd_rd_r=add79609-71e5-4b71-9319-646f85f900eb&pd_rd_w=kmHOS&pd_rd_wg=NOCTP&pf_rd_p=cd45b5ce-db68-4eca-8011-1781327073d7&pf_rd_r=4B3TCCX8GWKEZTZX8QYH&qid=1788217338&sbo=RZvfv%2F%2FHxDF%2BO5021pAnSA%3D%3D&sr=1-2-925d4041-2745-4edd-b995-62e9e595df4e-spons&aref=naRi4rAZNG&sp_csd=d2lkZ2V0TmFtZT1zcF9zZWFyY2hfdGhlbWF0aWM&psc=1: Invalid URL 'amazon.com/Katana-15-6-165Hz-Gaming-Laptop/dp/B0DZFVBQLK/ref=sxin_18_pa_sp_search_thematic-asin_sspa?_encoding=UTF8&content-id=amzn1.sym.cd45b5ce-db68-4eca-8011-1781327073d7%3Aamzn1.sym.cd45b5ce-db68-4eca-8011-1781327073d7&cv_ct_cx=gaming&keywords=gaming&pd_rd_i=B0DZFVBQLK&pd_rd_r=add79609-71e5-4b71-9319-646f85f900eb&pd_rd_w=kmHOS&pd_rd_wg=NOCTP&pf_rd_p=cd45b5ce-db68-4eca-8011-1781327073d7&pf_rd_r=4B3TCCX8GWKEZTZX8QYH&qid=1788217338&sbo=RZvfv%2F%2FHxDF%2BO5021pAnSA%3D%3D&sr=1-2-925d4041-2745-4edd-b995-62e9e595df4e-spons&aref=naRi4rAZNG&sp_csd=d2lkZ2V0TmFtZT1zcF9zZWFyY2hfdGhlbWF0aWM&psc=1': No scheme supplied. Perhaps you meant https://amazon.com/Katana-15-6-165Hz-Gaming-Laptop/dp/B0DZFVBQLK/ref=sxin_18_pa_sp_search_thematic-asin_sspa?_encoding=UTF8&content-id=amzn1.sym.cd45b5ce-db68-4eca-8011-1781327073d7%3Aamzn1.sym.cd45b5ce-db68-4eca-8011-1781327073d7&cv_ct_cx=gaming&keywords=gaming&pd_rd_i=B0DZFVBQLK&pd_rd_r=add79609-71e5-4b71-9319-646f85f900eb&pd_rd_w=kmHOS&pd_rd_wg=NOCTP&pf_rd_p=cd45b5ce-db68-4eca-8011-1781327073d7&pf_rd_r=4B3TCCX8GWKEZTZX8QYH&qid=1788217338&sbo=RZvfv%2F%2FHxDF%2BO5021pAnSA%3D%3D&sr=1-2-925d4041-2745-4edd-b995-62e9e595df4e-spons&aref=naRi4rAZNG&sp_csd=d2lkZ2V0TmFtZT1zcF9zZWFyY2hfdGhlbWF0aWM&psc=1?
2026-09-01 04:03:43 | INFO     | scraper.http_client | GET https://www.amazon.com/ASUS-Gaming-Laptop-Nebula-Display/dp/B0DW1X5YCQ/ref=sr_1_11?_encoding=UTF8&content-id=amzn1.sym.bd749ccd-05a5-46df-9094-58bcc6398482&dib=eyJ2IjoiMSJ9.-p4eTHFBzvLazkbgaCYNhmG28B9OSBZpThgr8Z_FJZoor2lvtEzcvMcHJdJs7_cTej357o1n4mCgZtHyLn387ou_HqIYONl4va3eGzopuyBGGndMi3HBEyEI0REZyC7b96apenWtXZeG5qaPWIkbaXnBlLbbz6CUkUv140vlNJyB8mR55-YbKYjUCmyUcl2kps9WIRqtLsRNiwY0EIHsDaRQ6PnaSCztxZ-6JrcYgetBUNzxfBgDS2qgpfw7f31H_BLQcO7TI0BF8Zan90nfZAxRlp5ASWdeOBYkTIbbWUk.sSoIsy3j9GDgkHcichqYso0ULrxT5pBOIDi0kePXWnU&dib_tag=se&keywords=gaming&pd_rd_r=2c9072f2-aacf-4c8e-9917-ed65bdc7a652&pd_rd_w=1x13x&pd_rd_wg=usBbY&qid=1788217338&sr=8-11
2026-09-01 04:03:44 | INFO     | scraper.http_client | GET https://www.amazon.com/Stealth-Wireless-Multiplatform-Amplified-Headset-Nintendo/dp/B0CYWFH5Y9/ref=cs_sr_dp_loc_1?_encoding=UTF8&content-id=amzn1.sym.bd749ccd-05a5-46df-9094-58bcc6398482&dib=eyJ2IjoiMSJ9.-p4eTHFBzvLazkbgaCYNho7BVOp5maeqvTeAuY4Xvu3Pwv2XvU4gR433Jf-IvTIJnpzUlj7_03GSoOiLHEzCuyMIKpy0cYP1p3cD69WM8RZArIXgvS1OPv_Z-fsZvd2F96apenWtXZeG5qaPWIkbaXnBlLbbz6CUkUv140vlNJyMNnr4eF0tyq2VGBGdmY6iJt-rz_kVIR-2NWEXVExdc1VWl439LkTwpt7CedjPfEg3kMsDpwMgRxkaji4knSUT-z9DC7mJOeAKAFVBQa6T1QxRlp5ASWdeOBYkTIbbWUk.imHf33AW0jdDVs_tNfIFJ230iNWSku3v19N9yRTJSAI&dib_tag=se&keywords=gaming&pd_rd_r=2c9072f2-aacf-4c8e-9917-ed65bdc7a652&pd_rd_w=1x13x&pd_rd_wg=usBbY&qid=1788217414&sr=8-47
2026-09-01 04:03:46 | INFO     | scraper.http_client | GET https://www.amazon.com/ASUS-ROG-Strix-Gaming-Laptop/dp/B0DZZWMB2L/ref=sr_1_6?_encoding=UTF8&content-id=amzn1.sym.bd749ccd-05a5-46df-9094-58bcc6398482&dib=eyJ2IjoiMSJ9.-p4eTHFBzvLazkbgaCYNhmG28B9OSBZpThgr8Z_FJZoor2lvtEzcvMcHJdJs7_cTej357o1n4mCgZtHyLn387ou_HqIYONl4va3eGzopuyBGGndMi3HBEyEI0REZyC7b96apenWtXZeG5qaPWIkbaXnBlLbbz6CUkUv140vlNJyB8mR55-YbKYjUCmyUcl2kps9WIRqtLsRNiwY0EIHsDaRQ6PnaSCztxZ-6JrcYgetBUNzxfBgDS2qgpfw7f31H_BLQcO7TI0BF8Zan90nfZAxRlp5ASWdeOBYkTIbbWUk.sSoIsy3j9GDgkHcichqYso0ULrxT5pBOIDi0kePXWnU&dib_tag=se&keywords=gaming&pd_rd_r=2c9072f2-aacf-4c8e-9917-ed65bdc7a652&pd_rd_w=1x13x&pd_rd_wg=usBbY&qid=1788217338&sr=8-6&th=1
2026-09-01 04:03:47 | INFO     | scraper.http_client | GET https://www.amazon.com/Stealth-Wireless-Multiplatform-Amplified-Headset-Nintendo/dp/B0CYWFH5Y9/ref=sr_1_47_so_HEADPHONES?_encoding=UTF8&content-id=amzn1.sym.bd749ccd-05a5-46df-9094-58bcc6398482&dib=eyJ2IjoiMSJ9.-p4eTHFBzvLazkbgaCYNho7BVOp5maeqvTeAuY4Xvu3Pwv2XvU4gR433Jf-IvTIJnpzUlj7_03GSoOiLHEzCuyMIKpy0cYP1p3cD69WM8RZArIXgvS1OPv_Z-fsZvd2F96apenWtXZeG5qaPWIkbaXnBlLbbz6CUkUv140vlNJyMNnr4eF0tyq2VGBGdmY6iJt-rz_kVIR-2NWEXVExdc1VWl439LkTwpt7CedjPfEg3kMsDpwMgRxkaji4knSUT-z9DC7mJOeAKAFVBQa6T1QxRlp5ASWdeOBYkTIbbWUk.imHf33AW0jdDVs_tNfIFJ230iNWSku3v19N9yRTJSAI&dib_tag=se&keywords=gaming&pd_rd_r=2c9072f2-aacf-4c8e-9917-ed65bdc7a652&pd_rd_w=1x13x&pd_rd_wg=usBbY&qid=1788217414&sr=8-47
2026-09-01 04:03:49 | INFO     | scraper.cleaner | Cleaned 2 products -> 2 after deduplication
2026-09-01 04:03:49 | INFO     | scraper.validator | Validated 2 products -> 2 valid
2026-09-01 04:03:50 | INFO     | scraper.storage | Saved CSV: output\products.csv
2026-09-01 04:03:51 | INFO     | scraper.storage | Saved Excel: output\products.xlsx
2026-09-01 04:03:51 | INFO     | scraper.analysis | Analysis complete: 2 products
2026-09-01 04:03:51 | INFO     | scraper.analysis | Analysis complete: 2 products
2026-09-01 04:03:51 | INFO     | scraper.http_client | GET https://www.amazon.com/gp/seller-account/mm-summary-page.html?ld=AZFooterSelfPublish&topic=200260520&ref_=footer_publishing
2026-09-01 04:03:52 | INFO     | matplotlib.category | Using categorical units to plot a list of strings that are all parsable as floats or dates. If these strings should be plotted as numbers, cast to the appropriate data type before plotting.
2026-09-01 04:03:52 | INFO     | matplotlib.category | Using categorical units to plot a list of strings that are all parsable as floats or dates. If these strings should be plotted as numbers, cast to the appropriate data type before plotting.
2026-09-01 04:03:53 | INFO     | scraper.http_client | GET https://www.amazon.com/Gaming-Processor-GeForce-Display-ANV16S-41-R2AJ/dp/B0F195W823/ref=sr_1_16?_encoding=UTF8&content-id=amzn1.sym.bd749ccd-05a5-46df-9094-58bcc6398482&dib=eyJ2IjoiMSJ9.-p4eTHFBzvLazkbgaCYNho7BVOp5maeqvTeAuY4Xvu3Pwv2XvU4gR433Jf-IvTIJnpzUlj7_03GSoOiLHEzCuyMIKpy0cYP1p3cD69WM8RZArIXgvS1OPv_Z-fsZvd2F96apenWtXZeG5qaPWIkbaXnBlLbbz6CUkUv140vlNJyMNnr4eF0tyq2VGBGdmY6iJt-rz_kVIR-2NWEXVExdc1VWl439LkTwpt7CedjPfEg3kMsDpwMgRxkaji4knSUT-z9DC7mJOeAKAFVBQa6T1QxRlp5ASWdeOBYkTIbbWUk.imHf33AW0jdDVs_tNfIFJ230iNWSku3v19N9yRTJSAI&dib_tag=se&keywords=gaming&pd_rd_r=2c9072f2-aacf-4c8e-9917-ed65bdc7a652&pd_rd_w=1x13x&pd_rd_wg=usBbY&qid=1788217414&sr=8-16#customerReviews
2026-09-01 04:03:56 | INFO     | scraper.cleaner | Cleaned 2 products -> 2 after deduplication
2026-09-01 04:03:56 | INFO     | scraper.validator | Validated 2 products -> 2 valid
2026-09-01 04:03:56 | INFO     | scraper.storage | Saved CSV: output\products.csv
2026-09-01 04:03:56 | INFO     | scraper.storage | Saved Excel: output\products.xlsx
2026-09-01 04:03:56 | INFO     | scraper.analysis | Analysis complete: 2 products
2026-09-01 04:04:00 | INFO     | scraper.http_client | GET /robots.txt
2026-09-01 04:04:00 | WARNING  | scraper.http_client | Request failed for /robots.txt: Invalid URL '/robots.txt': No scheme supplied. Perhaps you meant https:///robots.txt?
2026-09-01 04:04:00 | INFO     | scraper.http_client | GET https://www.amazon.com/robots.txt
2026-09-01 04:04:01 | INFO     | scraper.pipeline | Scraping 3 unique product URLs
2026-09-01 04:04:01 | INFO     | scraper.http_client | GET amazon.com/Katana-15-6-165Hz-Gaming-Laptop/dp/B0DZFVBQLK/ref=sxin_18_pa_sp_search_thematic-asin_sspa?_encoding=UTF8&content-id=amzn1.sym.cd45b5ce-db68-4eca-8011-1781327073d7%3Aamzn1.sym.cd45b5ce-db68-4eca-8011-1781327073d7&cv_ct_cx=gaming&keywords=gaming&pd_rd_i=B0DZFVBQLK&pd_rd_r=add79609-71e5-4b71-9319-646f85f900eb&pd_rd_w=kmHOS&pd_rd_wg=NOCTP&pf_rd_p=cd45b5ce-db68-4eca-8011-1781327073d7&pf_rd_r=4B3TCCX8GWKEZTZX8QYH&qid=1788217338&sbo=RZvfv%2F%2FHxDF%2BO5021pAnSA%3D%3D&sr=1-2-925d4041-2745-4edd-b995-62e9e595df4e-spons&aref=naRi4rAZNG&sp_csd=d2lkZ2V0TmFtZT1zcF9zZWFyY2hfdGhlbWF0aWM&psc=1
2026-09-01 04:04:01 | WARNING  | scraper.http_client | Request failed for amazon.com/Katana-15-6-165Hz-Gaming-Laptop/dp/B0DZFVBQLK/ref=sxin_18_pa_sp_search_thematic-asin_sspa?_encoding=UTF8&content-id=amzn1.sym.cd45b5ce-db68-4eca-8011-1781327073d7%3Aamzn1.sym.cd45b5ce-db68-4eca-8011-1781327073d7&cv_ct_cx=gaming&keywords=gaming&pd_rd_i=B0DZFVBQLK&pd_rd_r=add79609-71e5-4b71-9319-646f85f900eb&pd_rd_w=kmHOS&pd_rd_wg=NOCTP&pf_rd_p=cd45b5ce-db68-4eca-8011-1781327073d7&pf_rd_r=4B3TCCX8GWKEZTZX8QYH&qid=1788217338&sbo=RZvfv%2F%2FHxDF%2BO5021pAnSA%3D%3D&sr=1-2-925d4041-2745-4edd-b995-62e9e595df4e-spons&aref=naRi4rAZNG&sp_csd=d2lkZ2V0TmFtZT1zcF9zZWFyY2hfdGhlbWF0aWM&psc=1: Invalid URL 'amazon.com/Katana-15-6-165Hz-Gaming-Laptop/dp/B0DZFVBQLK/ref=sxin_18_pa_sp_search_thematic-asin_sspa?_encoding=UTF8&content-id=amzn1.sym.cd45b5ce-db68-4eca-8011-1781327073d7%3Aamzn1.sym.cd45b5ce-db68-4eca-8011-1781327073d7&cv_ct_cx=gaming&keywords=gaming&pd_rd_i=B0DZFVBQLK&pd_rd_r=add79609-71e5-4b71-9319-646f85f900eb&pd_rd_w=kmHOS&pd_rd_wg=NOCTP&pf_rd_p=cd45b5ce-db68-4eca-8011-1781327073d7&pf_rd_r=4B3TCCX8GWKEZTZX8QYH&qid=1788217338&sbo=RZvfv%2F%2FHxDF%2BO5021pAnSA%3D%3D&sr=1-2-925d4041-2745-4edd-b995-62e9e595df4e-spons&aref=naRi4rAZNG&sp_csd=d2lkZ2V0TmFtZT1zcF9zZWFyY2hfdGhlbWF0aWM&psc=1': No scheme supplied. Perhaps you meant https://amazon.com/Katana-15-6-165Hz-Gaming-Laptop/dp/B0DZFVBQLK/ref=sxin_18_pa_sp_search_thematic-asin_sspa?_encoding=UTF8&content-id=amzn1.sym.cd45b5ce-db68-4eca-8011-1781327073d7%3Aamzn1.sym.cd45b5ce-db68-4eca-8011-1781327073d7&cv_ct_cx=gaming&keywords=gaming&pd_rd_i=B0DZFVBQLK&pd_rd_r=add79609-71e5-4b71-9319-646f85f900eb&pd_rd_w=kmHOS&pd_rd_wg=NOCTP&pf_rd_p=cd45b5ce-db68-4eca-8011-1781327073d7&pf_rd_r=4B3TCCX8GWKEZTZX8QYH&qid=1788217338&sbo=RZvfv%2F%2FHxDF%2BO5021pAnSA%3D%3D&sr=1-2-925d4041-2745-4edd-b995-62e9e595df4e-spons&aref=naRi4rAZNG&sp_csd=d2lkZ2V0TmFtZT1zcF9zZWFyY2hfdGhlbWF0aWM&psc=1?
2026-09-01 04:04:01 | INFO     | scraper.http_client | GET https://www.amazon.com/ASUS-Gaming-Laptop-Nebula-Display/dp/B0DW1X5YCQ/ref=sr_1_11?_encoding=UTF8&content-id=amzn1.sym.bd749ccd-05a5-46df-9094-58bcc6398482&dib=eyJ2IjoiMSJ9.-p4eTHFBzvLazkbgaCYNhmG28B9OSBZpThgr8Z_FJZoor2lvtEzcvMcHJdJs7_cTej357o1n4mCgZtHyLn387ou_HqIYONl4va3eGzopuyBGGndMi3HBEyEI0REZyC7b96apenWtXZeG5qaPWIkbaXnBlLbbz6CUkUv140vlNJyB8mR55-YbKYjUCmyUcl2kps9WIRqtLsRNiwY0EIHsDaRQ6PnaSCztxZ-6JrcYgetBUNzxfBgDS2qgpfw7f31H_BLQcO7TI0BF8Zan90nfZAxRlp5ASWdeOBYkTIbbWUk.sSoIsy3j9GDgkHcichqYso0ULrxT5pBOIDi0kePXWnU&dib_tag=se&keywords=gaming&pd_rd_r=2c9072f2-aacf-4c8e-9917-ed65bdc7a652&pd_rd_w=1x13x&pd_rd_wg=usBbY&qid=1788217338&sr=8-11
2026-09-01 04:04:04 | INFO     | scraper.http_client | GET https://www.amazon.com/ASUS-ROG-Strix-Gaming-Laptop/dp/B0DZZWMB2L/ref=sr_1_6?_encoding=UTF8&content-id=amzn1.sym.bd749ccd-05a5-46df-9094-58bcc6398482&dib=eyJ2IjoiMSJ9.-p4eTHFBzvLazkbgaCYNhmG28B9OSBZpThgr8Z_FJZoor2lvtEzcvMcHJdJs7_cTej357o1n4mCgZtHyLn387ou_HqIYONl4va3eGzopuyBGGndMi3HBEyEI0REZyC7b96apenWtXZeG5qaPWIkbaXnBlLbbz6CUkUv140vlNJyB8mR55-YbKYjUCmyUcl2kps9WIRqtLsRNiwY0EIHsDaRQ6PnaSCztxZ-6JrcYgetBUNzxfBgDS2qgpfw7f31H_BLQcO7TI0BF8Zan90nfZAxRlp5ASWdeOBYkTIbbWUk.sSoIsy3j9GDgkHcichqYso0ULrxT5pBOIDi0kePXWnU&dib_tag=se&keywords=gaming&pd_rd_r=2c9072f2-aacf-4c8e-9917-ed65bdc7a652&pd_rd_w=1x13x&pd_rd_wg=usBbY&qid=1788217338&sr=8-6&th=1
2026-09-01 04:04:07 | INFO     | scraper.cleaner | Cleaned 2 products -> 2 after deduplication
2026-09-01 04:04:07 | INFO     | scraper.validator | Validated 2 products -> 2 valid
2026-09-01 04:04:07 | INFO     | scraper.storage | Saved CSV: output\products.csv
2026-09-01 04:04:07 | INFO     | scraper.storage | Saved Excel: output\products.xlsx
2026-09-01 04:04:07 | INFO     | scraper.analysis | Analysis complete: 2 products
2026-09-01 04:04:08 | INFO     | scraper.analysis | Analysis complete: 2 products
2026-09-01 04:04:09 | INFO     | matplotlib.category | Using categorical units to plot a list of strings that are all parsable as floats or dates. If these strings should be plotted as numbers, cast to the appropriate data type before plotting.
2026-09-01 04:04:09 | INFO     | matplotlib.category | Using categorical units to plot a list of strings that are all parsable as floats or dates. If these strings should be plotted as numbers, cast to the appropriate data type before plotting.
2026-09-01 04:13:04 | INFO     | matplotlib.category | Using categorical units to plot a list of strings that are all parsable as floats or dates. If these strings should be plotted as numbers, cast to the appropriate data type before plotting.
2026-09-01 04:13:04 | INFO     | matplotlib.category | Using categorical units to plot a list of strings that are all parsable as floats or dates. If these strings should be plotted as numbers, cast to the appropriate data type before plotting.
2026-09-01 04:13:04 | INFO     | matplotlib.category | Using categorical units to plot a list of strings that are all parsable as floats or dates. If these strings should be plotted as numbers, cast to the appropriate data type before plotting.
2026-09-01 04:13:04 | INFO     | matplotlib.category | Using categorical units to plot a list of strings that are all parsable as floats or dates. If these strings should be plotted as numbers, cast to the appropriate data type before plotting.
2026-09-01 04:13:17 | INFO     | scraper.http_client | GET /robots.txt
2026-09-01 04:13:17 | INFO     | scraper.http_client | GET /robots.txt
2026-09-01 04:13:17 | INFO     | scraper.http_client | GET /robots.txt
2026-09-01 04:13:17 | WARNING  | scraper.http_client | Request failed for /robots.txt: Invalid URL '/robots.txt': No scheme supplied. Perhaps you meant https:///robots.txt?
2026-09-01 04:13:17 | WARNING  | scraper.http_client | Request failed for /robots.txt: Invalid URL '/robots.txt': No scheme supplied. Perhaps you meant https:///robots.txt?
2026-09-01 04:13:17 | WARNING  | scraper.http_client | Request failed for /robots.txt: Invalid URL '/robots.txt': No scheme supplied. Perhaps you meant https:///robots.txt?
2026-09-01 04:13:17 | INFO     | scraper.http_client | GET https://www.amazon.com/robots.txt
2026-09-01 04:13:17 | INFO     | scraper.http_client | GET https://www.amazon.com/robots.txt
2026-09-01 04:13:17 | INFO     | scraper.http_client | GET https://www.amazon.com/robots.txt
2026-09-01 04:13:18 | INFO     | scraper.pipeline | Scraping 3 unique product URLs
2026-09-01 04:13:18 | INFO     | scraper.pipeline | Scraping 3 unique product URLs
2026-09-01 04:13:18 | INFO     | scraper.pipeline | Scraping 3 unique product URLs
2026-09-01 04:13:18 | INFO     | scraper.http_client | GET amazon.com/Katana-15-6-165Hz-Gaming-Laptop/dp/B0DZFVBQLK/ref=sxin_18_pa_sp_search_thematic-asin_sspa?_encoding=UTF8&content-id=amzn1.sym.cd45b5ce-db68-4eca-8011-1781327073d7%3Aamzn1.sym.cd45b5ce-db68-4eca-8011-1781327073d7&cv_ct_cx=gaming&keywords=gaming&pd_rd_i=B0DZFVBQLK&pd_rd_r=add79609-71e5-4b71-9319-646f85f900eb&pd_rd_w=kmHOS&pd_rd_wg=NOCTP&pf_rd_p=cd45b5ce-db68-4eca-8011-1781327073d7&pf_rd_r=4B3TCCX8GWKEZTZX8QYH&qid=1788217338&sbo=RZvfv%2F%2FHxDF%2BO5021pAnSA%3D%3D&sr=1-2-925d4041-2745-4edd-b995-62e9e595df4e-spons&aref=naRi4rAZNG&sp_csd=d2lkZ2V0TmFtZT1zcF9zZWFyY2hfdGhlbWF0aWM&psc=1
2026-09-01 04:13:18 | INFO     | scraper.http_client | GET amazon.com/Katana-15-6-165Hz-Gaming-Laptop/dp/B0DZFVBQLK/ref=sxin_18_pa_sp_search_thematic-asin_sspa?_encoding=UTF8&content-id=amzn1.sym.cd45b5ce-db68-4eca-8011-1781327073d7%3Aamzn1.sym.cd45b5ce-db68-4eca-8011-1781327073d7&cv_ct_cx=gaming&keywords=gaming&pd_rd_i=B0DZFVBQLK&pd_rd_r=add79609-71e5-4b71-9319-646f85f900eb&pd_rd_w=kmHOS&pd_rd_wg=NOCTP&pf_rd_p=cd45b5ce-db68-4eca-8011-1781327073d7&pf_rd_r=4B3TCCX8GWKEZTZX8QYH&qid=1788217338&sbo=RZvfv%2F%2FHxDF%2BO5021pAnSA%3D%3D&sr=1-2-925d4041-2745-4edd-b995-62e9e595df4e-spons&aref=naRi4rAZNG&sp_csd=d2lkZ2V0TmFtZT1zcF9zZWFyY2hfdGhlbWF0aWM&psc=1
2026-09-01 04:13:18 | INFO     | scraper.http_client | GET amazon.com/Katana-15-6-165Hz-Gaming-Laptop/dp/B0DZFVBQLK/ref=sxin_18_pa_sp_search_thematic-asin_sspa?_encoding=UTF8&content-id=amzn1.sym.cd45b5ce-db68-4eca-8011-1781327073d7%3Aamzn1.sym.cd45b5ce-db68-4eca-8011-1781327073d7&cv_ct_cx=gaming&keywords=gaming&pd_rd_i=B0DZFVBQLK&pd_rd_r=add79609-71e5-4b71-9319-646f85f900eb&pd_rd_w=kmHOS&pd_rd_wg=NOCTP&pf_rd_p=cd45b5ce-db68-4eca-8011-1781327073d7&pf_rd_r=4B3TCCX8GWKEZTZX8QYH&qid=1788217338&sbo=RZvfv%2F%2FHxDF%2BO5021pAnSA%3D%3D&sr=1-2-925d4041-2745-4edd-b995-62e9e595df4e-spons&aref=naRi4rAZNG&sp_csd=d2lkZ2V0TmFtZT1zcF9zZWFyY2hfdGhlbWF0aWM&psc=1
2026-09-01 04:13:18 | WARNING  | scraper.http_client | Request failed for amazon.com/Katana-15-6-165Hz-Gaming-Laptop/dp/B0DZFVBQLK/ref=sxin_18_pa_sp_search_thematic-asin_sspa?_encoding=UTF8&content-id=amzn1.sym.cd45b5ce-db68-4eca-8011-1781327073d7%3Aamzn1.sym.cd45b5ce-db68-4eca-8011-1781327073d7&cv_ct_cx=gaming&keywords=gaming&pd_rd_i=B0DZFVBQLK&pd_rd_r=add79609-71e5-4b71-9319-646f85f900eb&pd_rd_w=kmHOS&pd_rd_wg=NOCTP&pf_rd_p=cd45b5ce-db68-4eca-8011-1781327073d7&pf_rd_r=4B3TCCX8GWKEZTZX8QYH&qid=1788217338&sbo=RZvfv%2F%2FHxDF%2BO5021pAnSA%3D%3D&sr=1-2-925d4041-2745-4edd-b995-62e9e595df4e-spons&aref=naRi4rAZNG&sp_csd=d2lkZ2V0TmFtZT1zcF9zZWFyY2hfdGhlbWF0aWM&psc=1: Invalid URL 'amazon.com/Katana-15-6-165Hz-Gaming-Laptop/dp/B0DZFVBQLK/ref=sxin_18_pa_sp_search_thematic-asin_sspa?_encoding=UTF8&content-id=amzn1.sym.cd45b5ce-db68-4eca-8011-1781327073d7%3Aamzn1.sym.cd45b5ce-db68-4eca-8011-1781327073d7&cv_ct_cx=gaming&keywords=gaming&pd_rd_i=B0DZFVBQLK&pd_rd_r=add79609-71e5-4b71-9319-646f85f900eb&pd_rd_w=kmHOS&pd_rd_wg=NOCTP&pf_rd_p=cd45b5ce-db68-4eca-8011-1781327073d7&pf_rd_r=4B3TCCX8GWKEZTZX8QYH&qid=1788217338&sbo=RZvfv%2F%2FHxDF%2BO5021pAnSA%3D%3D&sr=1-2-925d4041-2745-4edd-b995-62e9e595df4e-spons&aref=naRi4rAZNG&sp_csd=d2lkZ2V0TmFtZT1zcF9zZWFyY2hfdGhlbWF0aWM&psc=1': No scheme supplied. Perhaps you meant https://amazon.com/Katana-15-6-165Hz-Gaming-Laptop/dp/B0DZFVBQLK/ref=sxin_18_pa_sp_search_thematic-asin_sspa?_encoding=UTF8&content-id=amzn1.sym.cd45b5ce-db68-4eca-8011-1781327073d7%3Aamzn1.sym.cd45b5ce-db68-4eca-8011-1781327073d7&cv_ct_cx=gaming&keywords=gaming&pd_rd_i=B0DZFVBQLK&pd_rd_r=add79609-71e5-4b71-9319-646f85f900eb&pd_rd_w=kmHOS&pd_rd_wg=NOCTP&pf_rd_p=cd45b5ce-db68-4eca-8011-1781327073d7&pf_rd_r=4B3TCCX8GWKEZTZX8QYH&qid=1788217338&sbo=RZvfv%2F%2FHxDF%2BO5021pAnSA%3D%3D&sr=1-2-925d4041-2745-4edd-b995-62e9e595df4e-spons&aref=naRi4rAZNG&sp_csd=d2lkZ2V0TmFtZT1zcF9zZWFyY2hfdGhlbWF0aWM&psc=1?
2026-09-01 04:13:18 | WARNING  | scraper.http_client | Request failed for amazon.com/Katana-15-6-165Hz-Gaming-Laptop/dp/B0DZFVBQLK/ref=sxin_18_pa_sp_search_thematic-asin_sspa?_encoding=UTF8&content-id=amzn1.sym.cd45b5ce-db68-4eca-8011-1781327073d7%3Aamzn1.sym.cd45b5ce-db68-4eca-8011-1781327073d7&cv_ct_cx=gaming&keywords=gaming&pd_rd_i=B0DZFVBQLK&pd_rd_r=add79609-71e5-4b71-9319-646f85f900eb&pd_rd_w=kmHOS&pd_rd_wg=NOCTP&pf_rd_p=cd45b5ce-db68-4eca-8011-1781327073d7&pf_rd_r=4B3TCCX8GWKEZTZX8QYH&qid=1788217338&sbo=RZvfv%2F%2FHxDF%2BO5021pAnSA%3D%3D&sr=1-2-925d4041-2745-4edd-b995-62e9e595df4e-spons&aref=naRi4rAZNG&sp_csd=d2lkZ2V0TmFtZT1zcF9zZWFyY2hfdGhlbWF0aWM&psc=1: Invalid URL 'amazon.com/Katana-15-6-165Hz-Gaming-Laptop/dp/B0DZFVBQLK/ref=sxin_18_pa_sp_search_thematic-asin_sspa?_encoding=UTF8&content-id=amzn1.sym.cd45b5ce-db68-4eca-8011-1781327073d7%3Aamzn1.sym.cd45b5ce-db68-4eca-8011-1781327073d7&cv_ct_cx=gaming&keywords=gaming&pd_rd_i=B0DZFVBQLK&pd_rd_r=add79609-71e5-4b71-9319-646f85f900eb&pd_rd_w=kmHOS&pd_rd_wg=NOCTP&pf_rd_p=cd45b5ce-db68-4eca-8011-1781327073d7&pf_rd_r=4B3TCCX8GWKEZTZX8QYH&qid=1788217338&sbo=RZvfv%2F%2FHxDF%2BO5021pAnSA%3D%3D&sr=1-2-925d4041-2745-4edd-b995-62e9e595df4e-spons&aref=naRi4rAZNG&sp_csd=d2lkZ2V0TmFtZT1zcF9zZWFyY2hfdGhlbWF0aWM&psc=1': No scheme supplied. Perhaps you meant https://amazon.com/Katana-15-6-165Hz-Gaming-Laptop/dp/B0DZFVBQLK/ref=sxin_18_pa_sp_search_thematic-asin_sspa?_encoding=UTF8&content-id=amzn1.sym.cd45b5ce-db68-4eca-8011-1781327073d7%3Aamzn1.sym.cd45b5ce-db68-4eca-8011-1781327073d7&cv_ct_cx=gaming&keywords=gaming&pd_rd_i=B0DZFVBQLK&pd_rd_r=add79609-71e5-4b71-9319-646f85f900eb&pd_rd_w=kmHOS&pd_rd_wg=NOCTP&pf_rd_p=cd45b5ce-db68-4eca-8011-1781327073d7&pf_rd_r=4B3TCCX8GWKEZTZX8QYH&qid=1788217338&sbo=RZvfv%2F%2FHxDF%2BO5021pAnSA%3D%3D&sr=1-2-925d4041-2745-4edd-b995-62e9e595df4e-spons&aref=naRi4rAZNG&sp_csd=d2lkZ2V0TmFtZT1zcF9zZWFyY2hfdGhlbWF0aWM&psc=1?
2026-09-01 04:13:18 | WARNING  | scraper.http_client | Request failed for amazon.com/Katana-15-6-165Hz-Gaming-Laptop/dp/B0DZFVBQLK/ref=sxin_18_pa_sp_search_thematic-asin_sspa?_encoding=UTF8&content-id=amzn1.sym.cd45b5ce-db68-4eca-8011-1781327073d7%3Aamzn1.sym.cd45b5ce-db68-4eca-8011-1781327073d7&cv_ct_cx=gaming&keywords=gaming&pd_rd_i=B0DZFVBQLK&pd_rd_r=add79609-71e5-4b71-9319-646f85f900eb&pd_rd_w=kmHOS&pd_rd_wg=NOCTP&pf_rd_p=cd45b5ce-db68-4eca-8011-1781327073d7&pf_rd_r=4B3TCCX8GWKEZTZX8QYH&qid=1788217338&sbo=RZvfv%2F%2FHxDF%2BO5021pAnSA%3D%3D&sr=1-2-925d4041-2745-4edd-b995-62e9e595df4e-spons&aref=naRi4rAZNG&sp_csd=d2lkZ2V0TmFtZT1zcF9zZWFyY2hfdGhlbWF0aWM&psc=1: Invalid URL 'amazon.com/Katana-15-6-165Hz-Gaming-Laptop/dp/B0DZFVBQLK/ref=sxin_18_pa_sp_search_thematic-asin_sspa?_encoding=UTF8&content-id=amzn1.sym.cd45b5ce-db68-4eca-8011-1781327073d7%3Aamzn1.sym.cd45b5ce-db68-4eca-8011-1781327073d7&cv_ct_cx=gaming&keywords=gaming&pd_rd_i=B0DZFVBQLK&pd_rd_r=add79609-71e5-4b71-9319-646f85f900eb&pd_rd_w=kmHOS&pd_rd_wg=NOCTP&pf_rd_p=cd45b5ce-db68-4eca-8011-1781327073d7&pf_rd_r=4B3TCCX8GWKEZTZX8QYH&qid=1788217338&sbo=RZvfv%2F%2FHxDF%2BO5021pAnSA%3D%3D&sr=1-2-925d4041-2745-4edd-b995-62e9e595df4e-spons&aref=naRi4rAZNG&sp_csd=d2lkZ2V0TmFtZT1zcF9zZWFyY2hfdGhlbWF0aWM&psc=1': No scheme supplied. Perhaps you meant https://amazon.com/Katana-15-6-165Hz-Gaming-Laptop/dp/B0DZFVBQLK/ref=sxin_18_pa_sp_search_thematic-asin_sspa?_encoding=UTF8&content-id=amzn1.sym.cd45b5ce-db68-4eca-8011-1781327073d7%3Aamzn1.sym.cd45b5ce-db68-4eca-8011-1781327073d7&cv_ct_cx=gaming&keywords=gaming&pd_rd_i=B0DZFVBQLK&pd_rd_r=add79609-71e5-4b71-9319-646f85f900eb&pd_rd_w=kmHOS&pd_rd_wg=NOCTP&pf_rd_p=cd45b5ce-db68-4eca-8011-1781327073d7&pf_rd_r=4B3TCCX8GWKEZTZX8QYH&qid=1788217338&sbo=RZvfv%2F%2FHxDF%2BO5021pAnSA%3D%3D&sr=1-2-925d4041-2745-4edd-b995-62e9e595df4e-spons&aref=naRi4rAZNG&sp_csd=d2lkZ2V0TmFtZT1zcF9zZWFyY2hfdGhlbWF0aWM&psc=1?
2026-09-01 04:13:18 | INFO     | scraper.http_client | GET https://www.amazon.com/ASUS-Gaming-Laptop-Nebula-Display/dp/B0DW1X5YCQ/ref=sr_1_11?_encoding=UTF8&content-id=amzn1.sym.bd749ccd-05a5-46df-9094-58bcc6398482&dib=eyJ2IjoiMSJ9.-p4eTHFBzvLazkbgaCYNhmG28B9OSBZpThgr8Z_FJZoor2lvtEzcvMcHJdJs7_cTej357o1n4mCgZtHyLn387ou_HqIYONl4va3eGzopuyBGGndMi3HBEyEI0REZyC7b96apenWtXZeG5qaPWIkbaXnBlLbbz6CUkUv140vlNJyB8mR55-YbKYjUCmyUcl2kps9WIRqtLsRNiwY0EIHsDaRQ6PnaSCztxZ-6JrcYgetBUNzxfBgDS2qgpfw7f31H_BLQcO7TI0BF8Zan90nfZAxRlp5ASWdeOBYkTIbbWUk.sSoIsy3j9GDgkHcichqYso0ULrxT5pBOIDi0kePXWnU&dib_tag=se&keywords=gaming&pd_rd_r=2c9072f2-aacf-4c8e-9917-ed65bdc7a652&pd_rd_w=1x13x&pd_rd_wg=usBbY&qid=1788217338&sr=8-11
2026-09-01 04:13:18 | INFO     | scraper.http_client | GET https://www.amazon.com/ASUS-Gaming-Laptop-Nebula-Display/dp/B0DW1X5YCQ/ref=sr_1_11?_encoding=UTF8&content-id=amzn1.sym.bd749ccd-05a5-46df-9094-58bcc6398482&dib=eyJ2IjoiMSJ9.-p4eTHFBzvLazkbgaCYNhmG28B9OSBZpThgr8Z_FJZoor2lvtEzcvMcHJdJs7_cTej357o1n4mCgZtHyLn387ou_HqIYONl4va3eGzopuyBGGndMi3HBEyEI0REZyC7b96apenWtXZeG5qaPWIkbaXnBlLbbz6CUkUv140vlNJyB8mR55-YbKYjUCmyUcl2kps9WIRqtLsRNiwY0EIHsDaRQ6PnaSCztxZ-6JrcYgetBUNzxfBgDS2qgpfw7f31H_BLQcO7TI0BF8Zan90nfZAxRlp5ASWdeOBYkTIbbWUk.sSoIsy3j9GDgkHcichqYso0ULrxT5pBOIDi0kePXWnU&dib_tag=se&keywords=gaming&pd_rd_r=2c9072f2-aacf-4c8e-9917-ed65bdc7a652&pd_rd_w=1x13x&pd_rd_wg=usBbY&qid=1788217338&sr=8-11
2026-09-01 04:13:18 | INFO     | scraper.http_client | GET https://www.amazon.com/ASUS-Gaming-Laptop-Nebula-Display/dp/B0DW1X5YCQ/ref=sr_1_11?_encoding=UTF8&content-id=amzn1.sym.bd749ccd-05a5-46df-9094-58bcc6398482&dib=eyJ2IjoiMSJ9.-p4eTHFBzvLazkbgaCYNhmG28B9OSBZpThgr8Z_FJZoor2lvtEzcvMcHJdJs7_cTej357o1n4mCgZtHyLn387ou_HqIYONl4va3eGzopuyBGGndMi3HBEyEI0REZyC7b96apenWtXZeG5qaPWIkbaXnBlLbbz6CUkUv140vlNJyB8mR55-YbKYjUCmyUcl2kps9WIRqtLsRNiwY0EIHsDaRQ6PnaSCztxZ-6JrcYgetBUNzxfBgDS2qgpfw7f31H_BLQcO7TI0BF8Zan90nfZAxRlp5ASWdeOBYkTIbbWUk.sSoIsy3j9GDgkHcichqYso0ULrxT5pBOIDi0kePXWnU&dib_tag=se&keywords=gaming&pd_rd_r=2c9072f2-aacf-4c8e-9917-ed65bdc7a652&pd_rd_w=1x13x&pd_rd_wg=usBbY&qid=1788217338&sr=8-11
2026-09-01 04:13:22 | INFO     | scraper.http_client | GET https://www.amazon.com/ASUS-ROG-Strix-Gaming-Laptop/dp/B0DZZWMB2L/ref=sr_1_6?_encoding=UTF8&content-id=amzn1.sym.bd749ccd-05a5-46df-9094-58bcc6398482&dib=eyJ2IjoiMSJ9.-p4eTHFBzvLazkbgaCYNhmG28B9OSBZpThgr8Z_FJZoor2lvtEzcvMcHJdJs7_cTej357o1n4mCgZtHyLn387ou_HqIYONl4va3eGzopuyBGGndMi3HBEyEI0REZyC7b96apenWtXZeG5qaPWIkbaXnBlLbbz6CUkUv140vlNJyB8mR55-YbKYjUCmyUcl2kps9WIRqtLsRNiwY0EIHsDaRQ6PnaSCztxZ-6JrcYgetBUNzxfBgDS2qgpfw7f31H_BLQcO7TI0BF8Zan90nfZAxRlp5ASWdeOBYkTIbbWUk.sSoIsy3j9GDgkHcichqYso0ULrxT5pBOIDi0kePXWnU&dib_tag=se&keywords=gaming&pd_rd_r=2c9072f2-aacf-4c8e-9917-ed65bdc7a652&pd_rd_w=1x13x&pd_rd_wg=usBbY&qid=1788217338&sr=8-6&th=1
2026-09-01 04:13:22 | INFO     | scraper.http_client | GET https://www.amazon.com/ASUS-ROG-Strix-Gaming-Laptop/dp/B0DZZWMB2L/ref=sr_1_6?_encoding=UTF8&content-id=amzn1.sym.bd749ccd-05a5-46df-9094-58bcc6398482&dib=eyJ2IjoiMSJ9.-p4eTHFBzvLazkbgaCYNhmG28B9OSBZpThgr8Z_FJZoor2lvtEzcvMcHJdJs7_cTej357o1n4mCgZtHyLn387ou_HqIYONl4va3eGzopuyBGGndMi3HBEyEI0REZyC7b96apenWtXZeG5qaPWIkbaXnBlLbbz6CUkUv140vlNJyB8mR55-YbKYjUCmyUcl2kps9WIRqtLsRNiwY0EIHsDaRQ6PnaSCztxZ-6JrcYgetBUNzxfBgDS2qgpfw7f31H_BLQcO7TI0BF8Zan90nfZAxRlp5ASWdeOBYkTIbbWUk.sSoIsy3j9GDgkHcichqYso0ULrxT5pBOIDi0kePXWnU&dib_tag=se&keywords=gaming&pd_rd_r=2c9072f2-aacf-4c8e-9917-ed65bdc7a652&pd_rd_w=1x13x&pd_rd_wg=usBbY&qid=1788217338&sr=8-6&th=1
2026-09-01 04:13:22 | INFO     | scraper.http_client | GET https://www.amazon.com/ASUS-ROG-Strix-Gaming-Laptop/dp/B0DZZWMB2L/ref=sr_1_6?_encoding=UTF8&content-id=amzn1.sym.bd749ccd-05a5-46df-9094-58bcc6398482&dib=eyJ2IjoiMSJ9.-p4eTHFBzvLazkbgaCYNhmG28B9OSBZpThgr8Z_FJZoor2lvtEzcvMcHJdJs7_cTej357o1n4mCgZtHyLn387ou_HqIYONl4va3eGzopuyBGGndMi3HBEyEI0REZyC7b96apenWtXZeG5qaPWIkbaXnBlLbbz6CUkUv140vlNJyB8mR55-YbKYjUCmyUcl2kps9WIRqtLsRNiwY0EIHsDaRQ6PnaSCztxZ-6JrcYgetBUNzxfBgDS2qgpfw7f31H_BLQcO7TI0BF8Zan90nfZAxRlp5ASWdeOBYkTIbbWUk.sSoIsy3j9GDgkHcichqYso0ULrxT5pBOIDi0kePXWnU&dib_tag=se&keywords=gaming&pd_rd_r=2c9072f2-aacf-4c8e-9917-ed65bdc7a652&pd_rd_w=1x13x&pd_rd_wg=usBbY&qid=1788217338&sr=8-6&th=1
2026-09-01 04:13:27 | INFO     | scraper.cleaner | Cleaned 2 products -> 2 after deduplication
2026-09-01 04:13:27 | INFO     | scraper.cleaner | Cleaned 2 products -> 2 after deduplication
2026-09-01 04:13:27 | INFO     | scraper.cleaner | Cleaned 2 products -> 2 after deduplication
2026-09-01 04:13:27 | INFO     | scraper.validator | Validated 2 products -> 2 valid
2026-09-01 04:13:27 | INFO     | scraper.validator | Validated 2 products -> 2 valid
2026-09-01 04:13:27 | INFO     | scraper.validator | Validated 2 products -> 2 valid
2026-09-01 04:13:27 | INFO     | scraper.storage | Saved CSV: output\products.csv
2026-09-01 04:13:27 | INFO     | scraper.storage | Saved CSV: output\products.csv
2026-09-01 04:13:27 | INFO     | scraper.storage | Saved CSV: output\products.csv
2026-09-01 04:13:28 | INFO     | scraper.storage | Saved Excel: output\products.xlsx
2026-09-01 04:13:28 | INFO     | scraper.storage | Saved Excel: output\products.xlsx
2026-09-01 04:13:28 | INFO     | scraper.storage | Saved Excel: output\products.xlsx
2026-09-01 04:13:28 | INFO     | scraper.analysis | Analysis complete: 2 products
2026-09-01 04:13:28 | INFO     | scraper.analysis | Analysis complete: 2 products
2026-09-01 04:13:28 | INFO     | scraper.analysis | Analysis complete: 2 products
2026-09-01 04:13:29 | INFO     | matplotlib.category | Using categorical units to plot a list of strings that are all parsable as floats or dates. If these strings should be plotted as numbers, cast to the appropriate data type before plotting.
2026-09-01 04:13:29 | INFO     | matplotlib.category | Using categorical units to plot a list of strings that are all parsable as floats or dates. If these strings should be plotted as numbers, cast to the appropriate data type before plotting.
2026-09-01 04:13:29 | INFO     | matplotlib.category | Using categorical units to plot a list of strings that are all parsable as floats or dates. If these strings should be plotted as numbers, cast to the appropriate data type before plotting.
2026-09-01 04:13:29 | INFO     | matplotlib.category | Using categorical units to plot a list of strings that are all parsable as floats or dates. If these strings should be plotted as numbers, cast to the appropriate data type before plotting.
2026-09-01 04:13:29 | INFO     | matplotlib.category | Using categorical units to plot a list of strings that are all parsable as floats or dates. If these strings should be plotted as numbers, cast to the appropriate data type before plotting.
2026-09-01 04:13:29 | INFO     | matplotlib.category | Using categorical units to plot a list of strings that are all parsable as floats or dates. If these strings should be plotted as numbers, cast to the appropriate data type before plotting.
2026-09-01 04:13:45 | INFO     | matplotlib.category | Using categorical units to plot a list of strings that are all parsable as floats or dates. If these strings should be plotted as numbers, cast to the appropriate data type before plotting.
2026-09-01 04:13:45 | INFO     | matplotlib.category | Using categorical units to plot a list of strings that are all parsable as floats or dates. If these strings should be plotted as numbers, cast to the appropriate data type before plotting.
2026-09-01 04:13:45 | INFO     | matplotlib.category | Using categorical units to plot a list of strings that are all parsable as floats or dates. If these strings should be plotted as numbers, cast to the appropriate data type before plotting.
2026-09-01 04:13:45 | INFO     | matplotlib.category | Using categorical units to plot a list of strings that are all parsable as floats or dates. If these strings should be plotted as numbers, cast to the appropriate data type before plotting.
2026-09-01 04:13:45 | INFO     | matplotlib.category | Using categorical units to plot a list of strings that are all parsable as floats or dates. If these strings should be plotted as numbers, cast to the appropriate data type before plotting.
2026-09-01 04:13:45 | INFO     | matplotlib.category | Using categorical units to plot a list of strings that are all parsable as floats or dates. If these strings should be plotted as numbers, cast to the appropriate data type before plotting.
2026-09-01 04:13:55 | INFO     | scraper.http_client | GET https://www.amazon.com/robots.txt
2026-09-01 04:13:55 | INFO     | scraper.http_client | GET https://www.amazon.com/robots.txt
2026-09-01 04:13:55 | INFO     | scraper.http_client | GET https://www.amazon.com/robots.txt
2026-09-01 04:13:56 | INFO     | scraper.pipeline | Scraping 1 unique product URLs
2026-09-01 04:13:56 | INFO     | scraper.pipeline | Scraping 1 unique product URLs
2026-09-01 04:13:56 | INFO     | scraper.pipeline | Scraping 1 unique product URLs
2026-09-01 04:13:56 | INFO     | scraper.http_client | GET https://www.amazon.com/ASUS-Gaming-Laptop-Nebula-Display/dp/B0DW1X5YCQ/ref=sr_1_11?_encoding=UTF8&content-id=amzn1.sym.bd749ccd-05a5-46df-9094-58bcc6398482&dib=eyJ2IjoiMSJ9.-p4eTHFBzvLazkbgaCYNhmG28B9OSBZpThgr8Z_FJZoor2lvtEzcvMcHJdJs7_cTej357o1n4mCgZtHyLn387ou_HqIYONl4va3eGzopuyBGGndMi3HBEyEI0REZyC7b96apenWtXZeG5qaPWIkbaXnBlLbbz6CUkUv140vlNJyB8mR55-YbKYjUCmyUcl2kps9WIRqtLsRNiwY0EIHsDaRQ6PnaSCztxZ-6JrcYgetBUNzxfBgDS2qgpfw7f31H_BLQcO7TI0BF8Zan90nfZAxRlp5ASWdeOBYkTIbbWUk.sSoIsy3j9GDgkHcichqYso0ULrxT5pBOIDi0kePXWnU&dib_tag=se&keywords=gaming&pd_rd_r=2c9072f2-aacf-4c8e-9917-ed65bdc7a652&pd_rd_w=1x13x&pd_rd_wg=usBbY&qid=1788217338&sr=8-11
2026-09-01 04:13:56 | INFO     | scraper.http_client | GET https://www.amazon.com/ASUS-Gaming-Laptop-Nebula-Display/dp/B0DW1X5YCQ/ref=sr_1_11?_encoding=UTF8&content-id=amzn1.sym.bd749ccd-05a5-46df-9094-58bcc6398482&dib=eyJ2IjoiMSJ9.-p4eTHFBzvLazkbgaCYNhmG28B9OSBZpThgr8Z_FJZoor2lvtEzcvMcHJdJs7_cTej357o1n4mCgZtHyLn387ou_HqIYONl4va3eGzopuyBGGndMi3HBEyEI0REZyC7b96apenWtXZeG5qaPWIkbaXnBlLbbz6CUkUv140vlNJyB8mR55-YbKYjUCmyUcl2kps9WIRqtLsRNiwY0EIHsDaRQ6PnaSCztxZ-6JrcYgetBUNzxfBgDS2qgpfw7f31H_BLQcO7TI0BF8Zan90nfZAxRlp5ASWdeOBYkTIbbWUk.sSoIsy3j9GDgkHcichqYso0ULrxT5pBOIDi0kePXWnU&dib_tag=se&keywords=gaming&pd_rd_r=2c9072f2-aacf-4c8e-9917-ed65bdc7a652&pd_rd_w=1x13x&pd_rd_wg=usBbY&qid=1788217338&sr=8-11
2026-09-01 04:13:56 | INFO     | scraper.http_client | GET https://www.amazon.com/ASUS-Gaming-Laptop-Nebula-Display/dp/B0DW1X5YCQ/ref=sr_1_11?_encoding=UTF8&content-id=amzn1.sym.bd749ccd-05a5-46df-9094-58bcc6398482&dib=eyJ2IjoiMSJ9.-p4eTHFBzvLazkbgaCYNhmG28B9OSBZpThgr8Z_FJZoor2lvtEzcvMcHJdJs7_cTej357o1n4mCgZtHyLn387ou_HqIYONl4va3eGzopuyBGGndMi3HBEyEI0REZyC7b96apenWtXZeG5qaPWIkbaXnBlLbbz6CUkUv140vlNJyB8mR55-YbKYjUCmyUcl2kps9WIRqtLsRNiwY0EIHsDaRQ6PnaSCztxZ-6JrcYgetBUNzxfBgDS2qgpfw7f31H_BLQcO7TI0BF8Zan90nfZAxRlp5ASWdeOBYkTIbbWUk.sSoIsy3j9GDgkHcichqYso0ULrxT5pBOIDi0kePXWnU&dib_tag=se&keywords=gaming&pd_rd_r=2c9072f2-aacf-4c8e-9917-ed65bdc7a652&pd_rd_w=1x13x&pd_rd_wg=usBbY&qid=1788217338&sr=8-11
2026-09-01 04:13:59 | INFO     | scraper.cleaner | Cleaned 1 products -> 1 after deduplication
2026-09-01 04:13:59 | INFO     | scraper.cleaner | Cleaned 1 products -> 1 after deduplication
2026-09-01 04:13:59 | INFO     | scraper.cleaner | Cleaned 1 products -> 1 after deduplication
2026-09-01 04:13:59 | INFO     | scraper.validator | Validated 1 products -> 1 valid
2026-09-01 04:13:59 | INFO     | scraper.validator | Validated 1 products -> 1 valid
2026-09-01 04:13:59 | INFO     | scraper.validator | Validated 1 products -> 1 valid
2026-09-01 04:13:59 | INFO     | scraper.storage | Saved CSV: output\products.csv
2026-09-01 04:13:59 | INFO     | scraper.storage | Saved CSV: output\products.csv
2026-09-01 04:13:59 | INFO     | scraper.storage | Saved CSV: output\products.csv
2026-09-01 04:14:00 | INFO     | scraper.storage | Saved Excel: output\products.xlsx
2026-09-01 04:14:00 | INFO     | scraper.storage | Saved Excel: output\products.xlsx
2026-09-01 04:14:00 | INFO     | scraper.storage | Saved Excel: output\products.xlsx
2026-09-01 04:14:00 | INFO     | scraper.analysis | Analysis complete: 1 products
2026-09-01 04:14:00 | INFO     | scraper.analysis | Analysis complete: 1 products
2026-09-01 04:14:00 | INFO     | scraper.analysis | Analysis complete: 1 products
2026-09-01 04:14:01 | INFO     | matplotlib.category | Using categorical units to plot a list of strings that are all parsable as floats or dates. If these strings should be plotted as numbers, cast to the appropriate data type before plotting.
2026-09-01 04:14:01 | INFO     | matplotlib.category | Using categorical units to plot a list of strings that are all parsable as floats or dates. If these strings should be plotted as numbers, cast to the appropriate data type before plotting.
2026-09-01 04:14:01 | INFO     | matplotlib.category | Using categorical units to plot a list of strings that are all parsable as floats or dates. If these strings should be plotted as numbers, cast to the appropriate data type before plotting.
2026-09-01 04:14:01 | INFO     | matplotlib.category | Using categorical units to plot a list of strings that are all parsable as floats or dates. If these strings should be plotted as numbers, cast to the appropriate data type before plotting.
2026-09-01 04:14:01 | INFO     | matplotlib.category | Using categorical units to plot a list of strings that are all parsable as floats or dates. If these strings should be plotted as numbers, cast to the appropriate data type before plotting.
2026-09-01 04:14:01 | INFO     | matplotlib.category | Using categorical units to plot a list of strings that are all parsable as floats or dates. If these strings should be plotted as numbers, cast to the appropriate data type before plotting.
2026-09-01 04:14:06 | INFO     | matplotlib.category | Using categorical units to plot a list of strings that are all parsable as floats or dates. If these strings should be plotted as numbers, cast to the appropriate data type before plotting.
2026-09-01 04:14:06 | INFO     | matplotlib.category | Using categorical units to plot a list of strings that are all parsable as floats or dates. If these strings should be plotted as numbers, cast to the appropriate data type before plotting.
2026-09-01 04:14:06 | INFO     | matplotlib.category | Using categorical units to plot a list of strings that are all parsable as floats or dates. If these strings should be plotted as numbers, cast to the appropriate data type before plotting.
2026-09-01 04:14:06 | INFO     | matplotlib.category | Using categorical units to plot a list of strings that are all parsable as floats or dates. If these strings should be plotted as numbers, cast to the appropriate data type before plotting.
2026-09-01 04:14:06 | INFO     | matplotlib.category | Using categorical units to plot a list of strings that are all parsable as floats or dates. If these strings should be plotted as numbers, cast to the appropriate data type before plotting.
2026-09-01 04:14:06 | INFO     | matplotlib.category | Using categorical units to plot a list of strings that are all parsable as floats or dates. If these strings should be plotted as numbers, cast to the appropriate data type before plotting.
2026-09-01 04:14:12 | INFO     | scraper.http_client | GET https://www.amazon.com/robots.txt
2026-09-01 04:14:12 | INFO     | scraper.http_client | GET https://www.amazon.com/robots.txt
2026-09-01 04:14:12 | INFO     | scraper.http_client | GET https://www.amazon.com/robots.txt
2026-09-01 04:14:14 | INFO     | scraper.pipeline | Scraping 2 unique product URLs
2026-09-01 04:14:14 | INFO     | scraper.pipeline | Scraping 2 unique product URLs
2026-09-01 04:14:14 | INFO     | scraper.pipeline | Scraping 2 unique product URLs
2026-09-01 04:14:14 | INFO     | scraper.http_client | GET https://www.amazon.com/ASUS-Gaming-Laptop-Nebula-Display/dp/B0DW1X5YCQ/ref=sr_1_11?_encoding=UTF8&content-id=amzn1.sym.bd749ccd-05a5-46df-9094-58bcc6398482&dib=eyJ2IjoiMSJ9.-p4eTHFBzvLazkbgaCYNhmG28B9OSBZpThgr8Z_FJZoor2lvtEzcvMcHJdJs7_cTej357o1n4mCgZtHyLn387ou_HqIYONl4va3eGzopuyBGGndMi3HBEyEI0REZyC7b96apenWtXZeG5qaPWIkbaXnBlLbbz6CUkUv140vlNJyB8mR55-YbKYjUCmyUcl2kps9WIRqtLsRNiwY0EIHsDaRQ6PnaSCztxZ-6JrcYgetBUNzxfBgDS2qgpfw7f31H_BLQcO7TI0BF8Zan90nfZAxRlp5ASWdeOBYkTIbbWUk.sSoIsy3j9GDgkHcichqYso0ULrxT5pBOIDi0kePXWnU&dib_tag=se&keywords=gaming&pd_rd_r=2c9072f2-aacf-4c8e-9917-ed65bdc7a652&pd_rd_w=1x13x&pd_rd_wg=usBbY&qid=1788217338&sr=8-11
2026-09-01 04:14:14 | INFO     | scraper.http_client | GET https://www.amazon.com/ASUS-Gaming-Laptop-Nebula-Display/dp/B0DW1X5YCQ/ref=sr_1_11?_encoding=UTF8&content-id=amzn1.sym.bd749ccd-05a5-46df-9094-58bcc6398482&dib=eyJ2IjoiMSJ9.-p4eTHFBzvLazkbgaCYNhmG28B9OSBZpThgr8Z_FJZoor2lvtEzcvMcHJdJs7_cTej357o1n4mCgZtHyLn387ou_HqIYONl4va3eGzopuyBGGndMi3HBEyEI0REZyC7b96apenWtXZeG5qaPWIkbaXnBlLbbz6CUkUv140vlNJyB8mR55-YbKYjUCmyUcl2kps9WIRqtLsRNiwY0EIHsDaRQ6PnaSCztxZ-6JrcYgetBUNzxfBgDS2qgpfw7f31H_BLQcO7TI0BF8Zan90nfZAxRlp5ASWdeOBYkTIbbWUk.sSoIsy3j9GDgkHcichqYso0ULrxT5pBOIDi0kePXWnU&dib_tag=se&keywords=gaming&pd_rd_r=2c9072f2-aacf-4c8e-9917-ed65bdc7a652&pd_rd_w=1x13x&pd_rd_wg=usBbY&qid=1788217338&sr=8-11
2026-09-01 04:14:14 | INFO     | scraper.http_client | GET https://www.amazon.com/ASUS-Gaming-Laptop-Nebula-Display/dp/B0DW1X5YCQ/ref=sr_1_11?_encoding=UTF8&content-id=amzn1.sym.bd749ccd-05a5-46df-9094-58bcc6398482&dib=eyJ2IjoiMSJ9.-p4eTHFBzvLazkbgaCYNhmG28B9OSBZpThgr8Z_FJZoor2lvtEzcvMcHJdJs7_cTej357o1n4mCgZtHyLn387ou_HqIYONl4va3eGzopuyBGGndMi3HBEyEI0REZyC7b96apenWtXZeG5qaPWIkbaXnBlLbbz6CUkUv140vlNJyB8mR55-YbKYjUCmyUcl2kps9WIRqtLsRNiwY0EIHsDaRQ6PnaSCztxZ-6JrcYgetBUNzxfBgDS2qgpfw7f31H_BLQcO7TI0BF8Zan90nfZAxRlp5ASWdeOBYkTIbbWUk.sSoIsy3j9GDgkHcichqYso0ULrxT5pBOIDi0kePXWnU&dib_tag=se&keywords=gaming&pd_rd_r=2c9072f2-aacf-4c8e-9917-ed65bdc7a652&pd_rd_w=1x13x&pd_rd_wg=usBbY&qid=1788217338&sr=8-11
2026-09-01 04:14:18 | INFO     | scraper.http_client | GET https://www.amazon.com/ASUS-ROG-Strix-Gaming-Laptop/dp/B0DZZWMB2L/ref=sr_1_6?_encoding=UTF8&content-id=amzn1.sym.bd749ccd-05a5-46df-9094-58bcc6398482&dib=eyJ2IjoiMSJ9.-p4eTHFBzvLazkbgaCYNhmG28B9OSBZpThgr8Z_FJZoor2lvtEzcvMcHJdJs7_cTej357o1n4mCgZtHyLn387ou_HqIYONl4va3eGzopuyBGGndMi3HBEyEI0REZyC7b96apenWtXZeG5qaPWIkbaXnBlLbbz6CUkUv140vlNJyB8mR55-YbKYjUCmyUcl2kps9WIRqtLsRNiwY0EIHsDaRQ6PnaSCztxZ-6JrcYgetBUNzxfBgDS2qgpfw7f31H_BLQcO7TI0BF8Zan90nfZAxRlp5ASWdeOBYkTIbbWUk.sSoIsy3j9GDgkHcichqYso0ULrxT5pBOIDi0kePXWnU&dib_tag=se&keywords=gaming&pd_rd_r=2c9072f2-aacf-4c8e-9917-ed65bdc7a652&pd_rd_w=1x13x&pd_rd_wg=usBbY&qid=1788217338&sr=8-6&th=1
2026-09-01 04:14:18 | INFO     | scraper.http_client | GET https://www.amazon.com/ASUS-ROG-Strix-Gaming-Laptop/dp/B0DZZWMB2L/ref=sr_1_6?_encoding=UTF8&content-id=amzn1.sym.bd749ccd-05a5-46df-9094-58bcc6398482&dib=eyJ2IjoiMSJ9.-p4eTHFBzvLazkbgaCYNhmG28B9OSBZpThgr8Z_FJZoor2lvtEzcvMcHJdJs7_cTej357o1n4mCgZtHyLn387ou_HqIYONl4va3eGzopuyBGGndMi3HBEyEI0REZyC7b96apenWtXZeG5qaPWIkbaXnBlLbbz6CUkUv140vlNJyB8mR55-YbKYjUCmyUcl2kps9WIRqtLsRNiwY0EIHsDaRQ6PnaSCztxZ-6JrcYgetBUNzxfBgDS2qgpfw7f31H_BLQcO7TI0BF8Zan90nfZAxRlp5ASWdeOBYkTIbbWUk.sSoIsy3j9GDgkHcichqYso0ULrxT5pBOIDi0kePXWnU&dib_tag=se&keywords=gaming&pd_rd_r=2c9072f2-aacf-4c8e-9917-ed65bdc7a652&pd_rd_w=1x13x&pd_rd_wg=usBbY&qid=1788217338&sr=8-6&th=1
2026-09-01 04:14:18 | INFO     | scraper.http_client | GET https://www.amazon.com/ASUS-ROG-Strix-Gaming-Laptop/dp/B0DZZWMB2L/ref=sr_1_6?_encoding=UTF8&content-id=amzn1.sym.bd749ccd-05a5-46df-9094-58bcc6398482&dib=eyJ2IjoiMSJ9.-p4eTHFBzvLazkbgaCYNhmG28B9OSBZpThgr8Z_FJZoor2lvtEzcvMcHJdJs7_cTej357o1n4mCgZtHyLn387ou_HqIYONl4va3eGzopuyBGGndMi3HBEyEI0REZyC7b96apenWtXZeG5qaPWIkbaXnBlLbbz6CUkUv140vlNJyB8mR55-YbKYjUCmyUcl2kps9WIRqtLsRNiwY0EIHsDaRQ6PnaSCztxZ-6JrcYgetBUNzxfBgDS2qgpfw7f31H_BLQcO7TI0BF8Zan90nfZAxRlp5ASWdeOBYkTIbbWUk.sSoIsy3j9GDgkHcichqYso0ULrxT5pBOIDi0kePXWnU&dib_tag=se&keywords=gaming&pd_rd_r=2c9072f2-aacf-4c8e-9917-ed65bdc7a652&pd_rd_w=1x13x&pd_rd_wg=usBbY&qid=1788217338&sr=8-6&th=1
2026-09-01 04:14:21 | INFO     | scraper.cleaner | Cleaned 2 products -> 2 after deduplication
2026-09-01 04:14:21 | INFO     | scraper.cleaner | Cleaned 2 products -> 2 after deduplication
2026-09-01 04:14:21 | INFO     | scraper.cleaner | Cleaned 2 products -> 2 after deduplication
2026-09-01 04:14:21 | INFO     | scraper.validator | Validated 2 products -> 2 valid
2026-09-01 04:14:21 | INFO     | scraper.validator | Validated 2 products -> 2 valid
2026-09-01 04:14:21 | INFO     | scraper.validator | Validated 2 products -> 2 valid
2026-09-01 04:14:21 | INFO     | scraper.storage | Saved CSV: output\products.csv
2026-09-01 04:14:21 | INFO     | scraper.storage | Saved CSV: output\products.csv
2026-09-01 04:14:21 | INFO     | scraper.storage | Saved CSV: output\products.csv
2026-09-01 04:14:22 | INFO     | scraper.storage | Saved Excel: output\products.xlsx
2026-09-01 04:14:22 | INFO     | scraper.storage | Saved Excel: output\products.xlsx
2026-09-01 04:14:22 | INFO     | scraper.storage | Saved Excel: output\products.xlsx
2026-09-01 04:14:22 | INFO     | scraper.analysis | Analysis complete: 2 products
2026-09-01 04:14:22 | INFO     | scraper.analysis | Analysis complete: 2 products
2026-09-01 04:14:22 | INFO     | scraper.analysis | Analysis complete: 2 products
2026-09-01 04:14:23 | INFO     | matplotlib.category | Using categorical units to plot a list of strings that are all parsable as floats or dates. If these strings should be plotted as numbers, cast to the appropriate data type before plotting.
2026-09-01 04:14:23 | INFO     | matplotlib.category | Using categorical units to plot a list of strings that are all parsable as floats or dates. If these strings should be plotted as numbers, cast to the appropriate data type before plotting.
2026-09-01 04:14:23 | INFO     | matplotlib.category | Using categorical units to plot a list of strings that are all parsable as floats or dates. If these strings should be plotted as numbers, cast to the appropriate data type before plotting.
2026-09-01 04:14:23 | INFO     | matplotlib.category | Using categorical units to plot a list of strings that are all parsable as floats or dates. If these strings should be plotted as numbers, cast to the appropriate data type before plotting.
2026-09-01 04:14:23 | INFO     | matplotlib.category | Using categorical units to plot a list of strings that are all parsable as floats or dates. If these strings should be plotted as numbers, cast to the appropriate data type before plotting.
2026-09-01 04:14:23 | INFO     | matplotlib.category | Using categorical units to plot a list of strings that are all parsable as floats or dates. If these strings should be plotted as numbers, cast to the appropriate data type before plotting.
2026-09-01 04:14:33 | INFO     | scraper.http_client | GET https://www.amazon.com/robots.txt
2026-09-01 04:14:33 | INFO     | scraper.http_client | GET https://www.amazon.com/robots.txt
2026-09-01 04:14:33 | INFO     | scraper.http_client | GET https://www.amazon.com/robots.txt
2026-09-01 04:14:34 | INFO     | scraper.pipeline | Scraping 3 unique product URLs
2026-09-01 04:14:34 | INFO     | scraper.pipeline | Scraping 3 unique product URLs
2026-09-01 04:14:34 | INFO     | scraper.pipeline | Scraping 3 unique product URLs
2026-09-01 04:14:34 | INFO     | scraper.http_client | GET https://www.amazon.com/ASUS-Gaming-Laptop-Nebula-Display/dp/B0DW1X5YCQ/ref=sr_1_11?_encoding=UTF8&content-id=amzn1.sym.bd749ccd-05a5-46df-9094-58bcc6398482&dib=eyJ2IjoiMSJ9.-p4eTHFBzvLazkbgaCYNhmG28B9OSBZpThgr8Z_FJZoor2lvtEzcvMcHJdJs7_cTej357o1n4mCgZtHyLn387ou_HqIYONl4va3eGzopuyBGGndMi3HBEyEI0REZyC7b96apenWtXZeG5qaPWIkbaXnBlLbbz6CUkUv140vlNJyB8mR55-YbKYjUCmyUcl2kps9WIRqtLsRNiwY0EIHsDaRQ6PnaSCztxZ-6JrcYgetBUNzxfBgDS2qgpfw7f31H_BLQcO7TI0BF8Zan90nfZAxRlp5ASWdeOBYkTIbbWUk.sSoIsy3j9GDgkHcichqYso0ULrxT5pBOIDi0kePXWnU&dib_tag=se&keywords=gaming&pd_rd_r=2c9072f2-aacf-4c8e-9917-ed65bdc7a652&pd_rd_w=1x13x&pd_rd_wg=usBbY&qid=1788217338&sr=8-11
2026-09-01 04:14:34 | INFO     | scraper.http_client | GET https://www.amazon.com/ASUS-Gaming-Laptop-Nebula-Display/dp/B0DW1X5YCQ/ref=sr_1_11?_encoding=UTF8&content-id=amzn1.sym.bd749ccd-05a5-46df-9094-58bcc6398482&dib=eyJ2IjoiMSJ9.-p4eTHFBzvLazkbgaCYNhmG28B9OSBZpThgr8Z_FJZoor2lvtEzcvMcHJdJs7_cTej357o1n4mCgZtHyLn387ou_HqIYONl4va3eGzopuyBGGndMi3HBEyEI0REZyC7b96apenWtXZeG5qaPWIkbaXnBlLbbz6CUkUv140vlNJyB8mR55-YbKYjUCmyUcl2kps9WIRqtLsRNiwY0EIHsDaRQ6PnaSCztxZ-6JrcYgetBUNzxfBgDS2qgpfw7f31H_BLQcO7TI0BF8Zan90nfZAxRlp5ASWdeOBYkTIbbWUk.sSoIsy3j9GDgkHcichqYso0ULrxT5pBOIDi0kePXWnU&dib_tag=se&keywords=gaming&pd_rd_r=2c9072f2-aacf-4c8e-9917-ed65bdc7a652&pd_rd_w=1x13x&pd_rd_wg=usBbY&qid=1788217338&sr=8-11
2026-09-01 04:14:34 | INFO     | scraper.http_client | GET https://www.amazon.com/ASUS-Gaming-Laptop-Nebula-Display/dp/B0DW1X5YCQ/ref=sr_1_11?_encoding=UTF8&content-id=amzn1.sym.bd749ccd-05a5-46df-9094-58bcc6398482&dib=eyJ2IjoiMSJ9.-p4eTHFBzvLazkbgaCYNhmG28B9OSBZpThgr8Z_FJZoor2lvtEzcvMcHJdJs7_cTej357o1n4mCgZtHyLn387ou_HqIYONl4va3eGzopuyBGGndMi3HBEyEI0REZyC7b96apenWtXZeG5qaPWIkbaXnBlLbbz6CUkUv140vlNJyB8mR55-YbKYjUCmyUcl2kps9WIRqtLsRNiwY0EIHsDaRQ6PnaSCztxZ-6JrcYgetBUNzxfBgDS2qgpfw7f31H_BLQcO7TI0BF8Zan90nfZAxRlp5ASWdeOBYkTIbbWUk.sSoIsy3j9GDgkHcichqYso0ULrxT5pBOIDi0kePXWnU&dib_tag=se&keywords=gaming&pd_rd_r=2c9072f2-aacf-4c8e-9917-ed65bdc7a652&pd_rd_w=1x13x&pd_rd_wg=usBbY&qid=1788217338&sr=8-11
2026-09-01 04:14:35 | INFO     | scraper.http_client | GET https://www.amazon.com/ASUS-ROG-Strix-Gaming-Laptop/dp/B0DZZWMB2L/ref=sr_1_6?_encoding=UTF8&content-id=amzn1.sym.bd749ccd-05a5-46df-9094-58bcc6398482&dib=eyJ2IjoiMSJ9.-p4eTHFBzvLazkbgaCYNhmG28B9OSBZpThgr8Z_FJZoor2lvtEzcvMcHJdJs7_cTej357o1n4mCgZtHyLn387ou_HqIYONl4va3eGzopuyBGGndMi3HBEyEI0REZyC7b96apenWtXZeG5qaPWIkbaXnBlLbbz6CUkUv140vlNJyB8mR55-YbKYjUCmyUcl2kps9WIRqtLsRNiwY0EIHsDaRQ6PnaSCztxZ-6JrcYgetBUNzxfBgDS2qgpfw7f31H_BLQcO7TI0BF8Zan90nfZAxRlp5ASWdeOBYkTIbbWUk.sSoIsy3j9GDgkHcichqYso0ULrxT5pBOIDi0kePXWnU&dib_tag=se&keywords=gaming&pd_rd_r=2c9072f2-aacf-4c8e-9917-ed65bdc7a652&pd_rd_w=1x13x&pd_rd_wg=usBbY&qid=1788217338&sr=8-6&th=1
2026-09-01 04:14:35 | INFO     | scraper.http_client | GET https://www.amazon.com/ASUS-ROG-Strix-Gaming-Laptop/dp/B0DZZWMB2L/ref=sr_1_6?_encoding=UTF8&content-id=amzn1.sym.bd749ccd-05a5-46df-9094-58bcc6398482&dib=eyJ2IjoiMSJ9.-p4eTHFBzvLazkbgaCYNhmG28B9OSBZpThgr8Z_FJZoor2lvtEzcvMcHJdJs7_cTej357o1n4mCgZtHyLn387ou_HqIYONl4va3eGzopuyBGGndMi3HBEyEI0REZyC7b96apenWtXZeG5qaPWIkbaXnBlLbbz6CUkUv140vlNJyB8mR55-YbKYjUCmyUcl2kps9WIRqtLsRNiwY0EIHsDaRQ6PnaSCztxZ-6JrcYgetBUNzxfBgDS2qgpfw7f31H_BLQcO7TI0BF8Zan90nfZAxRlp5ASWdeOBYkTIbbWUk.sSoIsy3j9GDgkHcichqYso0ULrxT5pBOIDi0kePXWnU&dib_tag=se&keywords=gaming&pd_rd_r=2c9072f2-aacf-4c8e-9917-ed65bdc7a652&pd_rd_w=1x13x&pd_rd_wg=usBbY&qid=1788217338&sr=8-6&th=1
2026-09-01 04:14:35 | INFO     | scraper.http_client | GET https://www.amazon.com/ASUS-ROG-Strix-Gaming-Laptop/dp/B0DZZWMB2L/ref=sr_1_6?_encoding=UTF8&content-id=amzn1.sym.bd749ccd-05a5-46df-9094-58bcc6398482&dib=eyJ2IjoiMSJ9.-p4eTHFBzvLazkbgaCYNhmG28B9OSBZpThgr8Z_FJZoor2lvtEzcvMcHJdJs7_cTej357o1n4mCgZtHyLn387ou_HqIYONl4va3eGzopuyBGGndMi3HBEyEI0REZyC7b96apenWtXZeG5qaPWIkbaXnBlLbbz6CUkUv140vlNJyB8mR55-YbKYjUCmyUcl2kps9WIRqtLsRNiwY0EIHsDaRQ6PnaSCztxZ-6JrcYgetBUNzxfBgDS2qgpfw7f31H_BLQcO7TI0BF8Zan90nfZAxRlp5ASWdeOBYkTIbbWUk.sSoIsy3j9GDgkHcichqYso0ULrxT5pBOIDi0kePXWnU&dib_tag=se&keywords=gaming&pd_rd_r=2c9072f2-aacf-4c8e-9917-ed65bdc7a652&pd_rd_w=1x13x&pd_rd_wg=usBbY&qid=1788217338&sr=8-6&th=1
2026-09-01 04:14:38 | INFO     | scraper.http_client | GET https://www.amazon.com/Katana-15-6-165Hz-Gaming-Laptop/dp/B0DZFVBQLK/ref=sxin_18_pa_sp_search_thematic-asin_sspa?_encoding=UTF8&content-id=amzn1.sym.cd45b5ce-db68-4eca-8011-1781327073d7%3Aamzn1.sym.cd45b5ce-db68-4eca-8011-1781327073d7&cv_ct_cx=gaming&keywords=gaming&pd_rd_i=B0DZFVBQLK&pd_rd_r=add79609-71e5-4b71-9319-646f85f900eb&pd_rd_w=kmHOS&pd_rd_wg=NOCTP&pf_rd_p=cd45b5ce-db68-4eca-8011-1781327073d7&pf_rd_r=4B3TCCX8GWKEZTZX8QYH&qid=1788217338&sbo=RZvfv%2F%2FHxDF%2BO5021pAnSA%3D%3D&sr=1-2-925d4041-2745-4edd-b995-62e9e595df4e-spons&aref=naRi4rAZNG&sp_csd=d2lkZ2V0TmFtZT1zcF9zZWFyY2hfdGhlbWF0aWM&th=1
2026-09-01 04:14:38 | INFO     | scraper.http_client | GET https://www.amazon.com/Katana-15-6-165Hz-Gaming-Laptop/dp/B0DZFVBQLK/ref=sxin_18_pa_sp_search_thematic-asin_sspa?_encoding=UTF8&content-id=amzn1.sym.cd45b5ce-db68-4eca-8011-1781327073d7%3Aamzn1.sym.cd45b5ce-db68-4eca-8011-1781327073d7&cv_ct_cx=gaming&keywords=gaming&pd_rd_i=B0DZFVBQLK&pd_rd_r=add79609-71e5-4b71-9319-646f85f900eb&pd_rd_w=kmHOS&pd_rd_wg=NOCTP&pf_rd_p=cd45b5ce-db68-4eca-8011-1781327073d7&pf_rd_r=4B3TCCX8GWKEZTZX8QYH&qid=1788217338&sbo=RZvfv%2F%2FHxDF%2BO5021pAnSA%3D%3D&sr=1-2-925d4041-2745-4edd-b995-62e9e595df4e-spons&aref=naRi4rAZNG&sp_csd=d2lkZ2V0TmFtZT1zcF9zZWFyY2hfdGhlbWF0aWM&th=1
2026-09-01 04:14:38 | INFO     | scraper.http_client | GET https://www.amazon.com/Katana-15-6-165Hz-Gaming-Laptop/dp/B0DZFVBQLK/ref=sxin_18_pa_sp_search_thematic-asin_sspa?_encoding=UTF8&content-id=amzn1.sym.cd45b5ce-db68-4eca-8011-1781327073d7%3Aamzn1.sym.cd45b5ce-db68-4eca-8011-1781327073d7&cv_ct_cx=gaming&keywords=gaming&pd_rd_i=B0DZFVBQLK&pd_rd_r=add79609-71e5-4b71-9319-646f85f900eb&pd_rd_w=kmHOS&pd_rd_wg=NOCTP&pf_rd_p=cd45b5ce-db68-4eca-8011-1781327073d7&pf_rd_r=4B3TCCX8GWKEZTZX8QYH&qid=1788217338&sbo=RZvfv%2F%2FHxDF%2BO5021pAnSA%3D%3D&sr=1-2-925d4041-2745-4edd-b995-62e9e595df4e-spons&aref=naRi4rAZNG&sp_csd=d2lkZ2V0TmFtZT1zcF9zZWFyY2hfdGhlbWF0aWM&th=1
2026-09-01 04:14:41 | INFO     | scraper.cleaner | Cleaned 3 products -> 3 after deduplication
2026-09-01 04:14:41 | INFO     | scraper.cleaner | Cleaned 3 products -> 3 after deduplication
2026-09-01 04:14:41 | INFO     | scraper.cleaner | Cleaned 3 products -> 3 after deduplication
2026-09-01 04:14:41 | WARNING  | scraper.validator | Invalid product https://www.amazon.com/ASUS-Gaming-Laptop-Nebula-Display/dp/B0DW1X5YCQ/ref=sr_1_11?_encoding=UTF8&content-id=amzn1.sym.bd749ccd-05a5-46df-9094-58bcc6398482&dib=eyJ2IjoiMSJ9.-p4eTHFBzvLazkbgaCYNhmG28B9OSBZpThgr8Z_FJZoor2lvtEzcvMcHJdJs7_cTej357o1n4mCgZtHyLn387ou_HqIYONl4va3eGzopuyBGGndMi3HBEyEI0REZyC7b96apenWtXZeG5qaPWIkbaXnBlLbbz6CUkUv140vlNJyB8mR55-YbKYjUCmyUcl2kps9WIRqtLsRNiwY0EIHsDaRQ6PnaSCztxZ-6JrcYgetBUNzxfBgDS2qgpfw7f31H_BLQcO7TI0BF8Zan90nfZAxRlp5ASWdeOBYkTIbbWUk.sSoIsy3j9GDgkHcichqYso0ULrxT5pBOIDi0kePXWnU&dib_tag=se&keywords=gaming&pd_rd_r=2c9072f2-aacf-4c8e-9917-ed65bdc7a652&pd_rd_w=1x13x&pd_rd_wg=usBbY&qid=1788217338&sr=8-11: missing price
2026-09-01 04:14:41 | WARNING  | scraper.validator | Invalid product https://www.amazon.com/ASUS-Gaming-Laptop-Nebula-Display/dp/B0DW1X5YCQ/ref=sr_1_11?_encoding=UTF8&content-id=amzn1.sym.bd749ccd-05a5-46df-9094-58bcc6398482&dib=eyJ2IjoiMSJ9.-p4eTHFBzvLazkbgaCYNhmG28B9OSBZpThgr8Z_FJZoor2lvtEzcvMcHJdJs7_cTej357o1n4mCgZtHyLn387ou_HqIYONl4va3eGzopuyBGGndMi3HBEyEI0REZyC7b96apenWtXZeG5qaPWIkbaXnBlLbbz6CUkUv140vlNJyB8mR55-YbKYjUCmyUcl2kps9WIRqtLsRNiwY0EIHsDaRQ6PnaSCztxZ-6JrcYgetBUNzxfBgDS2qgpfw7f31H_BLQcO7TI0BF8Zan90nfZAxRlp5ASWdeOBYkTIbbWUk.sSoIsy3j9GDgkHcichqYso0ULrxT5pBOIDi0kePXWnU&dib_tag=se&keywords=gaming&pd_rd_r=2c9072f2-aacf-4c8e-9917-ed65bdc7a652&pd_rd_w=1x13x&pd_rd_wg=usBbY&qid=1788217338&sr=8-11: missing price
2026-09-01 04:14:41 | WARNING  | scraper.validator | Invalid product https://www.amazon.com/ASUS-Gaming-Laptop-Nebula-Display/dp/B0DW1X5YCQ/ref=sr_1_11?_encoding=UTF8&content-id=amzn1.sym.bd749ccd-05a5-46df-9094-58bcc6398482&dib=eyJ2IjoiMSJ9.-p4eTHFBzvLazkbgaCYNhmG28B9OSBZpThgr8Z_FJZoor2lvtEzcvMcHJdJs7_cTej357o1n4mCgZtHyLn387ou_HqIYONl4va3eGzopuyBGGndMi3HBEyEI0REZyC7b96apenWtXZeG5qaPWIkbaXnBlLbbz6CUkUv140vlNJyB8mR55-YbKYjUCmyUcl2kps9WIRqtLsRNiwY0EIHsDaRQ6PnaSCztxZ-6JrcYgetBUNzxfBgDS2qgpfw7f31H_BLQcO7TI0BF8Zan90nfZAxRlp5ASWdeOBYkTIbbWUk.sSoIsy3j9GDgkHcichqYso0ULrxT5pBOIDi0kePXWnU&dib_tag=se&keywords=gaming&pd_rd_r=2c9072f2-aacf-4c8e-9917-ed65bdc7a652&pd_rd_w=1x13x&pd_rd_wg=usBbY&qid=1788217338&sr=8-11: missing price
2026-09-01 04:14:41 | INFO     | scraper.validator | Validated 3 products -> 2 valid
2026-09-01 04:14:41 | INFO     | scraper.validator | Validated 3 products -> 2 valid
2026-09-01 04:14:41 | INFO     | scraper.validator | Validated 3 products -> 2 valid
2026-09-01 04:14:41 | INFO     | scraper.storage | Saved CSV: output\products.csv
2026-09-01 04:14:41 | INFO     | scraper.storage | Saved CSV: output\products.csv
2026-09-01 04:14:41 | INFO     | scraper.storage | Saved CSV: output\products.csv
2026-09-01 04:14:41 | INFO     | scraper.storage | Saved Excel: output\products.xlsx
2026-09-01 04:14:41 | INFO     | scraper.storage | Saved Excel: output\products.xlsx
2026-09-01 04:14:41 | INFO     | scraper.storage | Saved Excel: output\products.xlsx
2026-09-01 04:14:41 | INFO     | scraper.analysis | Analysis complete: 2 products
2026-09-01 04:14:41 | INFO     | scraper.analysis | Analysis complete: 2 products
2026-09-01 04:14:41 | INFO     | scraper.analysis | Analysis complete: 2 products
2026-09-01 04:14:41 | INFO     | matplotlib.category | Using categorical units to plot a list of strings that are all parsable as floats or dates. If these strings should be plotted as numbers, cast to the appropriate data type before plotting.
2026-09-01 04:14:41 | INFO     | matplotlib.category | Using categorical units to plot a list of strings that are all parsable as floats or dates. If these strings should be plotted as numbers, cast to the appropriate data type before plotting.
2026-09-01 04:14:41 | INFO     | matplotlib.category | Using categorical units to plot a list of strings that are all parsable as floats or dates. If these strings should be plotted as numbers, cast to the appropriate data type before plotting.
2026-09-01 04:14:41 | INFO     | matplotlib.category | Using categorical units to plot a list of strings that are all parsable as floats or dates. If these strings should be plotted as numbers, cast to the appropriate data type before plotting.
2026-09-01 04:14:41 | INFO     | matplotlib.category | Using categorical units to plot a list of strings that are all parsable as floats or dates. If these strings should be plotted as numbers, cast to the appropriate data type before plotting.
2026-09-01 04:14:41 | INFO     | matplotlib.category | Using categorical units to plot a list of strings that are all parsable as floats or dates. If these strings should be plotted as numbers, cast to the appropriate data type before plotting.
2026-09-01 04:18:03 | INFO     | scraper.http_client | GET https://www.amazon.com/dp/B07P98ZLLY
2026-09-01 04:18:03 | WARNING  | scraper.http_client | Request failed for https://www.amazon.com/dp/B07P98ZLLY: 404 Client Error: Not Found for url: https://www.amazon.com/dp/B07P98ZLLY
2026-09-01 04:18:03 | INFO     | scraper.http_client | GET https://www.amazon.com/dp/B08N5WRWNW
2026-09-01 04:18:04 | WARNING  | scraper.http_client | Request failed for https://www.amazon.com/dp/B08N5WRWNW: 404 Client Error: Not Found for url: https://www.amazon.com/dp/B08N5WRWNW
2026-09-01 04:18:04 | INFO     | scraper.http_client | GET https://www.amazon.com/dp/B07S8M8Z8D
2026-09-01 04:18:04 | WARNING  | scraper.http_client | Request failed for https://www.amazon.com/dp/B07S8M8Z8D: 404 Client Error: Not Found for url: https://www.amazon.com/dp/B07S8M8Z8D
2026-09-01 04:18:26 | INFO     | scraper.http_client | GET https://www.ebay.com/itm/325800889113
2026-09-01 04:18:26 | WARNING  | scraper.http_client | Request failed for https://www.ebay.com/itm/325800889113: 403 Client Error: Forbidden for url: https://www.ebay.com/itm/325800889113
2026-09-01 04:18:26 | INFO     | scraper.http_client | GET https://www.ebay.com/itm/167800990724
2026-09-01 04:18:28 | WARNING  | scraper.http_client | Request failed for https://www.ebay.com/itm/167800990724: 404 Client Error: Not Found for url: https://www.ebay.com/itm/167800990724
2026-09-01 04:18:28 | INFO     | scraper.http_client | GET https://www.ebay.com/itm/334500292757
2026-09-01 04:18:29 | WARNING  | scraper.http_client | Request failed for https://www.ebay.com/itm/334500292757: 404 Client Error: Not Found for url: https://www.ebay.com/itm/334500292757
2026-09-01 04:19:18 | INFO     | scraper.http_client | GET https://www.amazon.com/dp/B09V5K6FRG
2026-09-01 04:19:19 | WARNING  | scraper.http_client | Request failed for https://www.amazon.com/dp/B09V5K6FRG: 404 Client Error: Not Found for url: https://www.amazon.com/dp/B09V5K6FRG
2026-09-01 04:19:19 | INFO     | scraper.http_client | GET https://www.amazon.com/dp/B07T933V6F
2026-09-01 04:19:19 | WARNING  | scraper.http_client | Request failed for https://www.amazon.com/dp/B07T933V6F: 404 Client Error: Not Found for url: https://www.amazon.com/dp/B07T933V6F
2026-09-01 04:19:19 | INFO     | scraper.http_client | GET https://www.amazon.com/dp/B00HVLUR2U
2026-09-01 04:19:19 | WARNING  | scraper.http_client | Request failed for https://www.amazon.com/dp/B00HVLUR2U: 404 Client Error: Not Found for url: https://www.amazon.com/dp/B00HVLUR2U
2026-09-01 04:19:57 | INFO     | scraper.http_client | GET https://www.ebay.com/sch/i.html?_nwk=headphones
2026-09-01 04:19:58 | WARNING  | scraper.http_client | Request failed for https://www.ebay.com/sch/i.html?_nwk=headphones: 403 Client Error: Forbidden for url: https://www.ebay.com/sch/i.html?_nwk=headphones
2026-09-01 04:19:58 | INFO     | scraper.http_client | GET https://www.amazon.co.uk/s?k=headphones
2026-09-01 04:19:59 | INFO     | scraper.http_client | GET https://www.amazon.co.uk/dp/B09V5K6FRG
2026-09-01 04:19:59 | WARNING  | scraper.http_client | Request failed for https://www.amazon.co.uk/dp/B09V5K6FRG: 404 Client Error: Not Found for url: https://www.amazon.co.uk/dp/B09V5K6FRG
2026-09-01 04:22:39 | INFO     | scraper.http_client | GET https://books.toscrape.com/robots.txt
2026-09-01 04:22:41 | WARNING  | scraper.http_client | Request failed for https://books.toscrape.com/robots.txt: 404 Client Error: Not Found for url: https://books.toscrape.com/robots.txt
2026-09-01 04:22:41 | INFO     | scraper.http_client | GET https://books.toscrape.com/catalogue/its-only-the-himalayas_981/index.html
2026-09-01 04:22:41 | INFO     | scraper.pagination | Page 1: found 6 product links (6 new)
2026-09-01 04:22:41 | INFO     | scraper.pagination | Reached max_products=5 — stopping pagination
2026-09-01 04:22:41 | INFO     | scraper.pipeline | Collected 6 product URLs from https://books.toscrape.com/catalogue/its-only-the-himalayas_981/index.html
2026-09-01 04:22:42 | INFO     | scraper.http_client | GET https://books.toscrape.com/catalogue/a-year-in-provence-provence-1_421/index.html
2026-09-01 04:22:42 | INFO     | scraper.pagination | Page 1: found 6 product links (6 new)
2026-09-01 04:22:42 | INFO     | scraper.pagination | Reached max_products=5 — stopping pagination
2026-09-01 04:22:42 | INFO     | scraper.pipeline | Collected 6 product URLs from https://books.toscrape.com/catalogue/a-year-in-provence-provence-1_421/index.html
2026-09-01 04:22:43 | INFO     | scraper.http_client | GET https://books.toscrape.com/catalogue/under-the-tuscan-sun_504/index.html
2026-09-01 04:22:43 | INFO     | scraper.pagination | Page 1: found 6 product links (6 new)
2026-09-01 04:22:43 | INFO     | scraper.pagination | Reached max_products=5 — stopping pagination
2026-09-01 04:22:43 | INFO     | scraper.pipeline | Collected 6 product URLs from https://books.toscrape.com/catalogue/under-the-tuscan-sun_504/index.html
2026-09-01 04:22:44 | INFO     | scraper.http_client | GET https://books.toscrape.com/catalogue/1000-places-to-see-before-you-die_1/index.html
2026-09-01 04:22:44 | INFO     | scraper.pagination | Page 1: found 6 product links (6 new)
2026-09-01 04:22:44 | INFO     | scraper.pagination | Reached max_products=5 — stopping pagination
2026-09-01 04:22:44 | INFO     | scraper.pipeline | Collected 6 product URLs from https://books.toscrape.com/catalogue/1000-places-to-see-before-you-die_1/index.html
2026-09-01 04:22:45 | INFO     | scraper.http_client | GET https://books.toscrape.com/catalogue/vagabonding-an-uncommon-guide-to-the-art-of-long-term-world-travel_552/index.html
2026-09-01 04:22:45 | INFO     | scraper.pagination | Page 1: found 6 product links (6 new)
2026-09-01 04:22:45 | INFO     | scraper.pagination | Reached max_products=5 — stopping pagination
2026-09-01 04:22:45 | INFO     | scraper.pipeline | Collected 6 product URLs from https://books.toscrape.com/catalogue/vagabonding-an-uncommon-guide-to-the-art-of-long-term-world-travel_552/index.html
2026-09-01 04:22:45 | INFO     | scraper.pipeline | Truncated to 5 product URLs (max_products=5)
2026-09-01 04:22:45 | INFO     | scraper.pipeline | Scraping 5 unique product URLs
2026-09-01 04:22:46 | INFO     | scraper.http_client | GET https://books.toscrape.com/catalogue/rip-it-up-and-start-again_986/index.html
2026-09-01 04:22:47 | INFO     | scraper.http_client | GET https://books.toscrape.com/catalogue/our-band-could-be-your-life-scenes-from-the-american-indie-underground-1981-1991_985/index.html
2026-09-01 04:22:48 | INFO     | scraper.http_client | GET https://books.toscrape.com/catalogue/mesaerion-the-best-science-fiction-stories-1800-1849_983/index.html
2026-09-01 04:22:49 | INFO     | scraper.http_client | GET https://books.toscrape.com/catalogue/libertarianism-for-beginners_982/index.html
2026-09-01 04:22:50 | INFO     | scraper.http_client | GET https://books.toscrape.com/catalogue/olio_984/index.html
2026-09-01 04:22:50 | INFO     | scraper.cleaner | Cleaned 5 products -> 5 after deduplication
2026-09-01 04:22:50 | INFO     | scraper.validator | Validated 5 products -> 5 valid
2026-09-01 04:22:50 | INFO     | scraper.storage | Saved CSV: output\demo_bts.csv
2026-09-01 04:22:51 | INFO     | scraper.storage | Saved Excel: output\demo_bts.xlsx
2026-09-01 04:22:51 | INFO     | scraper.analysis | Analysis complete: 5 products
2026-09-01 04:22:52 | INFO     | matplotlib.category | Using categorical units to plot a list of strings that are all parsable as floats or dates. If these strings should be plotted as numbers, cast to the appropriate data type before plotting.
2026-09-01 04:22:52 | INFO     | matplotlib.category | Using categorical units to plot a list of strings that are all parsable as floats or dates. If these strings should be plotted as numbers, cast to the appropriate data type before plotting.
2026-09-01 04:22:52 | INFO     | scraper.visualization | Saved chart: output\charts\price_distribution.png
2026-09-01 04:22:53 | INFO     | scraper.visualization | Saved chart: output\charts\rating_distribution.png
2026-09-01 04:22:54 | INFO     | scraper.visualization | Saved chart: output\charts\price_vs_rating.png
2026-09-01 04:22:54 | INFO     | scraper.visualization | Saved chart: output\charts\products_by_category.png
2026-09-01 04:24:32 | INFO     | scraper.http_client | GET https://books.toscrape.com/robots.txt
2026-09-01 04:24:33 | WARNING  | scraper.http_client | Request failed for https://books.toscrape.com/robots.txt: 404 Client Error: Not Found for url: https://books.toscrape.com/robots.txt
2026-09-01 04:24:33 | INFO     | scraper.pipeline | Scraping 5 unique product URLs
2026-09-01 04:24:33 | INFO     | scraper.http_client | GET https://books.toscrape.com/catalogue/its-only-the-himalayas_981/index.html
2026-09-01 04:24:34 | INFO     | scraper.http_client | GET https://books.toscrape.com/catalogue/a-year-in-provence-provence-1_421/index.html
2026-09-01 04:24:35 | INFO     | scraper.http_client | GET https://books.toscrape.com/catalogue/under-the-tuscan-sun_504/index.html
2026-09-01 04:24:36 | INFO     | scraper.http_client | GET https://books.toscrape.com/catalogue/1000-places-to-see-before-you-die_1/index.html
2026-09-01 04:24:37 | INFO     | scraper.http_client | GET https://books.toscrape.com/catalogue/vagabonding-an-uncommon-guide-to-the-art-of-long-term-world-travel_552/index.html
2026-09-01 04:24:38 | INFO     | scraper.cleaner | Cleaned 5 products -> 5 after deduplication
2026-09-01 04:24:38 | INFO     | scraper.validator | Validated 5 products -> 5 valid
2026-09-01 04:24:38 | INFO     | scraper.storage | Saved CSV: output\demo_bts.csv
2026-09-01 04:24:39 | INFO     | scraper.storage | Saved Excel: output\demo_bts.xlsx
2026-09-01 04:24:39 | INFO     | scraper.analysis | Analysis complete: 5 products
2026-09-01 04:24:39 | INFO     | matplotlib.category | Using categorical units to plot a list of strings that are all parsable as floats or dates. If these strings should be plotted as numbers, cast to the appropriate data type before plotting.
2026-09-01 04:24:39 | INFO     | matplotlib.category | Using categorical units to plot a list of strings that are all parsable as floats or dates. If these strings should be plotted as numbers, cast to the appropriate data type before plotting.
2026-09-01 04:24:40 | INFO     | scraper.visualization | Saved chart: output\charts\price_distribution.png
2026-09-01 04:24:40 | INFO     | scraper.visualization | Saved chart: output\charts\rating_distribution.png
2026-09-01 04:24:40 | INFO     | scraper.visualization | Saved chart: output\charts\price_vs_rating.png
2026-09-01 04:24:41 | INFO     | scraper.visualization | Saved chart: output\charts\products_by_category.png
2026-09-01 04:27:06 | INFO     | scraper.http_client | GET https://www.amazon.com/robots.txt
2026-09-01 04:27:06 | INFO     | scraper.http_client | GET https://www.amazon.com/robots.txt
2026-09-01 04:27:06 | INFO     | scraper.http_client | GET https://www.amazon.com/robots.txt
2026-09-01 04:27:07 | INFO     | scraper.pipeline | Scraping 5 unique product URLs
2026-09-01 04:27:07 | INFO     | scraper.pipeline | Scraping 5 unique product URLs
2026-09-01 04:27:07 | INFO     | scraper.pipeline | Scraping 5 unique product URLs
2026-09-01 04:27:07 | INFO     | scraper.http_client | GET https://www.amazon.com/dp/B09V5K6FRG
2026-09-01 04:27:07 | INFO     | scraper.http_client | GET https://www.amazon.com/dp/B09V5K6FRG
2026-09-01 04:27:07 | INFO     | scraper.http_client | GET https://www.amazon.com/dp/B09V5K6FRG
2026-09-01 04:27:07 | WARNING  | scraper.http_client | Request failed for https://www.amazon.com/dp/B09V5K6FRG: 404 Client Error: Not Found for url: https://www.amazon.com/dp/B09V5K6FRG
2026-09-01 04:27:07 | WARNING  | scraper.http_client | Request failed for https://www.amazon.com/dp/B09V5K6FRG: 404 Client Error: Not Found for url: https://www.amazon.com/dp/B09V5K6FRG
2026-09-01 04:27:07 | WARNING  | scraper.http_client | Request failed for https://www.amazon.com/dp/B09V5K6FRG: 404 Client Error: Not Found for url: https://www.amazon.com/dp/B09V5K6FRG
2026-09-01 04:27:08 | INFO     | scraper.http_client | GET https://www.amazon.com/dp/B09MQD6B5G
2026-09-01 04:27:08 | INFO     | scraper.http_client | GET https://www.amazon.com/dp/B09MQD6B5G
2026-09-01 04:27:08 | INFO     | scraper.http_client | GET https://www.amazon.com/dp/B09MQD6B5G
2026-09-01 04:27:08 | WARNING  | scraper.http_client | Request failed for https://www.amazon.com/dp/B09MQD6B5G: 404 Client Error: Not Found for url: https://www.amazon.com/dp/B09MQD6B5G
2026-09-01 04:27:08 | WARNING  | scraper.http_client | Request failed for https://www.amazon.com/dp/B09MQD6B5G: 404 Client Error: Not Found for url: https://www.amazon.com/dp/B09MQD6B5G
2026-09-01 04:27:08 | WARNING  | scraper.http_client | Request failed for https://www.amazon.com/dp/B09MQD6B5G: 404 Client Error: Not Found for url: https://www.amazon.com/dp/B09MQD6B5G
2026-09-01 04:27:09 | INFO     | scraper.http_client | GET https://www.amazon.com/dp/B095GUNR4L
2026-09-01 04:27:09 | INFO     | scraper.http_client | GET https://www.amazon.com/dp/B095GUNR4L
2026-09-01 04:27:09 | INFO     | scraper.http_client | GET https://www.amazon.com/dp/B095GUNR4L
2026-09-01 04:27:09 | WARNING  | scraper.http_client | Request failed for https://www.amazon.com/dp/B095GUNR4L: 404 Client Error: Not Found for url: https://www.amazon.com/dp/B095GUNR4L
2026-09-01 04:27:09 | WARNING  | scraper.http_client | Request failed for https://www.amazon.com/dp/B095GUNR4L: 404 Client Error: Not Found for url: https://www.amazon.com/dp/B095GUNR4L
2026-09-01 04:27:09 | WARNING  | scraper.http_client | Request failed for https://www.amazon.com/dp/B095GUNR4L: 404 Client Error: Not Found for url: https://www.amazon.com/dp/B095GUNR4L
2026-09-01 04:27:10 | INFO     | scraper.http_client | GET https://www.amazon.com/dp/B07W5WCC2L
2026-09-01 04:27:10 | INFO     | scraper.http_client | GET https://www.amazon.com/dp/B07W5WCC2L
2026-09-01 04:27:10 | INFO     | scraper.http_client | GET https://www.amazon.com/dp/B07W5WCC2L
2026-09-01 04:27:10 | WARNING  | scraper.http_client | Request failed for https://www.amazon.com/dp/B07W5WCC2L: 404 Client Error: Not Found for url: https://www.amazon.com/dp/B07W5WCC2L
2026-09-01 04:27:10 | WARNING  | scraper.http_client | Request failed for https://www.amazon.com/dp/B07W5WCC2L: 404 Client Error: Not Found for url: https://www.amazon.com/dp/B07W5WCC2L
2026-09-01 04:27:10 | WARNING  | scraper.http_client | Request failed for https://www.amazon.com/dp/B07W5WCC2L: 404 Client Error: Not Found for url: https://www.amazon.com/dp/B07W5WCC2L
2026-09-01 04:27:11 | INFO     | scraper.http_client | GET https://www.amazon.com/dp/B00HVLUR2U
2026-09-01 04:27:11 | INFO     | scraper.http_client | GET https://www.amazon.com/dp/B00HVLUR2U
2026-09-01 04:27:11 | INFO     | scraper.http_client | GET https://www.amazon.com/dp/B00HVLUR2U
2026-09-01 04:27:11 | WARNING  | scraper.http_client | Request failed for https://www.amazon.com/dp/B00HVLUR2U: 404 Client Error: Not Found for url: https://www.amazon.com/dp/B00HVLUR2U
2026-09-01 04:27:11 | WARNING  | scraper.http_client | Request failed for https://www.amazon.com/dp/B00HVLUR2U: 404 Client Error: Not Found for url: https://www.amazon.com/dp/B00HVLUR2U
2026-09-01 04:27:11 | WARNING  | scraper.http_client | Request failed for https://www.amazon.com/dp/B00HVLUR2U: 404 Client Error: Not Found for url: https://www.amazon.com/dp/B00HVLUR2U
2026-09-01 04:27:11 | INFO     | scraper.cleaner | Cleaned 0 products -> 0 after deduplication
2026-09-01 04:27:11 | INFO     | scraper.cleaner | Cleaned 0 products -> 0 after deduplication
2026-09-01 04:27:11 | INFO     | scraper.cleaner | Cleaned 0 products -> 0 after deduplication
2026-09-01 04:27:11 | INFO     | scraper.validator | Validated 0 products -> 0 valid
2026-09-01 04:27:11 | INFO     | scraper.validator | Validated 0 products -> 0 valid
2026-09-01 04:27:11 | INFO     | scraper.validator | Validated 0 products -> 0 valid
2026-09-01 04:27:11 | INFO     | scraper.storage | Saved CSV: output\products.csv
2026-09-01 04:27:11 | INFO     | scraper.storage | Saved CSV: output\products.csv
2026-09-01 04:27:11 | INFO     | scraper.storage | Saved CSV: output\products.csv
2026-09-01 04:27:11 | INFO     | scraper.storage | Saved Excel: output\products.xlsx
2026-09-01 04:27:11 | INFO     | scraper.storage | Saved Excel: output\products.xlsx
2026-09-01 04:27:11 | INFO     | scraper.storage | Saved Excel: output\products.xlsx
2026-09-01 04:27:12 | INFO     | scraper.analysis | Analysis complete: 0 products
2026-09-01 04:27:12 | INFO     | scraper.analysis | Analysis complete: 0 products
2026-09-01 04:27:12 | INFO     | scraper.analysis | Analysis complete: 0 products
2026-09-01 04:27:23 | INFO     | scraper.http_client | GET https://www.amazon.com/robots.txt
2026-09-01 04:27:23 | INFO     | scraper.http_client | GET https://www.amazon.com/robots.txt
2026-09-01 04:27:23 | INFO     | scraper.http_client | GET https://www.amazon.com/robots.txt
2026-09-01 04:27:24 | INFO     | scraper.pipeline | Scraping 5 unique product URLs
2026-09-01 04:27:24 | INFO     | scraper.pipeline | Scraping 5 unique product URLs
2026-09-01 04:27:24 | INFO     | scraper.pipeline | Scraping 5 unique product URLs
2026-09-01 04:27:24 | INFO     | scraper.http_client | GET https://www.amazon.com/dp/B09V5K6FRG
2026-09-01 04:27:24 | INFO     | scraper.http_client | GET https://www.amazon.com/dp/B09V5K6FRG
2026-09-01 04:27:24 | INFO     | scraper.http_client | GET https://www.amazon.com/dp/B09V5K6FRG
2026-09-01 04:27:24 | WARNING  | scraper.http_client | Request failed for https://www.amazon.com/dp/B09V5K6FRG: 404 Client Error: Not Found for url: https://www.amazon.com/dp/B09V5K6FRG
2026-09-01 04:27:24 | WARNING  | scraper.http_client | Request failed for https://www.amazon.com/dp/B09V5K6FRG: 404 Client Error: Not Found for url: https://www.amazon.com/dp/B09V5K6FRG
2026-09-01 04:27:24 | WARNING  | scraper.http_client | Request failed for https://www.amazon.com/dp/B09V5K6FRG: 404 Client Error: Not Found for url: https://www.amazon.com/dp/B09V5K6FRG
2026-09-01 04:27:25 | INFO     | scraper.http_client | GET https://www.amazon.com/dp/B09MQD6B5G
2026-09-01 04:27:25 | INFO     | scraper.http_client | GET https://www.amazon.com/dp/B09MQD6B5G
2026-09-01 04:27:25 | INFO     | scraper.http_client | GET https://www.amazon.com/dp/B09MQD6B5G
2026-09-01 04:27:25 | WARNING  | scraper.http_client | Request failed for https://www.amazon.com/dp/B09MQD6B5G: 404 Client Error: Not Found for url: https://www.amazon.com/dp/B09MQD6B5G
2026-09-01 04:27:25 | WARNING  | scraper.http_client | Request failed for https://www.amazon.com/dp/B09MQD6B5G: 404 Client Error: Not Found for url: https://www.amazon.com/dp/B09MQD6B5G
2026-09-01 04:27:25 | WARNING  | scraper.http_client | Request failed for https://www.amazon.com/dp/B09MQD6B5G: 404 Client Error: Not Found for url: https://www.amazon.com/dp/B09MQD6B5G
2026-09-01 04:27:26 | INFO     | scraper.http_client | GET https://www.amazon.com/dp/B095GUNR4L
2026-09-01 04:27:26 | INFO     | scraper.http_client | GET https://www.amazon.com/dp/B095GUNR4L
2026-09-01 04:27:26 | INFO     | scraper.http_client | GET https://www.amazon.com/dp/B095GUNR4L
2026-09-01 04:27:26 | WARNING  | scraper.http_client | Request failed for https://www.amazon.com/dp/B095GUNR4L: 404 Client Error: Not Found for url: https://www.amazon.com/dp/B095GUNR4L
2026-09-01 04:27:26 | WARNING  | scraper.http_client | Request failed for https://www.amazon.com/dp/B095GUNR4L: 404 Client Error: Not Found for url: https://www.amazon.com/dp/B095GUNR4L
2026-09-01 04:27:26 | WARNING  | scraper.http_client | Request failed for https://www.amazon.com/dp/B095GUNR4L: 404 Client Error: Not Found for url: https://www.amazon.com/dp/B095GUNR4L
2026-09-01 04:27:27 | INFO     | scraper.http_client | GET https://www.amazon.com/dp/B07W5WCC2L
2026-09-01 04:27:27 | INFO     | scraper.http_client | GET https://www.amazon.com/dp/B07W5WCC2L
2026-09-01 04:27:27 | INFO     | scraper.http_client | GET https://www.amazon.com/dp/B07W5WCC2L
2026-09-01 04:27:28 | WARNING  | scraper.http_client | Request failed for https://www.amazon.com/dp/B07W5WCC2L: 404 Client Error: Not Found for url: https://www.amazon.com/dp/B07W5WCC2L
2026-09-01 04:27:28 | WARNING  | scraper.http_client | Request failed for https://www.amazon.com/dp/B07W5WCC2L: 404 Client Error: Not Found for url: https://www.amazon.com/dp/B07W5WCC2L
2026-09-01 04:27:28 | WARNING  | scraper.http_client | Request failed for https://www.amazon.com/dp/B07W5WCC2L: 404 Client Error: Not Found for url: https://www.amazon.com/dp/B07W5WCC2L
2026-09-01 04:27:28 | INFO     | scraper.http_client | GET https://www.amazon.com/dp/B00HVLUR2U
2026-09-01 04:27:28 | INFO     | scraper.http_client | GET https://www.amazon.com/dp/B00HVLUR2U
2026-09-01 04:27:28 | INFO     | scraper.http_client | GET https://www.amazon.com/dp/B00HVLUR2U
2026-09-01 04:27:28 | WARNING  | scraper.http_client | Request failed for https://www.amazon.com/dp/B00HVLUR2U: 404 Client Error: Not Found for url: https://www.amazon.com/dp/B00HVLUR2U
2026-09-01 04:27:28 | WARNING  | scraper.http_client | Request failed for https://www.amazon.com/dp/B00HVLUR2U: 404 Client Error: Not Found for url: https://www.amazon.com/dp/B00HVLUR2U
2026-09-01 04:27:28 | WARNING  | scraper.http_client | Request failed for https://www.amazon.com/dp/B00HVLUR2U: 404 Client Error: Not Found for url: https://www.amazon.com/dp/B00HVLUR2U
2026-09-01 04:27:28 | INFO     | scraper.cleaner | Cleaned 0 products -> 0 after deduplication
2026-09-01 04:27:28 | INFO     | scraper.cleaner | Cleaned 0 products -> 0 after deduplication
2026-09-01 04:27:28 | INFO     | scraper.cleaner | Cleaned 0 products -> 0 after deduplication
2026-09-01 04:27:28 | INFO     | scraper.validator | Validated 0 products -> 0 valid
2026-09-01 04:27:28 | INFO     | scraper.validator | Validated 0 products -> 0 valid
2026-09-01 04:27:28 | INFO     | scraper.validator | Validated 0 products -> 0 valid
2026-09-01 04:27:28 | INFO     | scraper.storage | Saved CSV: output\products.csv
2026-09-01 04:27:28 | INFO     | scraper.storage | Saved CSV: output\products.csv
2026-09-01 04:27:28 | INFO     | scraper.storage | Saved CSV: output\products.csv
2026-09-01 04:27:28 | INFO     | scraper.storage | Saved Excel: output\products.xlsx
2026-09-01 04:27:28 | INFO     | scraper.storage | Saved Excel: output\products.xlsx
2026-09-01 04:27:28 | INFO     | scraper.storage | Saved Excel: output\products.xlsx
2026-09-01 04:27:28 | INFO     | scraper.analysis | Analysis complete: 0 products
2026-09-01 04:27:28 | INFO     | scraper.analysis | Analysis complete: 0 products
2026-09-01 04:27:28 | INFO     | scraper.analysis | Analysis complete: 0 products
2026-09-01 04:27:38 | INFO     | scraper.http_client | GET https://www.amazon.com/robots.txt
2026-09-01 04:27:38 | INFO     | scraper.http_client | GET https://www.amazon.com/robots.txt
2026-09-01 04:27:38 | INFO     | scraper.http_client | GET https://www.amazon.com/robots.txt
2026-09-01 04:27:39 | INFO     | scraper.pipeline | Scraping 5 unique product URLs
2026-09-01 04:27:39 | INFO     | scraper.pipeline | Scraping 5 unique product URLs
2026-09-01 04:27:39 | INFO     | scraper.pipeline | Scraping 5 unique product URLs
2026-09-01 04:27:39 | INFO     | scraper.http_client | GET https://www.amazon.com/dp/B09V5K6FRG
2026-09-01 04:27:39 | INFO     | scraper.http_client | GET https://www.amazon.com/dp/B09V5K6FRG
2026-09-01 04:27:39 | INFO     | scraper.http_client | GET https://www.amazon.com/dp/B09V5K6FRG
2026-09-01 04:27:39 | WARNING  | scraper.http_client | Request failed for https://www.amazon.com/dp/B09V5K6FRG: 404 Client Error: Not Found for url: https://www.amazon.com/dp/B09V5K6FRG
2026-09-01 04:27:39 | WARNING  | scraper.http_client | Request failed for https://www.amazon.com/dp/B09V5K6FRG: 404 Client Error: Not Found for url: https://www.amazon.com/dp/B09V5K6FRG
2026-09-01 04:27:39 | WARNING  | scraper.http_client | Request failed for https://www.amazon.com/dp/B09V5K6FRG: 404 Client Error: Not Found for url: https://www.amazon.com/dp/B09V5K6FRG
2026-09-01 04:27:40 | INFO     | scraper.http_client | GET https://www.amazon.com/dp/B09MQD6B5G
2026-09-01 04:27:40 | INFO     | scraper.http_client | GET https://www.amazon.com/dp/B09MQD6B5G
2026-09-01 04:27:40 | INFO     | scraper.http_client | GET https://www.amazon.com/dp/B09MQD6B5G
2026-09-01 04:27:40 | WARNING  | scraper.http_client | Request failed for https://www.amazon.com/dp/B09MQD6B5G: 404 Client Error: Not Found for url: https://www.amazon.com/dp/B09MQD6B5G
2026-09-01 04:27:40 | WARNING  | scraper.http_client | Request failed for https://www.amazon.com/dp/B09MQD6B5G: 404 Client Error: Not Found for url: https://www.amazon.com/dp/B09MQD6B5G
2026-09-01 04:27:40 | WARNING  | scraper.http_client | Request failed for https://www.amazon.com/dp/B09MQD6B5G: 404 Client Error: Not Found for url: https://www.amazon.com/dp/B09MQD6B5G
2026-09-01 04:27:41 | INFO     | scraper.http_client | GET https://www.amazon.com/dp/B095GUNR4L
2026-09-01 04:27:41 | INFO     | scraper.http_client | GET https://www.amazon.com/dp/B095GUNR4L
2026-09-01 04:27:41 | INFO     | scraper.http_client | GET https://www.amazon.com/dp/B095GUNR4L
2026-09-01 04:27:41 | WARNING  | scraper.http_client | Request failed for https://www.amazon.com/dp/B095GUNR4L: 404 Client Error: Not Found for url: https://www.amazon.com/dp/B095GUNR4L
2026-09-01 04:27:41 | WARNING  | scraper.http_client | Request failed for https://www.amazon.com/dp/B095GUNR4L: 404 Client Error: Not Found for url: https://www.amazon.com/dp/B095GUNR4L
2026-09-01 04:27:41 | WARNING  | scraper.http_client | Request failed for https://www.amazon.com/dp/B095GUNR4L: 404 Client Error: Not Found for url: https://www.amazon.com/dp/B095GUNR4L
2026-09-01 04:27:42 | INFO     | scraper.http_client | GET https://www.amazon.com/dp/B07W5WCC2L
2026-09-01 04:27:42 | INFO     | scraper.http_client | GET https://www.amazon.com/dp/B07W5WCC2L
2026-09-01 04:27:42 | INFO     | scraper.http_client | GET https://www.amazon.com/dp/B07W5WCC2L
2026-09-01 04:27:42 | WARNING  | scraper.http_client | Request failed for https://www.amazon.com/dp/B07W5WCC2L: 404 Client Error: Not Found for url: https://www.amazon.com/dp/B07W5WCC2L
2026-09-01 04:27:42 | WARNING  | scraper.http_client | Request failed for https://www.amazon.com/dp/B07W5WCC2L: 404 Client Error: Not Found for url: https://www.amazon.com/dp/B07W5WCC2L
2026-09-01 04:27:42 | WARNING  | scraper.http_client | Request failed for https://www.amazon.com/dp/B07W5WCC2L: 404 Client Error: Not Found for url: https://www.amazon.com/dp/B07W5WCC2L
2026-09-01 04:27:43 | INFO     | scraper.http_client | GET https://www.amazon.com/dp/B00HVLUR2U
2026-09-01 04:27:43 | INFO     | scraper.http_client | GET https://www.amazon.com/dp/B00HVLUR2U
2026-09-01 04:27:43 | INFO     | scraper.http_client | GET https://www.amazon.com/dp/B00HVLUR2U
2026-09-01 04:27:43 | WARNING  | scraper.http_client | Request failed for https://www.amazon.com/dp/B00HVLUR2U: 404 Client Error: Not Found for url: https://www.amazon.com/dp/B00HVLUR2U
2026-09-01 04:27:43 | WARNING  | scraper.http_client | Request failed for https://www.amazon.com/dp/B00HVLUR2U: 404 Client Error: Not Found for url: https://www.amazon.com/dp/B00HVLUR2U
2026-09-01 04:27:43 | WARNING  | scraper.http_client | Request failed for https://www.amazon.com/dp/B00HVLUR2U: 404 Client Error: Not Found for url: https://www.amazon.com/dp/B00HVLUR2U
2026-09-01 04:27:43 | INFO     | scraper.cleaner | Cleaned 0 products -> 0 after deduplication
2026-09-01 04:27:43 | INFO     | scraper.cleaner | Cleaned 0 products -> 0 after deduplication
2026-09-01 04:27:43 | INFO     | scraper.cleaner | Cleaned 0 products -> 0 after deduplication
2026-09-01 04:27:43 | INFO     | scraper.validator | Validated 0 products -> 0 valid
2026-09-01 04:27:43 | INFO     | scraper.validator | Validated 0 products -> 0 valid
2026-09-01 04:27:43 | INFO     | scraper.validator | Validated 0 products -> 0 valid
2026-09-01 04:27:43 | INFO     | scraper.storage | Saved CSV: output\products.csv
2026-09-01 04:27:43 | INFO     | scraper.storage | Saved CSV: output\products.csv
2026-09-01 04:27:43 | INFO     | scraper.storage | Saved CSV: output\products.csv
2026-09-01 04:27:43 | INFO     | scraper.storage | Saved Excel: output\products.xlsx
2026-09-01 04:27:43 | INFO     | scraper.storage | Saved Excel: output\products.xlsx
2026-09-01 04:27:43 | INFO     | scraper.storage | Saved Excel: output\products.xlsx
2026-09-01 04:27:43 | INFO     | scraper.analysis | Analysis complete: 0 products
2026-09-01 04:27:43 | INFO     | scraper.analysis | Analysis complete: 0 products
2026-09-01 04:27:43 | INFO     | scraper.analysis | Analysis complete: 0 products
2026-09-01 04:30:07 | INFO     | matplotlib.category | Using categorical units to plot a list of strings that are all parsable as floats or dates. If these strings should be plotted as numbers, cast to the appropriate data type before plotting.
2026-09-01 04:30:07 | INFO     | matplotlib.category | Using categorical units to plot a list of strings that are all parsable as floats or dates. If these strings should be plotted as numbers, cast to the appropriate data type before plotting.
2026-09-01 04:30:07 | INFO     | matplotlib.category | Using categorical units to plot a list of strings that are all parsable as floats or dates. If these strings should be plotted as numbers, cast to the appropriate data type before plotting.
2026-09-01 04:30:07 | INFO     | matplotlib.category | Using categorical units to plot a list of strings that are all parsable as floats or dates. If these strings should be plotted as numbers, cast to the appropriate data type before plotting.
2026-09-01 04:30:07 | INFO     | matplotlib.category | Using categorical units to plot a list of strings that are all parsable as floats or dates. If these strings should be plotted as numbers, cast to the appropriate data type before plotting.
2026-09-01 04:30:07 | INFO     | matplotlib.category | Using categorical units to plot a list of strings that are all parsable as floats or dates. If these strings should be plotted as numbers, cast to the appropriate data type before plotting.
2026-09-01 04:30:07 | INFO     | matplotlib.category | Using categorical units to plot a list of strings that are all parsable as floats or dates. If these strings should be plotted as numbers, cast to the appropriate data type before plotting.
2026-09-01 04:30:07 | INFO     | matplotlib.category | Using categorical units to plot a list of strings that are all parsable as floats or dates. If these strings should be plotted as numbers, cast to the appropriate data type before plotting.
2026-09-01 04:30:28 | INFO     | scraper.http_client | GET /robots.txt
2026-09-01 04:30:28 | INFO     | scraper.http_client | GET /robots.txt
2026-09-01 04:30:28 | INFO     | scraper.http_client | GET /robots.txt
2026-09-01 04:30:28 | INFO     | scraper.http_client | GET /robots.txt
2026-09-01 04:30:28 | WARNING  | scraper.http_client | Request failed for /robots.txt: Invalid URL '/robots.txt': No scheme supplied. Perhaps you meant https:///robots.txt?
2026-09-01 04:30:28 | WARNING  | scraper.http_client | Request failed for /robots.txt: Invalid URL '/robots.txt': No scheme supplied. Perhaps you meant https:///robots.txt?
2026-09-01 04:30:28 | WARNING  | scraper.http_client | Request failed for /robots.txt: Invalid URL '/robots.txt': No scheme supplied. Perhaps you meant https:///robots.txt?
2026-09-01 04:30:28 | WARNING  | scraper.http_client | Request failed for /robots.txt: Invalid URL '/robots.txt': No scheme supplied. Perhaps you meant https:///robots.txt?
2026-09-01 04:30:28 | INFO     | scraper.pipeline | Scraping 1 unique product URLs
2026-09-01 04:30:28 | INFO     | scraper.pipeline | Scraping 1 unique product URLs
2026-09-01 04:30:28 | INFO     | scraper.pipeline | Scraping 1 unique product URLs
2026-09-01 04:30:28 | INFO     | scraper.pipeline | Scraping 1 unique product URLs
2026-09-01 04:30:29 | INFO     | scraper.http_client | GET amazon.com/Hybrid-Cancelling-Bluetooth-Headphones-Wireless/dp/B0H9S69XJC/ref=sr_1_1?crid=2YJI0WM7UZ5M8&dib=eyJ2IjoiMSJ9.X378MR5IlMV7geYkCPyovjUljdjs5Q66CvNzrzMr3YM9Cq6MFJewWhGuxskUY_GgJKiQzb-pHeJOE2dnXldArv7MKlPKKajFb7wxmPaJwmC9MAaEIu8lyY4kWCy9QZ3H9NEzBete_WYAl3CW5EQvXzVKyToscIGxwTPUZQ0nEsuivMhdZLQZ7SrZ8qB63vuttfhsSK2yO3N5AConCpEEKiMCy7LMCtLfHHgV8NL2iyA.4u3Tl4m1He6pfNHvJF321vz8LzW1k7mIUGbYsCpDKyw&dib_tag=se&keywords=headphones&qid=1788218985&sprefix=headphone%2Caps%2C406&sr=8-1
2026-09-01 04:30:29 | INFO     | scraper.http_client | GET amazon.com/Hybrid-Cancelling-Bluetooth-Headphones-Wireless/dp/B0H9S69XJC/ref=sr_1_1?crid=2YJI0WM7UZ5M8&dib=eyJ2IjoiMSJ9.X378MR5IlMV7geYkCPyovjUljdjs5Q66CvNzrzMr3YM9Cq6MFJewWhGuxskUY_GgJKiQzb-pHeJOE2dnXldArv7MKlPKKajFb7wxmPaJwmC9MAaEIu8lyY4kWCy9QZ3H9NEzBete_WYAl3CW5EQvXzVKyToscIGxwTPUZQ0nEsuivMhdZLQZ7SrZ8qB63vuttfhsSK2yO3N5AConCpEEKiMCy7LMCtLfHHgV8NL2iyA.4u3Tl4m1He6pfNHvJF321vz8LzW1k7mIUGbYsCpDKyw&dib_tag=se&keywords=headphones&qid=1788218985&sprefix=headphone%2Caps%2C406&sr=8-1
2026-09-01 04:30:29 | INFO     | scraper.http_client | GET amazon.com/Hybrid-Cancelling-Bluetooth-Headphones-Wireless/dp/B0H9S69XJC/ref=sr_1_1?crid=2YJI0WM7UZ5M8&dib=eyJ2IjoiMSJ9.X378MR5IlMV7geYkCPyovjUljdjs5Q66CvNzrzMr3YM9Cq6MFJewWhGuxskUY_GgJKiQzb-pHeJOE2dnXldArv7MKlPKKajFb7wxmPaJwmC9MAaEIu8lyY4kWCy9QZ3H9NEzBete_WYAl3CW5EQvXzVKyToscIGxwTPUZQ0nEsuivMhdZLQZ7SrZ8qB63vuttfhsSK2yO3N5AConCpEEKiMCy7LMCtLfHHgV8NL2iyA.4u3Tl4m1He6pfNHvJF321vz8LzW1k7mIUGbYsCpDKyw&dib_tag=se&keywords=headphones&qid=1788218985&sprefix=headphone%2Caps%2C406&sr=8-1
2026-09-01 04:30:29 | INFO     | scraper.http_client | GET amazon.com/Hybrid-Cancelling-Bluetooth-Headphones-Wireless/dp/B0H9S69XJC/ref=sr_1_1?crid=2YJI0WM7UZ5M8&dib=eyJ2IjoiMSJ9.X378MR5IlMV7geYkCPyovjUljdjs5Q66CvNzrzMr3YM9Cq6MFJewWhGuxskUY_GgJKiQzb-pHeJOE2dnXldArv7MKlPKKajFb7wxmPaJwmC9MAaEIu8lyY4kWCy9QZ3H9NEzBete_WYAl3CW5EQvXzVKyToscIGxwTPUZQ0nEsuivMhdZLQZ7SrZ8qB63vuttfhsSK2yO3N5AConCpEEKiMCy7LMCtLfHHgV8NL2iyA.4u3Tl4m1He6pfNHvJF321vz8LzW1k7mIUGbYsCpDKyw&dib_tag=se&keywords=headphones&qid=1788218985&sprefix=headphone%2Caps%2C406&sr=8-1
2026-09-01 04:30:29 | WARNING  | scraper.http_client | Request failed for amazon.com/Hybrid-Cancelling-Bluetooth-Headphones-Wireless/dp/B0H9S69XJC/ref=sr_1_1?crid=2YJI0WM7UZ5M8&dib=eyJ2IjoiMSJ9.X378MR5IlMV7geYkCPyovjUljdjs5Q66CvNzrzMr3YM9Cq6MFJewWhGuxskUY_GgJKiQzb-pHeJOE2dnXldArv7MKlPKKajFb7wxmPaJwmC9MAaEIu8lyY4kWCy9QZ3H9NEzBete_WYAl3CW5EQvXzVKyToscIGxwTPUZQ0nEsuivMhdZLQZ7SrZ8qB63vuttfhsSK2yO3N5AConCpEEKiMCy7LMCtLfHHgV8NL2iyA.4u3Tl4m1He6pfNHvJF321vz8LzW1k7mIUGbYsCpDKyw&dib_tag=se&keywords=headphones&qid=1788218985&sprefix=headphone%2Caps%2C406&sr=8-1: Invalid URL 'amazon.com/Hybrid-Cancelling-Bluetooth-Headphones-Wireless/dp/B0H9S69XJC/ref=sr_1_1?crid=2YJI0WM7UZ5M8&dib=eyJ2IjoiMSJ9.X378MR5IlMV7geYkCPyovjUljdjs5Q66CvNzrzMr3YM9Cq6MFJewWhGuxskUY_GgJKiQzb-pHeJOE2dnXldArv7MKlPKKajFb7wxmPaJwmC9MAaEIu8lyY4kWCy9QZ3H9NEzBete_WYAl3CW5EQvXzVKyToscIGxwTPUZQ0nEsuivMhdZLQZ7SrZ8qB63vuttfhsSK2yO3N5AConCpEEKiMCy7LMCtLfHHgV8NL2iyA.4u3Tl4m1He6pfNHvJF321vz8LzW1k7mIUGbYsCpDKyw&dib_tag=se&keywords=headphones&qid=1788218985&sprefix=headphone%2Caps%2C406&sr=8-1': No scheme supplied. Perhaps you meant https://amazon.com/Hybrid-Cancelling-Bluetooth-Headphones-Wireless/dp/B0H9S69XJC/ref=sr_1_1?crid=2YJI0WM7UZ5M8&dib=eyJ2IjoiMSJ9.X378MR5IlMV7geYkCPyovjUljdjs5Q66CvNzrzMr3YM9Cq6MFJewWhGuxskUY_GgJKiQzb-pHeJOE2dnXldArv7MKlPKKajFb7wxmPaJwmC9MAaEIu8lyY4kWCy9QZ3H9NEzBete_WYAl3CW5EQvXzVKyToscIGxwTPUZQ0nEsuivMhdZLQZ7SrZ8qB63vuttfhsSK2yO3N5AConCpEEKiMCy7LMCtLfHHgV8NL2iyA.4u3Tl4m1He6pfNHvJF321vz8LzW1k7mIUGbYsCpDKyw&dib_tag=se&keywords=headphones&qid=1788218985&sprefix=headphone%2Caps%2C406&sr=8-1?
2026-09-01 04:30:29 | WARNING  | scraper.http_client | Request failed for amazon.com/Hybrid-Cancelling-Bluetooth-Headphones-Wireless/dp/B0H9S69XJC/ref=sr_1_1?crid=2YJI0WM7UZ5M8&dib=eyJ2IjoiMSJ9.X378MR5IlMV7geYkCPyovjUljdjs5Q66CvNzrzMr3YM9Cq6MFJewWhGuxskUY_GgJKiQzb-pHeJOE2dnXldArv7MKlPKKajFb7wxmPaJwmC9MAaEIu8lyY4kWCy9QZ3H9NEzBete_WYAl3CW5EQvXzVKyToscIGxwTPUZQ0nEsuivMhdZLQZ7SrZ8qB63vuttfhsSK2yO3N5AConCpEEKiMCy7LMCtLfHHgV8NL2iyA.4u3Tl4m1He6pfNHvJF321vz8LzW1k7mIUGbYsCpDKyw&dib_tag=se&keywords=headphones&qid=1788218985&sprefix=headphone%2Caps%2C406&sr=8-1: Invalid URL 'amazon.com/Hybrid-Cancelling-Bluetooth-Headphones-Wireless/dp/B0H9S69XJC/ref=sr_1_1?crid=2YJI0WM7UZ5M8&dib=eyJ2IjoiMSJ9.X378MR5IlMV7geYkCPyovjUljdjs5Q66CvNzrzMr3YM9Cq6MFJewWhGuxskUY_GgJKiQzb-pHeJOE2dnXldArv7MKlPKKajFb7wxmPaJwmC9MAaEIu8lyY4kWCy9QZ3H9NEzBete_WYAl3CW5EQvXzVKyToscIGxwTPUZQ0nEsuivMhdZLQZ7SrZ8qB63vuttfhsSK2yO3N5AConCpEEKiMCy7LMCtLfHHgV8NL2iyA.4u3Tl4m1He6pfNHvJF321vz8LzW1k7mIUGbYsCpDKyw&dib_tag=se&keywords=headphones&qid=1788218985&sprefix=headphone%2Caps%2C406&sr=8-1': No scheme supplied. Perhaps you meant https://amazon.com/Hybrid-Cancelling-Bluetooth-Headphones-Wireless/dp/B0H9S69XJC/ref=sr_1_1?crid=2YJI0WM7UZ5M8&dib=eyJ2IjoiMSJ9.X378MR5IlMV7geYkCPyovjUljdjs5Q66CvNzrzMr3YM9Cq6MFJewWhGuxskUY_GgJKiQzb-pHeJOE2dnXldArv7MKlPKKajFb7wxmPaJwmC9MAaEIu8lyY4kWCy9QZ3H9NEzBete_WYAl3CW5EQvXzVKyToscIGxwTPUZQ0nEsuivMhdZLQZ7SrZ8qB63vuttfhsSK2yO3N5AConCpEEKiMCy7LMCtLfHHgV8NL2iyA.4u3Tl4m1He6pfNHvJF321vz8LzW1k7mIUGbYsCpDKyw&dib_tag=se&keywords=headphones&qid=1788218985&sprefix=headphone%2Caps%2C406&sr=8-1?
2026-09-01 04:30:29 | WARNING  | scraper.http_client | Request failed for amazon.com/Hybrid-Cancelling-Bluetooth-Headphones-Wireless/dp/B0H9S69XJC/ref=sr_1_1?crid=2YJI0WM7UZ5M8&dib=eyJ2IjoiMSJ9.X378MR5IlMV7geYkCPyovjUljdjs5Q66CvNzrzMr3YM9Cq6MFJewWhGuxskUY_GgJKiQzb-pHeJOE2dnXldArv7MKlPKKajFb7wxmPaJwmC9MAaEIu8lyY4kWCy9QZ3H9NEzBete_WYAl3CW5EQvXzVKyToscIGxwTPUZQ0nEsuivMhdZLQZ7SrZ8qB63vuttfhsSK2yO3N5AConCpEEKiMCy7LMCtLfHHgV8NL2iyA.4u3Tl4m1He6pfNHvJF321vz8LzW1k7mIUGbYsCpDKyw&dib_tag=se&keywords=headphones&qid=1788218985&sprefix=headphone%2Caps%2C406&sr=8-1: Invalid URL 'amazon.com/Hybrid-Cancelling-Bluetooth-Headphones-Wireless/dp/B0H9S69XJC/ref=sr_1_1?crid=2YJI0WM7UZ5M8&dib=eyJ2IjoiMSJ9.X378MR5IlMV7geYkCPyovjUljdjs5Q66CvNzrzMr3YM9Cq6MFJewWhGuxskUY_GgJKiQzb-pHeJOE2dnXldArv7MKlPKKajFb7wxmPaJwmC9MAaEIu8lyY4kWCy9QZ3H9NEzBete_WYAl3CW5EQvXzVKyToscIGxwTPUZQ0nEsuivMhdZLQZ7SrZ8qB63vuttfhsSK2yO3N5AConCpEEKiMCy7LMCtLfHHgV8NL2iyA.4u3Tl4m1He6pfNHvJF321vz8LzW1k7mIUGbYsCpDKyw&dib_tag=se&keywords=headphones&qid=1788218985&sprefix=headphone%2Caps%2C406&sr=8-1': No scheme supplied. Perhaps you meant https://amazon.com/Hybrid-Cancelling-Bluetooth-Headphones-Wireless/dp/B0H9S69XJC/ref=sr_1_1?crid=2YJI0WM7UZ5M8&dib=eyJ2IjoiMSJ9.X378MR5IlMV7geYkCPyovjUljdjs5Q66CvNzrzMr3YM9Cq6MFJewWhGuxskUY_GgJKiQzb-pHeJOE2dnXldArv7MKlPKKajFb7wxmPaJwmC9MAaEIu8lyY4kWCy9QZ3H9NEzBete_WYAl3CW5EQvXzVKyToscIGxwTPUZQ0nEsuivMhdZLQZ7SrZ8qB63vuttfhsSK2yO3N5AConCpEEKiMCy7LMCtLfHHgV8NL2iyA.4u3Tl4m1He6pfNHvJF321vz8LzW1k7mIUGbYsCpDKyw&dib_tag=se&keywords=headphones&qid=1788218985&sprefix=headphone%2Caps%2C406&sr=8-1?
2026-09-01 04:30:29 | WARNING  | scraper.http_client | Request failed for amazon.com/Hybrid-Cancelling-Bluetooth-Headphones-Wireless/dp/B0H9S69XJC/ref=sr_1_1?crid=2YJI0WM7UZ5M8&dib=eyJ2IjoiMSJ9.X378MR5IlMV7geYkCPyovjUljdjs5Q66CvNzrzMr3YM9Cq6MFJewWhGuxskUY_GgJKiQzb-pHeJOE2dnXldArv7MKlPKKajFb7wxmPaJwmC9MAaEIu8lyY4kWCy9QZ3H9NEzBete_WYAl3CW5EQvXzVKyToscIGxwTPUZQ0nEsuivMhdZLQZ7SrZ8qB63vuttfhsSK2yO3N5AConCpEEKiMCy7LMCtLfHHgV8NL2iyA.4u3Tl4m1He6pfNHvJF321vz8LzW1k7mIUGbYsCpDKyw&dib_tag=se&keywords=headphones&qid=1788218985&sprefix=headphone%2Caps%2C406&sr=8-1: Invalid URL 'amazon.com/Hybrid-Cancelling-Bluetooth-Headphones-Wireless/dp/B0H9S69XJC/ref=sr_1_1?crid=2YJI0WM7UZ5M8&dib=eyJ2IjoiMSJ9.X378MR5IlMV7geYkCPyovjUljdjs5Q66CvNzrzMr3YM9Cq6MFJewWhGuxskUY_GgJKiQzb-pHeJOE2dnXldArv7MKlPKKajFb7wxmPaJwmC9MAaEIu8lyY4kWCy9QZ3H9NEzBete_WYAl3CW5EQvXzVKyToscIGxwTPUZQ0nEsuivMhdZLQZ7SrZ8qB63vuttfhsSK2yO3N5AConCpEEKiMCy7LMCtLfHHgV8NL2iyA.4u3Tl4m1He6pfNHvJF321vz8LzW1k7mIUGbYsCpDKyw&dib_tag=se&keywords=headphones&qid=1788218985&sprefix=headphone%2Caps%2C406&sr=8-1': No scheme supplied. Perhaps you meant https://amazon.com/Hybrid-Cancelling-Bluetooth-Headphones-Wireless/dp/B0H9S69XJC/ref=sr_1_1?crid=2YJI0WM7UZ5M8&dib=eyJ2IjoiMSJ9.X378MR5IlMV7geYkCPyovjUljdjs5Q66CvNzrzMr3YM9Cq6MFJewWhGuxskUY_GgJKiQzb-pHeJOE2dnXldArv7MKlPKKajFb7wxmPaJwmC9MAaEIu8lyY4kWCy9QZ3H9NEzBete_WYAl3CW5EQvXzVKyToscIGxwTPUZQ0nEsuivMhdZLQZ7SrZ8qB63vuttfhsSK2yO3N5AConCpEEKiMCy7LMCtLfHHgV8NL2iyA.4u3Tl4m1He6pfNHvJF321vz8LzW1k7mIUGbYsCpDKyw&dib_tag=se&keywords=headphones&qid=1788218985&sprefix=headphone%2Caps%2C406&sr=8-1?
2026-09-01 04:30:29 | INFO     | scraper.cleaner | Cleaned 0 products -> 0 after deduplication
2026-09-01 04:30:29 | INFO     | scraper.cleaner | Cleaned 0 products -> 0 after deduplication
2026-09-01 04:30:29 | INFO     | scraper.cleaner | Cleaned 0 products -> 0 after deduplication
2026-09-01 04:30:29 | INFO     | scraper.cleaner | Cleaned 0 products -> 0 after deduplication
2026-09-01 04:30:29 | INFO     | scraper.validator | Validated 0 products -> 0 valid
2026-09-01 04:30:29 | INFO     | scraper.validator | Validated 0 products -> 0 valid
2026-09-01 04:30:29 | INFO     | scraper.validator | Validated 0 products -> 0 valid
2026-09-01 04:30:29 | INFO     | scraper.validator | Validated 0 products -> 0 valid
2026-09-01 04:30:29 | INFO     | scraper.storage | Saved CSV: output\products.csv
2026-09-01 04:30:29 | INFO     | scraper.storage | Saved CSV: output\products.csv
2026-09-01 04:30:29 | INFO     | scraper.storage | Saved CSV: output\products.csv
2026-09-01 04:30:29 | INFO     | scraper.storage | Saved CSV: output\products.csv
2026-09-01 04:30:29 | INFO     | scraper.storage | Saved Excel: output\products.xlsx
2026-09-01 04:30:29 | INFO     | scraper.storage | Saved Excel: output\products.xlsx
2026-09-01 04:30:29 | INFO     | scraper.storage | Saved Excel: output\products.xlsx
2026-09-01 04:30:29 | INFO     | scraper.storage | Saved Excel: output\products.xlsx
2026-09-01 04:30:30 | INFO     | scraper.analysis | Analysis complete: 0 products
2026-09-01 04:30:30 | INFO     | scraper.analysis | Analysis complete: 0 products
2026-09-01 04:30:30 | INFO     | scraper.analysis | Analysis complete: 0 products
2026-09-01 04:30:30 | INFO     | scraper.analysis | Analysis complete: 0 products
2026-09-01 04:30:49 | INFO     | scraper.http_client | GET https://books.toscrape.com/robots.txt
2026-09-01 04:30:49 | INFO     | scraper.http_client | GET https://books.toscrape.com/robots.txt
2026-09-01 04:30:49 | INFO     | scraper.http_client | GET https://books.toscrape.com/robots.txt
2026-09-01 04:30:49 | INFO     | scraper.http_client | GET https://books.toscrape.com/robots.txt
2026-09-01 04:30:50 | WARNING  | scraper.http_client | Request failed for https://books.toscrape.com/robots.txt: 404 Client Error: Not Found for url: https://books.toscrape.com/robots.txt
2026-09-01 04:30:50 | WARNING  | scraper.http_client | Request failed for https://books.toscrape.com/robots.txt: 404 Client Error: Not Found for url: https://books.toscrape.com/robots.txt
2026-09-01 04:30:50 | WARNING  | scraper.http_client | Request failed for https://books.toscrape.com/robots.txt: 404 Client Error: Not Found for url: https://books.toscrape.com/robots.txt
2026-09-01 04:30:50 | WARNING  | scraper.http_client | Request failed for https://books.toscrape.com/robots.txt: 404 Client Error: Not Found for url: https://books.toscrape.com/robots.txt
2026-09-01 04:30:50 | INFO     | scraper.pipeline | Scraping 5 unique product URLs
2026-09-01 04:30:50 | INFO     | scraper.pipeline | Scraping 5 unique product URLs
2026-09-01 04:30:50 | INFO     | scraper.pipeline | Scraping 5 unique product URLs
2026-09-01 04:30:50 | INFO     | scraper.pipeline | Scraping 5 unique product URLs
2026-09-01 04:30:50 | INFO     | scraper.http_client | GET https://books.toscrape.com/catalogue/its-only-the-himalayas_981/index.html
2026-09-01 04:30:50 | INFO     | scraper.http_client | GET https://books.toscrape.com/catalogue/its-only-the-himalayas_981/index.html
2026-09-01 04:30:50 | INFO     | scraper.http_client | GET https://books.toscrape.com/catalogue/its-only-the-himalayas_981/index.html
2026-09-01 04:30:50 | INFO     | scraper.http_client | GET https://books.toscrape.com/catalogue/its-only-the-himalayas_981/index.html
2026-09-01 04:30:51 | INFO     | scraper.http_client | GET https://books.toscrape.com/catalogue/a-year-in-provence-provence-1_421/index.html
2026-09-01 04:30:51 | INFO     | scraper.http_client | GET https://books.toscrape.com/catalogue/a-year-in-provence-provence-1_421/index.html
2026-09-01 04:30:51 | INFO     | scraper.http_client | GET https://books.toscrape.com/catalogue/a-year-in-provence-provence-1_421/index.html
2026-09-01 04:30:51 | INFO     | scraper.http_client | GET https://books.toscrape.com/catalogue/a-year-in-provence-provence-1_421/index.html
2026-09-01 04:30:52 | INFO     | scraper.http_client | GET https://books.toscrape.com/catalogue/under-the-tuscan-sun_504/index.html
2026-09-01 04:30:52 | INFO     | scraper.http_client | GET https://books.toscrape.com/catalogue/under-the-tuscan-sun_504/index.html
2026-09-01 04:30:52 | INFO     | scraper.http_client | GET https://books.toscrape.com/catalogue/under-the-tuscan-sun_504/index.html
2026-09-01 04:30:52 | INFO     | scraper.http_client | GET https://books.toscrape.com/catalogue/under-the-tuscan-sun_504/index.html
2026-09-01 04:30:53 | INFO     | scraper.http_client | GET https://books.toscrape.com/catalogue/1000-places-to-see-before-you-die_1/index.html
2026-09-01 04:30:53 | INFO     | scraper.http_client | GET https://books.toscrape.com/catalogue/1000-places-to-see-before-you-die_1/index.html
2026-09-01 04:30:53 | INFO     | scraper.http_client | GET https://books.toscrape.com/catalogue/1000-places-to-see-before-you-die_1/index.html
2026-09-01 04:30:53 | INFO     | scraper.http_client | GET https://books.toscrape.com/catalogue/1000-places-to-see-before-you-die_1/index.html
2026-09-01 04:30:54 | INFO     | scraper.http_client | GET https://books.toscrape.com/catalogue/vagabonding-an-uncommon-guide-to-the-art-of-long-term-world-travel_552/index.html
2026-09-01 04:30:54 | INFO     | scraper.http_client | GET https://books.toscrape.com/catalogue/vagabonding-an-uncommon-guide-to-the-art-of-long-term-world-travel_552/index.html
2026-09-01 04:30:54 | INFO     | scraper.http_client | GET https://books.toscrape.com/catalogue/vagabonding-an-uncommon-guide-to-the-art-of-long-term-world-travel_552/index.html
2026-09-01 04:30:54 | INFO     | scraper.http_client | GET https://books.toscrape.com/catalogue/vagabonding-an-uncommon-guide-to-the-art-of-long-term-world-travel_552/index.html
2026-09-01 04:30:55 | INFO     | scraper.cleaner | Cleaned 5 products -> 5 after deduplication
2026-09-01 04:30:55 | INFO     | scraper.cleaner | Cleaned 5 products -> 5 after deduplication
2026-09-01 04:30:55 | INFO     | scraper.cleaner | Cleaned 5 products -> 5 after deduplication
2026-09-01 04:30:55 | INFO     | scraper.cleaner | Cleaned 5 products -> 5 after deduplication
2026-09-01 04:30:55 | INFO     | scraper.validator | Validated 5 products -> 5 valid
2026-09-01 04:30:55 | INFO     | scraper.validator | Validated 5 products -> 5 valid
2026-09-01 04:30:55 | INFO     | scraper.validator | Validated 5 products -> 5 valid
2026-09-01 04:30:55 | INFO     | scraper.validator | Validated 5 products -> 5 valid
2026-09-01 04:30:55 | INFO     | scraper.storage | Saved CSV: output\products.csv
2026-09-01 04:30:55 | INFO     | scraper.storage | Saved CSV: output\products.csv
2026-09-01 04:30:55 | INFO     | scraper.storage | Saved CSV: output\products.csv
2026-09-01 04:30:55 | INFO     | scraper.storage | Saved CSV: output\products.csv
2026-09-01 04:30:56 | INFO     | scraper.storage | Saved Excel: output\products.xlsx
2026-09-01 04:30:56 | INFO     | scraper.storage | Saved Excel: output\products.xlsx
2026-09-01 04:30:56 | INFO     | scraper.storage | Saved Excel: output\products.xlsx
2026-09-01 04:30:56 | INFO     | scraper.storage | Saved Excel: output\products.xlsx
2026-09-01 04:30:56 | INFO     | scraper.analysis | Analysis complete: 5 products
2026-09-01 04:30:56 | INFO     | scraper.analysis | Analysis complete: 5 products
2026-09-01 04:30:56 | INFO     | scraper.analysis | Analysis complete: 5 products
2026-09-01 04:30:56 | INFO     | scraper.analysis | Analysis complete: 5 products
2026-09-01 04:30:56 | INFO     | matplotlib.category | Using categorical units to plot a list of strings that are all parsable as floats or dates. If these strings should be plotted as numbers, cast to the appropriate data type before plotting.
2026-09-01 04:30:56 | INFO     | matplotlib.category | Using categorical units to plot a list of strings that are all parsable as floats or dates. If these strings should be plotted as numbers, cast to the appropriate data type before plotting.
2026-09-01 04:30:56 | INFO     | matplotlib.category | Using categorical units to plot a list of strings that are all parsable as floats or dates. If these strings should be plotted as numbers, cast to the appropriate data type before plotting.
2026-09-01 04:30:56 | INFO     | matplotlib.category | Using categorical units to plot a list of strings that are all parsable as floats or dates. If these strings should be plotted as numbers, cast to the appropriate data type before plotting.
2026-09-01 04:30:56 | INFO     | matplotlib.category | Using categorical units to plot a list of strings that are all parsable as floats or dates. If these strings should be plotted as numbers, cast to the appropriate data type before plotting.
2026-09-01 04:30:56 | INFO     | matplotlib.category | Using categorical units to plot a list of strings that are all parsable as floats or dates. If these strings should be plotted as numbers, cast to the appropriate data type before plotting.
2026-09-01 04:30:56 | INFO     | matplotlib.category | Using categorical units to plot a list of strings that are all parsable as floats or dates. If these strings should be plotted as numbers, cast to the appropriate data type before plotting.
2026-09-01 04:30:56 | INFO     | matplotlib.category | Using categorical units to plot a list of strings that are all parsable as floats or dates. If these strings should be plotted as numbers, cast to the appropriate data type before plotting.
2026-09-01 04:31:28 | INFO     | matplotlib.category | Using categorical units to plot a list of strings that are all parsable as floats or dates. If these strings should be plotted as numbers, cast to the appropriate data type before plotting.
2026-09-01 04:31:28 | INFO     | matplotlib.category | Using categorical units to plot a list of strings that are all parsable as floats or dates. If these strings should be plotted as numbers, cast to the appropriate data type before plotting.
2026-09-01 04:31:28 | INFO     | matplotlib.category | Using categorical units to plot a list of strings that are all parsable as floats or dates. If these strings should be plotted as numbers, cast to the appropriate data type before plotting.
2026-09-01 04:31:28 | INFO     | matplotlib.category | Using categorical units to plot a list of strings that are all parsable as floats or dates. If these strings should be plotted as numbers, cast to the appropriate data type before plotting.
2026-09-01 04:31:28 | INFO     | matplotlib.category | Using categorical units to plot a list of strings that are all parsable as floats or dates. If these strings should be plotted as numbers, cast to the appropriate data type before plotting.
2026-09-01 04:31:28 | INFO     | matplotlib.category | Using categorical units to plot a list of strings that are all parsable as floats or dates. If these strings should be plotted as numbers, cast to the appropriate data type before plotting.
2026-09-01 04:31:28 | INFO     | matplotlib.category | Using categorical units to plot a list of strings that are all parsable as floats or dates. If these strings should be plotted as numbers, cast to the appropriate data type before plotting.
2026-09-01 04:31:28 | INFO     | matplotlib.category | Using categorical units to plot a list of strings that are all parsable as floats or dates. If these strings should be plotted as numbers, cast to the appropriate data type before plotting.
2026-09-01 04:31:31 | INFO     | scraper.http_client | GET /robots.txt
2026-09-01 04:31:31 | INFO     | scraper.http_client | GET /robots.txt
2026-09-01 04:31:31 | INFO     | scraper.http_client | GET /robots.txt
2026-09-01 04:31:31 | INFO     | scraper.http_client | GET /robots.txt
2026-09-01 04:31:31 | WARNING  | scraper.http_client | Request failed for /robots.txt: Invalid URL '/robots.txt': No scheme supplied. Perhaps you meant https:///robots.txt?
2026-09-01 04:31:31 | WARNING  | scraper.http_client | Request failed for /robots.txt: Invalid URL '/robots.txt': No scheme supplied. Perhaps you meant https:///robots.txt?
2026-09-01 04:31:31 | WARNING  | scraper.http_client | Request failed for /robots.txt: Invalid URL '/robots.txt': No scheme supplied. Perhaps you meant https:///robots.txt?
2026-09-01 04:31:31 | WARNING  | scraper.http_client | Request failed for /robots.txt: Invalid URL '/robots.txt': No scheme supplied. Perhaps you meant https:///robots.txt?
2026-09-01 04:31:31 | INFO     | scraper.pipeline | Scraping 1 unique product URLs
2026-09-01 04:31:31 | INFO     | scraper.pipeline | Scraping 1 unique product URLs
2026-09-01 04:31:31 | INFO     | scraper.pipeline | Scraping 1 unique product URLs
2026-09-01 04:31:31 | INFO     | scraper.pipeline | Scraping 1 unique product URLs
2026-09-01 04:31:32 | INFO     | scraper.http_client | GET amazon.com/Hybrid-Cancelling-Bluetooth-Headphones-Wireless/dp/B0H9S69XJC/ref=sr_1_1?crid=2YJI0WM7UZ5M8&dib=eyJ2IjoiMSJ9.X378MR5IlMV7geYkCPyovjUljdjs5Q66CvNzrzMr3YM9Cq6MFJewWhGuxskUY_GgJKiQzb-pHeJOE2dnXldArv7MKlPKKajFb7wxmPaJwmC9MAaEIu8lyY4kWCy9QZ3H9NEzBete_WYAl3CW5EQvXzVKyToscIGxwTPUZQ0nEsuivMhdZLQZ7SrZ8qB63vuttfhsSK2yO3N5AConCpEEKiMCy7LMCtLfHHgV8NL2iyA.4u3Tl4m1He6pfNHvJF321vz8LzW1k7mIUGbYsCpDKyw&dib_tag=se&keywords=headphones&qid=1788218985&sprefix=headphone%2Caps%2C406&sr=8-1
2026-09-01 04:31:32 | INFO     | scraper.http_client | GET amazon.com/Hybrid-Cancelling-Bluetooth-Headphones-Wireless/dp/B0H9S69XJC/ref=sr_1_1?crid=2YJI0WM7UZ5M8&dib=eyJ2IjoiMSJ9.X378MR5IlMV7geYkCPyovjUljdjs5Q66CvNzrzMr3YM9Cq6MFJewWhGuxskUY_GgJKiQzb-pHeJOE2dnXldArv7MKlPKKajFb7wxmPaJwmC9MAaEIu8lyY4kWCy9QZ3H9NEzBete_WYAl3CW5EQvXzVKyToscIGxwTPUZQ0nEsuivMhdZLQZ7SrZ8qB63vuttfhsSK2yO3N5AConCpEEKiMCy7LMCtLfHHgV8NL2iyA.4u3Tl4m1He6pfNHvJF321vz8LzW1k7mIUGbYsCpDKyw&dib_tag=se&keywords=headphones&qid=1788218985&sprefix=headphone%2Caps%2C406&sr=8-1
2026-09-01 04:31:32 | INFO     | scraper.http_client | GET amazon.com/Hybrid-Cancelling-Bluetooth-Headphones-Wireless/dp/B0H9S69XJC/ref=sr_1_1?crid=2YJI0WM7UZ5M8&dib=eyJ2IjoiMSJ9.X378MR5IlMV7geYkCPyovjUljdjs5Q66CvNzrzMr3YM9Cq6MFJewWhGuxskUY_GgJKiQzb-pHeJOE2dnXldArv7MKlPKKajFb7wxmPaJwmC9MAaEIu8lyY4kWCy9QZ3H9NEzBete_WYAl3CW5EQvXzVKyToscIGxwTPUZQ0nEsuivMhdZLQZ7SrZ8qB63vuttfhsSK2yO3N5AConCpEEKiMCy7LMCtLfHHgV8NL2iyA.4u3Tl4m1He6pfNHvJF321vz8LzW1k7mIUGbYsCpDKyw&dib_tag=se&keywords=headphones&qid=1788218985&sprefix=headphone%2Caps%2C406&sr=8-1
2026-09-01 04:31:32 | INFO     | scraper.http_client | GET amazon.com/Hybrid-Cancelling-Bluetooth-Headphones-Wireless/dp/B0H9S69XJC/ref=sr_1_1?crid=2YJI0WM7UZ5M8&dib=eyJ2IjoiMSJ9.X378MR5IlMV7geYkCPyovjUljdjs5Q66CvNzrzMr3YM9Cq6MFJewWhGuxskUY_GgJKiQzb-pHeJOE2dnXldArv7MKlPKKajFb7wxmPaJwmC9MAaEIu8lyY4kWCy9QZ3H9NEzBete_WYAl3CW5EQvXzVKyToscIGxwTPUZQ0nEsuivMhdZLQZ7SrZ8qB63vuttfhsSK2yO3N5AConCpEEKiMCy7LMCtLfHHgV8NL2iyA.4u3Tl4m1He6pfNHvJF321vz8LzW1k7mIUGbYsCpDKyw&dib_tag=se&keywords=headphones&qid=1788218985&sprefix=headphone%2Caps%2C406&sr=8-1
2026-09-01 04:31:32 | WARNING  | scraper.http_client | Request failed for amazon.com/Hybrid-Cancelling-Bluetooth-Headphones-Wireless/dp/B0H9S69XJC/ref=sr_1_1?crid=2YJI0WM7UZ5M8&dib=eyJ2IjoiMSJ9.X378MR5IlMV7geYkCPyovjUljdjs5Q66CvNzrzMr3YM9Cq6MFJewWhGuxskUY_GgJKiQzb-pHeJOE2dnXldArv7MKlPKKajFb7wxmPaJwmC9MAaEIu8lyY4kWCy9QZ3H9NEzBete_WYAl3CW5EQvXzVKyToscIGxwTPUZQ0nEsuivMhdZLQZ7SrZ8qB63vuttfhsSK2yO3N5AConCpEEKiMCy7LMCtLfHHgV8NL2iyA.4u3Tl4m1He6pfNHvJF321vz8LzW1k7mIUGbYsCpDKyw&dib_tag=se&keywords=headphones&qid=1788218985&sprefix=headphone%2Caps%2C406&sr=8-1: Invalid URL 'amazon.com/Hybrid-Cancelling-Bluetooth-Headphones-Wireless/dp/B0H9S69XJC/ref=sr_1_1?crid=2YJI0WM7UZ5M8&dib=eyJ2IjoiMSJ9.X378MR5IlMV7geYkCPyovjUljdjs5Q66CvNzrzMr3YM9Cq6MFJewWhGuxskUY_GgJKiQzb-pHeJOE2dnXldArv7MKlPKKajFb7wxmPaJwmC9MAaEIu8lyY4kWCy9QZ3H9NEzBete_WYAl3CW5EQvXzVKyToscIGxwTPUZQ0nEsuivMhdZLQZ7SrZ8qB63vuttfhsSK2yO3N5AConCpEEKiMCy7LMCtLfHHgV8NL2iyA.4u3Tl4m1He6pfNHvJF321vz8LzW1k7mIUGbYsCpDKyw&dib_tag=se&keywords=headphones&qid=1788218985&sprefix=headphone%2Caps%2C406&sr=8-1': No scheme supplied. Perhaps you meant https://amazon.com/Hybrid-Cancelling-Bluetooth-Headphones-Wireless/dp/B0H9S69XJC/ref=sr_1_1?crid=2YJI0WM7UZ5M8&dib=eyJ2IjoiMSJ9.X378MR5IlMV7geYkCPyovjUljdjs5Q66CvNzrzMr3YM9Cq6MFJewWhGuxskUY_GgJKiQzb-pHeJOE2dnXldArv7MKlPKKajFb7wxmPaJwmC9MAaEIu8lyY4kWCy9QZ3H9NEzBete_WYAl3CW5EQvXzVKyToscIGxwTPUZQ0nEsuivMhdZLQZ7SrZ8qB63vuttfhsSK2yO3N5AConCpEEKiMCy7LMCtLfHHgV8NL2iyA.4u3Tl4m1He6pfNHvJF321vz8LzW1k7mIUGbYsCpDKyw&dib_tag=se&keywords=headphones&qid=1788218985&sprefix=headphone%2Caps%2C406&sr=8-1?
2026-09-01 04:31:32 | WARNING  | scraper.http_client | Request failed for amazon.com/Hybrid-Cancelling-Bluetooth-Headphones-Wireless/dp/B0H9S69XJC/ref=sr_1_1?crid=2YJI0WM7UZ5M8&dib=eyJ2IjoiMSJ9.X378MR5IlMV7geYkCPyovjUljdjs5Q66CvNzrzMr3YM9Cq6MFJewWhGuxskUY_GgJKiQzb-pHeJOE2dnXldArv7MKlPKKajFb7wxmPaJwmC9MAaEIu8lyY4kWCy9QZ3H9NEzBete_WYAl3CW5EQvXzVKyToscIGxwTPUZQ0nEsuivMhdZLQZ7SrZ8qB63vuttfhsSK2yO3N5AConCpEEKiMCy7LMCtLfHHgV8NL2iyA.4u3Tl4m1He6pfNHvJF321vz8LzW1k7mIUGbYsCpDKyw&dib_tag=se&keywords=headphones&qid=1788218985&sprefix=headphone%2Caps%2C406&sr=8-1: Invalid URL 'amazon.com/Hybrid-Cancelling-Bluetooth-Headphones-Wireless/dp/B0H9S69XJC/ref=sr_1_1?crid=2YJI0WM7UZ5M8&dib=eyJ2IjoiMSJ9.X378MR5IlMV7geYkCPyovjUljdjs5Q66CvNzrzMr3YM9Cq6MFJewWhGuxskUY_GgJKiQzb-pHeJOE2dnXldArv7MKlPKKajFb7wxmPaJwmC9MAaEIu8lyY4kWCy9QZ3H9NEzBete_WYAl3CW5EQvXzVKyToscIGxwTPUZQ0nEsuivMhdZLQZ7SrZ8qB63vuttfhsSK2yO3N5AConCpEEKiMCy7LMCtLfHHgV8NL2iyA.4u3Tl4m1He6pfNHvJF321vz8LzW1k7mIUGbYsCpDKyw&dib_tag=se&keywords=headphones&qid=1788218985&sprefix=headphone%2Caps%2C406&sr=8-1': No scheme supplied. Perhaps you meant https://amazon.com/Hybrid-Cancelling-Bluetooth-Headphones-Wireless/dp/B0H9S69XJC/ref=sr_1_1?crid=2YJI0WM7UZ5M8&dib=eyJ2IjoiMSJ9.X378MR5IlMV7geYkCPyovjUljdjs5Q66CvNzrzMr3YM9Cq6MFJewWhGuxskUY_GgJKiQzb-pHeJOE2dnXldArv7MKlPKKajFb7wxmPaJwmC9MAaEIu8lyY4kWCy9QZ3H9NEzBete_WYAl3CW5EQvXzVKyToscIGxwTPUZQ0nEsuivMhdZLQZ7SrZ8qB63vuttfhsSK2yO3N5AConCpEEKiMCy7LMCtLfHHgV8NL2iyA.4u3Tl4m1He6pfNHvJF321vz8LzW1k7mIUGbYsCpDKyw&dib_tag=se&keywords=headphones&qid=1788218985&sprefix=headphone%2Caps%2C406&sr=8-1?
2026-09-01 04:31:32 | WARNING  | scraper.http_client | Request failed for amazon.com/Hybrid-Cancelling-Bluetooth-Headphones-Wireless/dp/B0H9S69XJC/ref=sr_1_1?crid=2YJI0WM7UZ5M8&dib=eyJ2IjoiMSJ9.X378MR5IlMV7geYkCPyovjUljdjs5Q66CvNzrzMr3YM9Cq6MFJewWhGuxskUY_GgJKiQzb-pHeJOE2dnXldArv7MKlPKKajFb7wxmPaJwmC9MAaEIu8lyY4kWCy9QZ3H9NEzBete_WYAl3CW5EQvXzVKyToscIGxwTPUZQ0nEsuivMhdZLQZ7SrZ8qB63vuttfhsSK2yO3N5AConCpEEKiMCy7LMCtLfHHgV8NL2iyA.4u3Tl4m1He6pfNHvJF321vz8LzW1k7mIUGbYsCpDKyw&dib_tag=se&keywords=headphones&qid=1788218985&sprefix=headphone%2Caps%2C406&sr=8-1: Invalid URL 'amazon.com/Hybrid-Cancelling-Bluetooth-Headphones-Wireless/dp/B0H9S69XJC/ref=sr_1_1?crid=2YJI0WM7UZ5M8&dib=eyJ2IjoiMSJ9.X378MR5IlMV7geYkCPyovjUljdjs5Q66CvNzrzMr3YM9Cq6MFJewWhGuxskUY_GgJKiQzb-pHeJOE2dnXldArv7MKlPKKajFb7wxmPaJwmC9MAaEIu8lyY4kWCy9QZ3H9NEzBete_WYAl3CW5EQvXzVKyToscIGxwTPUZQ0nEsuivMhdZLQZ7SrZ8qB63vuttfhsSK2yO3N5AConCpEEKiMCy7LMCtLfHHgV8NL2iyA.4u3Tl4m1He6pfNHvJF321vz8LzW1k7mIUGbYsCpDKyw&dib_tag=se&keywords=headphones&qid=1788218985&sprefix=headphone%2Caps%2C406&sr=8-1': No scheme supplied. Perhaps you meant https://amazon.com/Hybrid-Cancelling-Bluetooth-Headphones-Wireless/dp/B0H9S69XJC/ref=sr_1_1?crid=2YJI0WM7UZ5M8&dib=eyJ2IjoiMSJ9.X378MR5IlMV7geYkCPyovjUljdjs5Q66CvNzrzMr3YM9Cq6MFJewWhGuxskUY_GgJKiQzb-pHeJOE2dnXldArv7MKlPKKajFb7wxmPaJwmC9MAaEIu8lyY4kWCy9QZ3H9NEzBete_WYAl3CW5EQvXzVKyToscIGxwTPUZQ0nEsuivMhdZLQZ7SrZ8qB63vuttfhsSK2yO3N5AConCpEEKiMCy7LMCtLfHHgV8NL2iyA.4u3Tl4m1He6pfNHvJF321vz8LzW1k7mIUGbYsCpDKyw&dib_tag=se&keywords=headphones&qid=1788218985&sprefix=headphone%2Caps%2C406&sr=8-1?
2026-09-01 04:31:32 | WARNING  | scraper.http_client | Request failed for amazon.com/Hybrid-Cancelling-Bluetooth-Headphones-Wireless/dp/B0H9S69XJC/ref=sr_1_1?crid=2YJI0WM7UZ5M8&dib=eyJ2IjoiMSJ9.X378MR5IlMV7geYkCPyovjUljdjs5Q66CvNzrzMr3YM9Cq6MFJewWhGuxskUY_GgJKiQzb-pHeJOE2dnXldArv7MKlPKKajFb7wxmPaJwmC9MAaEIu8lyY4kWCy9QZ3H9NEzBete_WYAl3CW5EQvXzVKyToscIGxwTPUZQ0nEsuivMhdZLQZ7SrZ8qB63vuttfhsSK2yO3N5AConCpEEKiMCy7LMCtLfHHgV8NL2iyA.4u3Tl4m1He6pfNHvJF321vz8LzW1k7mIUGbYsCpDKyw&dib_tag=se&keywords=headphones&qid=1788218985&sprefix=headphone%2Caps%2C406&sr=8-1: Invalid URL 'amazon.com/Hybrid-Cancelling-Bluetooth-Headphones-Wireless/dp/B0H9S69XJC/ref=sr_1_1?crid=2YJI0WM7UZ5M8&dib=eyJ2IjoiMSJ9.X378MR5IlMV7geYkCPyovjUljdjs5Q66CvNzrzMr3YM9Cq6MFJewWhGuxskUY_GgJKiQzb-pHeJOE2dnXldArv7MKlPKKajFb7wxmPaJwmC9MAaEIu8lyY4kWCy9QZ3H9NEzBete_WYAl3CW5EQvXzVKyToscIGxwTPUZQ0nEsuivMhdZLQZ7SrZ8qB63vuttfhsSK2yO3N5AConCpEEKiMCy7LMCtLfHHgV8NL2iyA.4u3Tl4m1He6pfNHvJF321vz8LzW1k7mIUGbYsCpDKyw&dib_tag=se&keywords=headphones&qid=1788218985&sprefix=headphone%2Caps%2C406&sr=8-1': No scheme supplied. Perhaps you meant https://amazon.com/Hybrid-Cancelling-Bluetooth-Headphones-Wireless/dp/B0H9S69XJC/ref=sr_1_1?crid=2YJI0WM7UZ5M8&dib=eyJ2IjoiMSJ9.X378MR5IlMV7geYkCPyovjUljdjs5Q66CvNzrzMr3YM9Cq6MFJewWhGuxskUY_GgJKiQzb-pHeJOE2dnXldArv7MKlPKKajFb7wxmPaJwmC9MAaEIu8lyY4kWCy9QZ3H9NEzBete_WYAl3CW5EQvXzVKyToscIGxwTPUZQ0nEsuivMhdZLQZ7SrZ8qB63vuttfhsSK2yO3N5AConCpEEKiMCy7LMCtLfHHgV8NL2iyA.4u3Tl4m1He6pfNHvJF321vz8LzW1k7mIUGbYsCpDKyw&dib_tag=se&keywords=headphones&qid=1788218985&sprefix=headphone%2Caps%2C406&sr=8-1?
2026-09-01 04:31:32 | INFO     | scraper.cleaner | Cleaned 0 products -> 0 after deduplication
2026-09-01 04:31:32 | INFO     | scraper.cleaner | Cleaned 0 products -> 0 after deduplication
2026-09-01 04:31:32 | INFO     | scraper.cleaner | Cleaned 0 products -> 0 after deduplication
2026-09-01 04:31:32 | INFO     | scraper.cleaner | Cleaned 0 products -> 0 after deduplication
2026-09-01 04:31:32 | INFO     | scraper.validator | Validated 0 products -> 0 valid
2026-09-01 04:31:32 | INFO     | scraper.validator | Validated 0 products -> 0 valid
2026-09-01 04:31:32 | INFO     | scraper.validator | Validated 0 products -> 0 valid
2026-09-01 04:31:32 | INFO     | scraper.validator | Validated 0 products -> 0 valid
2026-09-01 04:31:32 | INFO     | scraper.storage | Saved CSV: output\products.csv
2026-09-01 04:31:32 | INFO     | scraper.storage | Saved CSV: output\products.csv
2026-09-01 04:31:32 | INFO     | scraper.storage | Saved CSV: output\products.csv
2026-09-01 04:31:32 | INFO     | scraper.storage | Saved CSV: output\products.csv
2026-09-01 04:31:32 | INFO     | scraper.storage | Saved Excel: output\products.xlsx
2026-09-01 04:31:32 | INFO     | scraper.storage | Saved Excel: output\products.xlsx
2026-09-01 04:31:32 | INFO     | scraper.storage | Saved Excel: output\products.xlsx
2026-09-01 04:31:32 | INFO     | scraper.storage | Saved Excel: output\products.xlsx
2026-09-01 04:31:32 | INFO     | scraper.analysis | Analysis complete: 0 products
2026-09-01 04:31:32 | INFO     | scraper.analysis | Analysis complete: 0 products
2026-09-01 04:31:32 | INFO     | scraper.analysis | Analysis complete: 0 products
2026-09-01 04:31:32 | INFO     | scraper.analysis | Analysis complete: 0 products
2026-09-01 04:31:36 | INFO     | scraper.http_client | GET /robots.txt
2026-09-01 04:31:36 | INFO     | scraper.http_client | GET /robots.txt
2026-09-01 04:31:36 | INFO     | scraper.http_client | GET /robots.txt
2026-09-01 04:31:36 | INFO     | scraper.http_client | GET /robots.txt
2026-09-01 04:31:36 | WARNING  | scraper.http_client | Request failed for /robots.txt: Invalid URL '/robots.txt': No scheme supplied. Perhaps you meant https:///robots.txt?
2026-09-01 04:31:36 | WARNING  | scraper.http_client | Request failed for /robots.txt: Invalid URL '/robots.txt': No scheme supplied. Perhaps you meant https:///robots.txt?
2026-09-01 04:31:36 | WARNING  | scraper.http_client | Request failed for /robots.txt: Invalid URL '/robots.txt': No scheme supplied. Perhaps you meant https:///robots.txt?
2026-09-01 04:31:36 | WARNING  | scraper.http_client | Request failed for /robots.txt: Invalid URL '/robots.txt': No scheme supplied. Perhaps you meant https:///robots.txt?
2026-09-01 04:31:36 | INFO     | scraper.pipeline | Scraping 1 unique product URLs
2026-09-01 04:31:36 | INFO     | scraper.pipeline | Scraping 1 unique product URLs
2026-09-01 04:31:36 | INFO     | scraper.pipeline | Scraping 1 unique product URLs
2026-09-01 04:31:36 | INFO     | scraper.pipeline | Scraping 1 unique product URLs
2026-09-01 04:31:37 | INFO     | scraper.http_client | GET amazon.com/Hybrid-Cancelling-Bluetooth-Headphones-Wireless/dp/B0H9S69XJC/ref=sr_1_1?crid=2YJI0WM7UZ5M8&dib=eyJ2IjoiMSJ9.X378MR5IlMV7geYkCPyovjUljdjs5Q66CvNzrzMr3YM9Cq6MFJewWhGuxskUY_GgJKiQzb-pHeJOE2dnXldArv7MKlPKKajFb7wxmPaJwmC9MAaEIu8lyY4kWCy9QZ3H9NEzBete_WYAl3CW5EQvXzVKyToscIGxwTPUZQ0nEsuivMhdZLQZ7SrZ8qB63vuttfhsSK2yO3N5AConCpEEKiMCy7LMCtLfHHgV8NL2iyA.4u3Tl4m1He6pfNHvJF321vz8LzW1k7mIUGbYsCpDKyw&dib_tag=se&keywords=headphones&qid=1788218985&sprefix=headphone%2Caps%2C406&sr=8-1
2026-09-01 04:31:37 | INFO     | scraper.http_client | GET amazon.com/Hybrid-Cancelling-Bluetooth-Headphones-Wireless/dp/B0H9S69XJC/ref=sr_1_1?crid=2YJI0WM7UZ5M8&dib=eyJ2IjoiMSJ9.X378MR5IlMV7geYkCPyovjUljdjs5Q66CvNzrzMr3YM9Cq6MFJewWhGuxskUY_GgJKiQzb-pHeJOE2dnXldArv7MKlPKKajFb7wxmPaJwmC9MAaEIu8lyY4kWCy9QZ3H9NEzBete_WYAl3CW5EQvXzVKyToscIGxwTPUZQ0nEsuivMhdZLQZ7SrZ8qB63vuttfhsSK2yO3N5AConCpEEKiMCy7LMCtLfHHgV8NL2iyA.4u3Tl4m1He6pfNHvJF321vz8LzW1k7mIUGbYsCpDKyw&dib_tag=se&keywords=headphones&qid=1788218985&sprefix=headphone%2Caps%2C406&sr=8-1
2026-09-01 04:31:37 | INFO     | scraper.http_client | GET amazon.com/Hybrid-Cancelling-Bluetooth-Headphones-Wireless/dp/B0H9S69XJC/ref=sr_1_1?crid=2YJI0WM7UZ5M8&dib=eyJ2IjoiMSJ9.X378MR5IlMV7geYkCPyovjUljdjs5Q66CvNzrzMr3YM9Cq6MFJewWhGuxskUY_GgJKiQzb-pHeJOE2dnXldArv7MKlPKKajFb7wxmPaJwmC9MAaEIu8lyY4kWCy9QZ3H9NEzBete_WYAl3CW5EQvXzVKyToscIGxwTPUZQ0nEsuivMhdZLQZ7SrZ8qB63vuttfhsSK2yO3N5AConCpEEKiMCy7LMCtLfHHgV8NL2iyA.4u3Tl4m1He6pfNHvJF321vz8LzW1k7mIUGbYsCpDKyw&dib_tag=se&keywords=headphones&qid=1788218985&sprefix=headphone%2Caps%2C406&sr=8-1
2026-09-01 04:31:37 | INFO     | scraper.http_client | GET amazon.com/Hybrid-Cancelling-Bluetooth-Headphones-Wireless/dp/B0H9S69XJC/ref=sr_1_1?crid=2YJI0WM7UZ5M8&dib=eyJ2IjoiMSJ9.X378MR5IlMV7geYkCPyovjUljdjs5Q66CvNzrzMr3YM9Cq6MFJewWhGuxskUY_GgJKiQzb-pHeJOE2dnXldArv7MKlPKKajFb7wxmPaJwmC9MAaEIu8lyY4kWCy9QZ3H9NEzBete_WYAl3CW5EQvXzVKyToscIGxwTPUZQ0nEsuivMhdZLQZ7SrZ8qB63vuttfhsSK2yO3N5AConCpEEKiMCy7LMCtLfHHgV8NL2iyA.4u3Tl4m1He6pfNHvJF321vz8LzW1k7mIUGbYsCpDKyw&dib_tag=se&keywords=headphones&qid=1788218985&sprefix=headphone%2Caps%2C406&sr=8-1
2026-09-01 04:31:37 | WARNING  | scraper.http_client | Request failed for amazon.com/Hybrid-Cancelling-Bluetooth-Headphones-Wireless/dp/B0H9S69XJC/ref=sr_1_1?crid=2YJI0WM7UZ5M8&dib=eyJ2IjoiMSJ9.X378MR5IlMV7geYkCPyovjUljdjs5Q66CvNzrzMr3YM9Cq6MFJewWhGuxskUY_GgJKiQzb-pHeJOE2dnXldArv7MKlPKKajFb7wxmPaJwmC9MAaEIu8lyY4kWCy9QZ3H9NEzBete_WYAl3CW5EQvXzVKyToscIGxwTPUZQ0nEsuivMhdZLQZ7SrZ8qB63vuttfhsSK2yO3N5AConCpEEKiMCy7LMCtLfHHgV8NL2iyA.4u3Tl4m1He6pfNHvJF321vz8LzW1k7mIUGbYsCpDKyw&dib_tag=se&keywords=headphones&qid=1788218985&sprefix=headphone%2Caps%2C406&sr=8-1: Invalid URL 'amazon.com/Hybrid-Cancelling-Bluetooth-Headphones-Wireless/dp/B0H9S69XJC/ref=sr_1_1?crid=2YJI0WM7UZ5M8&dib=eyJ2IjoiMSJ9.X378MR5IlMV7geYkCPyovjUljdjs5Q66CvNzrzMr3YM9Cq6MFJewWhGuxskUY_GgJKiQzb-pHeJOE2dnXldArv7MKlPKKajFb7wxmPaJwmC9MAaEIu8lyY4kWCy9QZ3H9NEzBete_WYAl3CW5EQvXzVKyToscIGxwTPUZQ0nEsuivMhdZLQZ7SrZ8qB63vuttfhsSK2yO3N5AConCpEEKiMCy7LMCtLfHHgV8NL2iyA.4u3Tl4m1He6pfNHvJF321vz8LzW1k7mIUGbYsCpDKyw&dib_tag=se&keywords=headphones&qid=1788218985&sprefix=headphone%2Caps%2C406&sr=8-1': No scheme supplied. Perhaps you meant https://amazon.com/Hybrid-Cancelling-Bluetooth-Headphones-Wireless/dp/B0H9S69XJC/ref=sr_1_1?crid=2YJI0WM7UZ5M8&dib=eyJ2IjoiMSJ9.X378MR5IlMV7geYkCPyovjUljdjs5Q66CvNzrzMr3YM9Cq6MFJewWhGuxskUY_GgJKiQzb-pHeJOE2dnXldArv7MKlPKKajFb7wxmPaJwmC9MAaEIu8lyY4kWCy9QZ3H9NEzBete_WYAl3CW5EQvXzVKyToscIGxwTPUZQ0nEsuivMhdZLQZ7SrZ8qB63vuttfhsSK2yO3N5AConCpEEKiMCy7LMCtLfHHgV8NL2iyA.4u3Tl4m1He6pfNHvJF321vz8LzW1k7mIUGbYsCpDKyw&dib_tag=se&keywords=headphones&qid=1788218985&sprefix=headphone%2Caps%2C406&sr=8-1?
2026-09-01 04:31:37 | WARNING  | scraper.http_client | Request failed for amazon.com/Hybrid-Cancelling-Bluetooth-Headphones-Wireless/dp/B0H9S69XJC/ref=sr_1_1?crid=2YJI0WM7UZ5M8&dib=eyJ2IjoiMSJ9.X378MR5IlMV7geYkCPyovjUljdjs5Q66CvNzrzMr3YM9Cq6MFJewWhGuxskUY_GgJKiQzb-pHeJOE2dnXldArv7MKlPKKajFb7wxmPaJwmC9MAaEIu8lyY4kWCy9QZ3H9NEzBete_WYAl3CW5EQvXzVKyToscIGxwTPUZQ0nEsuivMhdZLQZ7SrZ8qB63vuttfhsSK2yO3N5AConCpEEKiMCy7LMCtLfHHgV8NL2iyA.4u3Tl4m1He6pfNHvJF321vz8LzW1k7mIUGbYsCpDKyw&dib_tag=se&keywords=headphones&qid=1788218985&sprefix=headphone%2Caps%2C406&sr=8-1: Invalid URL 'amazon.com/Hybrid-Cancelling-Bluetooth-Headphones-Wireless/dp/B0H9S69XJC/ref=sr_1_1?crid=2YJI0WM7UZ5M8&dib=eyJ2IjoiMSJ9.X378MR5IlMV7geYkCPyovjUljdjs5Q66CvNzrzMr3YM9Cq6MFJewWhGuxskUY_GgJKiQzb-pHeJOE2dnXldArv7MKlPKKajFb7wxmPaJwmC9MAaEIu8lyY4kWCy9QZ3H9NEzBete_WYAl3CW5EQvXzVKyToscIGxwTPUZQ0nEsuivMhdZLQZ7SrZ8qB63vuttfhsSK2yO3N5AConCpEEKiMCy7LMCtLfHHgV8NL2iyA.4u3Tl4m1He6pfNHvJF321vz8LzW1k7mIUGbYsCpDKyw&dib_tag=se&keywords=headphones&qid=1788218985&sprefix=headphone%2Caps%2C406&sr=8-1': No scheme supplied. Perhaps you meant https://amazon.com/Hybrid-Cancelling-Bluetooth-Headphones-Wireless/dp/B0H9S69XJC/ref=sr_1_1?crid=2YJI0WM7UZ5M8&dib=eyJ2IjoiMSJ9.X378MR5IlMV7geYkCPyovjUljdjs5Q66CvNzrzMr3YM9Cq6MFJewWhGuxskUY_GgJKiQzb-pHeJOE2dnXldArv7MKlPKKajFb7wxmPaJwmC9MAaEIu8lyY4kWCy9QZ3H9NEzBete_WYAl3CW5EQvXzVKyToscIGxwTPUZQ0nEsuivMhdZLQZ7SrZ8qB63vuttfhsSK2yO3N5AConCpEEKiMCy7LMCtLfHHgV8NL2iyA.4u3Tl4m1He6pfNHvJF321vz8LzW1k7mIUGbYsCpDKyw&dib_tag=se&keywords=headphones&qid=1788218985&sprefix=headphone%2Caps%2C406&sr=8-1?
2026-09-01 04:31:37 | WARNING  | scraper.http_client | Request failed for amazon.com/Hybrid-Cancelling-Bluetooth-Headphones-Wireless/dp/B0H9S69XJC/ref=sr_1_1?crid=2YJI0WM7UZ5M8&dib=eyJ2IjoiMSJ9.X378MR5IlMV7geYkCPyovjUljdjs5Q66CvNzrzMr3YM9Cq6MFJewWhGuxskUY_GgJKiQzb-pHeJOE2dnXldArv7MKlPKKajFb7wxmPaJwmC9MAaEIu8lyY4kWCy9QZ3H9NEzBete_WYAl3CW5EQvXzVKyToscIGxwTPUZQ0nEsuivMhdZLQZ7SrZ8qB63vuttfhsSK2yO3N5AConCpEEKiMCy7LMCtLfHHgV8NL2iyA.4u3Tl4m1He6pfNHvJF321vz8LzW1k7mIUGbYsCpDKyw&dib_tag=se&keywords=headphones&qid=1788218985&sprefix=headphone%2Caps%2C406&sr=8-1: Invalid URL 'amazon.com/Hybrid-Cancelling-Bluetooth-Headphones-Wireless/dp/B0H9S69XJC/ref=sr_1_1?crid=2YJI0WM7UZ5M8&dib=eyJ2IjoiMSJ9.X378MR5IlMV7geYkCPyovjUljdjs5Q66CvNzrzMr3YM9Cq6MFJewWhGuxskUY_GgJKiQzb-pHeJOE2dnXldArv7MKlPKKajFb7wxmPaJwmC9MAaEIu8lyY4kWCy9QZ3H9NEzBete_WYAl3CW5EQvXzVKyToscIGxwTPUZQ0nEsuivMhdZLQZ7SrZ8qB63vuttfhsSK2yO3N5AConCpEEKiMCy7LMCtLfHHgV8NL2iyA.4u3Tl4m1He6pfNHvJF321vz8LzW1k7mIUGbYsCpDKyw&dib_tag=se&keywords=headphones&qid=1788218985&sprefix=headphone%2Caps%2C406&sr=8-1': No scheme supplied. Perhaps you meant https://amazon.com/Hybrid-Cancelling-Bluetooth-Headphones-Wireless/dp/B0H9S69XJC/ref=sr_1_1?crid=2YJI0WM7UZ5M8&dib=eyJ2IjoiMSJ9.X378MR5IlMV7geYkCPyovjUljdjs5Q66CvNzrzMr3YM9Cq6MFJewWhGuxskUY_GgJKiQzb-pHeJOE2dnXldArv7MKlPKKajFb7wxmPaJwmC9MAaEIu8lyY4kWCy9QZ3H9NEzBete_WYAl3CW5EQvXzVKyToscIGxwTPUZQ0nEsuivMhdZLQZ7SrZ8qB63vuttfhsSK2yO3N5AConCpEEKiMCy7LMCtLfHHgV8NL2iyA.4u3Tl4m1He6pfNHvJF321vz8LzW1k7mIUGbYsCpDKyw&dib_tag=se&keywords=headphones&qid=1788218985&sprefix=headphone%2Caps%2C406&sr=8-1?
2026-09-01 04:31:37 | WARNING  | scraper.http_client | Request failed for amazon.com/Hybrid-Cancelling-Bluetooth-Headphones-Wireless/dp/B0H9S69XJC/ref=sr_1_1?crid=2YJI0WM7UZ5M8&dib=eyJ2IjoiMSJ9.X378MR5IlMV7geYkCPyovjUljdjs5Q66CvNzrzMr3YM9Cq6MFJewWhGuxskUY_GgJKiQzb-pHeJOE2dnXldArv7MKlPKKajFb7wxmPaJwmC9MAaEIu8lyY4kWCy9QZ3H9NEzBete_WYAl3CW5EQvXzVKyToscIGxwTPUZQ0nEsuivMhdZLQZ7SrZ8qB63vuttfhsSK2yO3N5AConCpEEKiMCy7LMCtLfHHgV8NL2iyA.4u3Tl4m1He6pfNHvJF321vz8LzW1k7mIUGbYsCpDKyw&dib_tag=se&keywords=headphones&qid=1788218985&sprefix=headphone%2Caps%2C406&sr=8-1: Invalid URL 'amazon.com/Hybrid-Cancelling-Bluetooth-Headphones-Wireless/dp/B0H9S69XJC/ref=sr_1_1?crid=2YJI0WM7UZ5M8&dib=eyJ2IjoiMSJ9.X378MR5IlMV7geYkCPyovjUljdjs5Q66CvNzrzMr3YM9Cq6MFJewWhGuxskUY_GgJKiQzb-pHeJOE2dnXldArv7MKlPKKajFb7wxmPaJwmC9MAaEIu8lyY4kWCy9QZ3H9NEzBete_WYAl3CW5EQvXzVKyToscIGxwTPUZQ0nEsuivMhdZLQZ7SrZ8qB63vuttfhsSK2yO3N5AConCpEEKiMCy7LMCtLfHHgV8NL2iyA.4u3Tl4m1He6pfNHvJF321vz8LzW1k7mIUGbYsCpDKyw&dib_tag=se&keywords=headphones&qid=1788218985&sprefix=headphone%2Caps%2C406&sr=8-1': No scheme supplied. Perhaps you meant https://amazon.com/Hybrid-Cancelling-Bluetooth-Headphones-Wireless/dp/B0H9S69XJC/ref=sr_1_1?crid=2YJI0WM7UZ5M8&dib=eyJ2IjoiMSJ9.X378MR5IlMV7geYkCPyovjUljdjs5Q66CvNzrzMr3YM9Cq6MFJewWhGuxskUY_GgJKiQzb-pHeJOE2dnXldArv7MKlPKKajFb7wxmPaJwmC9MAaEIu8lyY4kWCy9QZ3H9NEzBete_WYAl3CW5EQvXzVKyToscIGxwTPUZQ0nEsuivMhdZLQZ7SrZ8qB63vuttfhsSK2yO3N5AConCpEEKiMCy7LMCtLfHHgV8NL2iyA.4u3Tl4m1He6pfNHvJF321vz8LzW1k7mIUGbYsCpDKyw&dib_tag=se&keywords=headphones&qid=1788218985&sprefix=headphone%2Caps%2C406&sr=8-1?
2026-09-01 04:31:37 | INFO     | scraper.cleaner | Cleaned 0 products -> 0 after deduplication
2026-09-01 04:31:37 | INFO     | scraper.cleaner | Cleaned 0 products -> 0 after deduplication
2026-09-01 04:31:37 | INFO     | scraper.cleaner | Cleaned 0 products -> 0 after deduplication
2026-09-01 04:31:37 | INFO     | scraper.cleaner | Cleaned 0 products -> 0 after deduplication
2026-09-01 04:31:37 | INFO     | scraper.validator | Validated 0 products -> 0 valid
2026-09-01 04:31:37 | INFO     | scraper.validator | Validated 0 products -> 0 valid
2026-09-01 04:31:37 | INFO     | scraper.validator | Validated 0 products -> 0 valid
2026-09-01 04:31:37 | INFO     | scraper.validator | Validated 0 products -> 0 valid
2026-09-01 04:31:37 | INFO     | scraper.storage | Saved CSV: output\products.csv
2026-09-01 04:31:37 | INFO     | scraper.storage | Saved CSV: output\products.csv
2026-09-01 04:31:37 | INFO     | scraper.storage | Saved CSV: output\products.csv
2026-09-01 04:31:37 | INFO     | scraper.storage | Saved CSV: output\products.csv
2026-09-01 04:31:37 | INFO     | scraper.storage | Saved Excel: output\products.xlsx
2026-09-01 04:31:37 | INFO     | scraper.storage | Saved Excel: output\products.xlsx
2026-09-01 04:31:37 | INFO     | scraper.storage | Saved Excel: output\products.xlsx
2026-09-01 04:31:37 | INFO     | scraper.storage | Saved Excel: output\products.xlsx
2026-09-01 04:31:37 | INFO     | scraper.analysis | Analysis complete: 0 products
2026-09-01 04:31:37 | INFO     | scraper.analysis | Analysis complete: 0 products
2026-09-01 04:31:37 | INFO     | scraper.analysis | Analysis complete: 0 products
2026-09-01 04:31:37 | INFO     | scraper.analysis | Analysis complete: 0 products
2026-09-01 04:32:29 | INFO     | scraper.http_client | GET https://www.amazon.com/robots.txt
2026-09-01 04:32:30 | INFO     | scraper.pipeline | Scraping 1 unique product URLs
2026-09-01 04:32:30 | INFO     | scraper.http_client | GET https://www.amazon.com/dp/B09V5K6FRG
2026-09-01 04:32:31 | WARNING  | scraper.http_client | Request failed for https://www.amazon.com/dp/B09V5K6FRG: 404 Client Error: Not Found for url: https://www.amazon.com/dp/B09V5K6FRG
2026-09-01 04:32:31 | INFO     | scraper.cleaner | Cleaned 0 products -> 0 after deduplication
2026-09-01 04:32:31 | INFO     | scraper.validator | Validated 0 products -> 0 valid
2026-09-01 04:36:21 | INFO     | scraper.http_client | GET /robots.txt
2026-09-01 04:36:21 | INFO     | scraper.http_client | GET /robots.txt
2026-09-01 04:36:21 | INFO     | scraper.http_client | GET /robots.txt
2026-09-01 04:36:21 | INFO     | scraper.http_client | GET /robots.txt
2026-09-01 04:36:21 | INFO     | scraper.http_client | GET /robots.txt
2026-09-01 04:36:21 | WARNING  | scraper.http_client | Request failed for /robots.txt: Invalid URL '/robots.txt': No scheme supplied. Perhaps you meant https:///robots.txt?
2026-09-01 04:36:21 | WARNING  | scraper.http_client | Request failed for /robots.txt: Invalid URL '/robots.txt': No scheme supplied. Perhaps you meant https:///robots.txt?
2026-09-01 04:36:21 | WARNING  | scraper.http_client | Request failed for /robots.txt: Invalid URL '/robots.txt': No scheme supplied. Perhaps you meant https:///robots.txt?
2026-09-01 04:36:21 | WARNING  | scraper.http_client | Request failed for /robots.txt: Invalid URL '/robots.txt': No scheme supplied. Perhaps you meant https:///robots.txt?
2026-09-01 04:36:21 | WARNING  | scraper.http_client | Request failed for /robots.txt: Invalid URL '/robots.txt': No scheme supplied. Perhaps you meant https:///robots.txt?
2026-09-01 04:36:21 | INFO     | scraper.pipeline | Scraping 1 unique product URLs
2026-09-01 04:36:21 | INFO     | scraper.pipeline | Scraping 1 unique product URLs
2026-09-01 04:36:21 | INFO     | scraper.pipeline | Scraping 1 unique product URLs
2026-09-01 04:36:21 | INFO     | scraper.pipeline | Scraping 1 unique product URLs
2026-09-01 04:36:21 | INFO     | scraper.pipeline | Scraping 1 unique product URLs
2026-09-01 04:36:22 | INFO     | scraper.http_client | GET amazon.com/Hybrid-Cancelling-Bluetooth-Headphones-Wireless/dp/B0H9S69XJC/ref=sr_1_1?crid=2YJI0WM7UZ5M8&dib=eyJ2IjoiMSJ9.X378MR5IlMV7geYkCPyovjUljdjs5Q66CvNzrzMr3YM9Cq6MFJewWhGuxskUY_GgJKiQzb-pHeJOE2dnXldArv7MKlPKKajFb7wxmPaJwmC9MAaEIu8lyY4kWCy9QZ3H9NEzBete_WYAl3CW5EQvXzVKyToscIGxwTPUZQ0nEsuivMhdZLQZ7SrZ8qB63vuttfhsSK2yO3N5AConCpEEKiMCy7LMCtLfHHgV8NL2iyA.4u3Tl4m1He6pfNHvJF321vz8LzW1k7mIUGbYsCpDKyw&dib_tag=se&keywords=headphones&qid=1788218985&sprefix=headphone%2Caps%2C406&sr=8-1
2026-09-01 04:36:22 | INFO     | scraper.http_client | GET amazon.com/Hybrid-Cancelling-Bluetooth-Headphones-Wireless/dp/B0H9S69XJC/ref=sr_1_1?crid=2YJI0WM7UZ5M8&dib=eyJ2IjoiMSJ9.X378MR5IlMV7geYkCPyovjUljdjs5Q66CvNzrzMr3YM9Cq6MFJewWhGuxskUY_GgJKiQzb-pHeJOE2dnXldArv7MKlPKKajFb7wxmPaJwmC9MAaEIu8lyY4kWCy9QZ3H9NEzBete_WYAl3CW5EQvXzVKyToscIGxwTPUZQ0nEsuivMhdZLQZ7SrZ8qB63vuttfhsSK2yO3N5AConCpEEKiMCy7LMCtLfHHgV8NL2iyA.4u3Tl4m1He6pfNHvJF321vz8LzW1k7mIUGbYsCpDKyw&dib_tag=se&keywords=headphones&qid=1788218985&sprefix=headphone%2Caps%2C406&sr=8-1
2026-09-01 04:36:22 | INFO     | scraper.http_client | GET amazon.com/Hybrid-Cancelling-Bluetooth-Headphones-Wireless/dp/B0H9S69XJC/ref=sr_1_1?crid=2YJI0WM7UZ5M8&dib=eyJ2IjoiMSJ9.X378MR5IlMV7geYkCPyovjUljdjs5Q66CvNzrzMr3YM9Cq6MFJewWhGuxskUY_GgJKiQzb-pHeJOE2dnXldArv7MKlPKKajFb7wxmPaJwmC9MAaEIu8lyY4kWCy9QZ3H9NEzBete_WYAl3CW5EQvXzVKyToscIGxwTPUZQ0nEsuivMhdZLQZ7SrZ8qB63vuttfhsSK2yO3N5AConCpEEKiMCy7LMCtLfHHgV8NL2iyA.4u3Tl4m1He6pfNHvJF321vz8LzW1k7mIUGbYsCpDKyw&dib_tag=se&keywords=headphones&qid=1788218985&sprefix=headphone%2Caps%2C406&sr=8-1
2026-09-01 04:36:22 | INFO     | scraper.http_client | GET amazon.com/Hybrid-Cancelling-Bluetooth-Headphones-Wireless/dp/B0H9S69XJC/ref=sr_1_1?crid=2YJI0WM7UZ5M8&dib=eyJ2IjoiMSJ9.X378MR5IlMV7geYkCPyovjUljdjs5Q66CvNzrzMr3YM9Cq6MFJewWhGuxskUY_GgJKiQzb-pHeJOE2dnXldArv7MKlPKKajFb7wxmPaJwmC9MAaEIu8lyY4kWCy9QZ3H9NEzBete_WYAl3CW5EQvXzVKyToscIGxwTPUZQ0nEsuivMhdZLQZ7SrZ8qB63vuttfhsSK2yO3N5AConCpEEKiMCy7LMCtLfHHgV8NL2iyA.4u3Tl4m1He6pfNHvJF321vz8LzW1k7mIUGbYsCpDKyw&dib_tag=se&keywords=headphones&qid=1788218985&sprefix=headphone%2Caps%2C406&sr=8-1
2026-09-01 04:36:22 | INFO     | scraper.http_client | GET amazon.com/Hybrid-Cancelling-Bluetooth-Headphones-Wireless/dp/B0H9S69XJC/ref=sr_1_1?crid=2YJI0WM7UZ5M8&dib=eyJ2IjoiMSJ9.X378MR5IlMV7geYkCPyovjUljdjs5Q66CvNzrzMr3YM9Cq6MFJewWhGuxskUY_GgJKiQzb-pHeJOE2dnXldArv7MKlPKKajFb7wxmPaJwmC9MAaEIu8lyY4kWCy9QZ3H9NEzBete_WYAl3CW5EQvXzVKyToscIGxwTPUZQ0nEsuivMhdZLQZ7SrZ8qB63vuttfhsSK2yO3N5AConCpEEKiMCy7LMCtLfHHgV8NL2iyA.4u3Tl4m1He6pfNHvJF321vz8LzW1k7mIUGbYsCpDKyw&dib_tag=se&keywords=headphones&qid=1788218985&sprefix=headphone%2Caps%2C406&sr=8-1
2026-09-01 04:36:22 | WARNING  | scraper.http_client | Request failed for amazon.com/Hybrid-Cancelling-Bluetooth-Headphones-Wireless/dp/B0H9S69XJC/ref=sr_1_1?crid=2YJI0WM7UZ5M8&dib=eyJ2IjoiMSJ9.X378MR5IlMV7geYkCPyovjUljdjs5Q66CvNzrzMr3YM9Cq6MFJewWhGuxskUY_GgJKiQzb-pHeJOE2dnXldArv7MKlPKKajFb7wxmPaJwmC9MAaEIu8lyY4kWCy9QZ3H9NEzBete_WYAl3CW5EQvXzVKyToscIGxwTPUZQ0nEsuivMhdZLQZ7SrZ8qB63vuttfhsSK2yO3N5AConCpEEKiMCy7LMCtLfHHgV8NL2iyA.4u3Tl4m1He6pfNHvJF321vz8LzW1k7mIUGbYsCpDKyw&dib_tag=se&keywords=headphones&qid=1788218985&sprefix=headphone%2Caps%2C406&sr=8-1: Invalid URL 'amazon.com/Hybrid-Cancelling-Bluetooth-Headphones-Wireless/dp/B0H9S69XJC/ref=sr_1_1?crid=2YJI0WM7UZ5M8&dib=eyJ2IjoiMSJ9.X378MR5IlMV7geYkCPyovjUljdjs5Q66CvNzrzMr3YM9Cq6MFJewWhGuxskUY_GgJKiQzb-pHeJOE2dnXldArv7MKlPKKajFb7wxmPaJwmC9MAaEIu8lyY4kWCy9QZ3H9NEzBete_WYAl3CW5EQvXzVKyToscIGxwTPUZQ0nEsuivMhdZLQZ7SrZ8qB63vuttfhsSK2yO3N5AConCpEEKiMCy7LMCtLfHHgV8NL2iyA.4u3Tl4m1He6pfNHvJF321vz8LzW1k7mIUGbYsCpDKyw&dib_tag=se&keywords=headphones&qid=1788218985&sprefix=headphone%2Caps%2C406&sr=8-1': No scheme supplied. Perhaps you meant https://amazon.com/Hybrid-Cancelling-Bluetooth-Headphones-Wireless/dp/B0H9S69XJC/ref=sr_1_1?crid=2YJI0WM7UZ5M8&dib=eyJ2IjoiMSJ9.X378MR5IlMV7geYkCPyovjUljdjs5Q66CvNzrzMr3YM9Cq6MFJewWhGuxskUY_GgJKiQzb-pHeJOE2dnXldArv7MKlPKKajFb7wxmPaJwmC9MAaEIu8lyY4kWCy9QZ3H9NEzBete_WYAl3CW5EQvXzVKyToscIGxwTPUZQ0nEsuivMhdZLQZ7SrZ8qB63vuttfhsSK2yO3N5AConCpEEKiMCy7LMCtLfHHgV8NL2iyA.4u3Tl4m1He6pfNHvJF321vz8LzW1k7mIUGbYsCpDKyw&dib_tag=se&keywords=headphones&qid=1788218985&sprefix=headphone%2Caps%2C406&sr=8-1?
2026-09-01 04:36:22 | WARNING  | scraper.http_client | Request failed for amazon.com/Hybrid-Cancelling-Bluetooth-Headphones-Wireless/dp/B0H9S69XJC/ref=sr_1_1?crid=2YJI0WM7UZ5M8&dib=eyJ2IjoiMSJ9.X378MR5IlMV7geYkCPyovjUljdjs5Q66CvNzrzMr3YM9Cq6MFJewWhGuxskUY_GgJKiQzb-pHeJOE2dnXldArv7MKlPKKajFb7wxmPaJwmC9MAaEIu8lyY4kWCy9QZ3H9NEzBete_WYAl3CW5EQvXzVKyToscIGxwTPUZQ0nEsuivMhdZLQZ7SrZ8qB63vuttfhsSK2yO3N5AConCpEEKiMCy7LMCtLfHHgV8NL2iyA.4u3Tl4m1He6pfNHvJF321vz8LzW1k7mIUGbYsCpDKyw&dib_tag=se&keywords=headphones&qid=1788218985&sprefix=headphone%2Caps%2C406&sr=8-1: Invalid URL 'amazon.com/Hybrid-Cancelling-Bluetooth-Headphones-Wireless/dp/B0H9S69XJC/ref=sr_1_1?crid=2YJI0WM7UZ5M8&dib=eyJ2IjoiMSJ9.X378MR5IlMV7geYkCPyovjUljdjs5Q66CvNzrzMr3YM9Cq6MFJewWhGuxskUY_GgJKiQzb-pHeJOE2dnXldArv7MKlPKKajFb7wxmPaJwmC9MAaEIu8lyY4kWCy9QZ3H9NEzBete_WYAl3CW5EQvXzVKyToscIGxwTPUZQ0nEsuivMhdZLQZ7SrZ8qB63vuttfhsSK2yO3N5AConCpEEKiMCy7LMCtLfHHgV8NL2iyA.4u3Tl4m1He6pfNHvJF321vz8LzW1k7mIUGbYsCpDKyw&dib_tag=se&keywords=headphones&qid=1788218985&sprefix=headphone%2Caps%2C406&sr=8-1': No scheme supplied. Perhaps you meant https://amazon.com/Hybrid-Cancelling-Bluetooth-Headphones-Wireless/dp/B0H9S69XJC/ref=sr_1_1?crid=2YJI0WM7UZ5M8&dib=eyJ2IjoiMSJ9.X378MR5IlMV7geYkCPyovjUljdjs5Q66CvNzrzMr3YM9Cq6MFJewWhGuxskUY_GgJKiQzb-pHeJOE2dnXldArv7MKlPKKajFb7wxmPaJwmC9MAaEIu8lyY4kWCy9QZ3H9NEzBete_WYAl3CW5EQvXzVKyToscIGxwTPUZQ0nEsuivMhdZLQZ7SrZ8qB63vuttfhsSK2yO3N5AConCpEEKiMCy7LMCtLfHHgV8NL2iyA.4u3Tl4m1He6pfNHvJF321vz8LzW1k7mIUGbYsCpDKyw&dib_tag=se&keywords=headphones&qid=1788218985&sprefix=headphone%2Caps%2C406&sr=8-1?
2026-09-01 04:36:22 | WARNING  | scraper.http_client | Request failed for amazon.com/Hybrid-Cancelling-Bluetooth-Headphones-Wireless/dp/B0H9S69XJC/ref=sr_1_1?crid=2YJI0WM7UZ5M8&dib=eyJ2IjoiMSJ9.X378MR5IlMV7geYkCPyovjUljdjs5Q66CvNzrzMr3YM9Cq6MFJewWhGuxskUY_GgJKiQzb-pHeJOE2dnXldArv7MKlPKKajFb7wxmPaJwmC9MAaEIu8lyY4kWCy9QZ3H9NEzBete_WYAl3CW5EQvXzVKyToscIGxwTPUZQ0nEsuivMhdZLQZ7SrZ8qB63vuttfhsSK2yO3N5AConCpEEKiMCy7LMCtLfHHgV8NL2iyA.4u3Tl4m1He6pfNHvJF321vz8LzW1k7mIUGbYsCpDKyw&dib_tag=se&keywords=headphones&qid=1788218985&sprefix=headphone%2Caps%2C406&sr=8-1: Invalid URL 'amazon.com/Hybrid-Cancelling-Bluetooth-Headphones-Wireless/dp/B0H9S69XJC/ref=sr_1_1?crid=2YJI0WM7UZ5M8&dib=eyJ2IjoiMSJ9.X378MR5IlMV7geYkCPyovjUljdjs5Q66CvNzrzMr3YM9Cq6MFJewWhGuxskUY_GgJKiQzb-pHeJOE2dnXldArv7MKlPKKajFb7wxmPaJwmC9MAaEIu8lyY4kWCy9QZ3H9NEzBete_WYAl3CW5EQvXzVKyToscIGxwTPUZQ0nEsuivMhdZLQZ7SrZ8qB63vuttfhsSK2yO3N5AConCpEEKiMCy7LMCtLfHHgV8NL2iyA.4u3Tl4m1He6pfNHvJF321vz8LzW1k7mIUGbYsCpDKyw&dib_tag=se&keywords=headphones&qid=1788218985&sprefix=headphone%2Caps%2C406&sr=8-1': No scheme supplied. Perhaps you meant https://amazon.com/Hybrid-Cancelling-Bluetooth-Headphones-Wireless/dp/B0H9S69XJC/ref=sr_1_1?crid=2YJI0WM7UZ5M8&dib=eyJ2IjoiMSJ9.X378MR5IlMV7geYkCPyovjUljdjs5Q66CvNzrzMr3YM9Cq6MFJewWhGuxskUY_GgJKiQzb-pHeJOE2dnXldArv7MKlPKKajFb7wxmPaJwmC9MAaEIu8lyY4kWCy9QZ3H9NEzBete_WYAl3CW5EQvXzVKyToscIGxwTPUZQ0nEsuivMhdZLQZ7SrZ8qB63vuttfhsSK2yO3N5AConCpEEKiMCy7LMCtLfHHgV8NL2iyA.4u3Tl4m1He6pfNHvJF321vz8LzW1k7mIUGbYsCpDKyw&dib_tag=se&keywords=headphones&qid=1788218985&sprefix=headphone%2Caps%2C406&sr=8-1?
2026-09-01 04:36:22 | WARNING  | scraper.http_client | Request failed for amazon.com/Hybrid-Cancelling-Bluetooth-Headphones-Wireless/dp/B0H9S69XJC/ref=sr_1_1?crid=2YJI0WM7UZ5M8&dib=eyJ2IjoiMSJ9.X378MR5IlMV7geYkCPyovjUljdjs5Q66CvNzrzMr3YM9Cq6MFJewWhGuxskUY_GgJKiQzb-pHeJOE2dnXldArv7MKlPKKajFb7wxmPaJwmC9MAaEIu8lyY4kWCy9QZ3H9NEzBete_WYAl3CW5EQvXzVKyToscIGxwTPUZQ0nEsuivMhdZLQZ7SrZ8qB63vuttfhsSK2yO3N5AConCpEEKiMCy7LMCtLfHHgV8NL2iyA.4u3Tl4m1He6pfNHvJF321vz8LzW1k7mIUGbYsCpDKyw&dib_tag=se&keywords=headphones&qid=1788218985&sprefix=headphone%2Caps%2C406&sr=8-1: Invalid URL 'amazon.com/Hybrid-Cancelling-Bluetooth-Headphones-Wireless/dp/B0H9S69XJC/ref=sr_1_1?crid=2YJI0WM7UZ5M8&dib=eyJ2IjoiMSJ9.X378MR5IlMV7geYkCPyovjUljdjs5Q66CvNzrzMr3YM9Cq6MFJewWhGuxskUY_GgJKiQzb-pHeJOE2dnXldArv7MKlPKKajFb7wxmPaJwmC9MAaEIu8lyY4kWCy9QZ3H9NEzBete_WYAl3CW5EQvXzVKyToscIGxwTPUZQ0nEsuivMhdZLQZ7SrZ8qB63vuttfhsSK2yO3N5AConCpEEKiMCy7LMCtLfHHgV8NL2iyA.4u3Tl4m1He6pfNHvJF321vz8LzW1k7mIUGbYsCpDKyw&dib_tag=se&keywords=headphones&qid=1788218985&sprefix=headphone%2Caps%2C406&sr=8-1': No scheme supplied. Perhaps you meant https://amazon.com/Hybrid-Cancelling-Bluetooth-Headphones-Wireless/dp/B0H9S69XJC/ref=sr_1_1?crid=2YJI0WM7UZ5M8&dib=eyJ2IjoiMSJ9.X378MR5IlMV7geYkCPyovjUljdjs5Q66CvNzrzMr3YM9Cq6MFJewWhGuxskUY_GgJKiQzb-pHeJOE2dnXldArv7MKlPKKajFb7wxmPaJwmC9MAaEIu8lyY4kWCy9QZ3H9NEzBete_WYAl3CW5EQvXzVKyToscIGxwTPUZQ0nEsuivMhdZLQZ7SrZ8qB63vuttfhsSK2yO3N5AConCpEEKiMCy7LMCtLfHHgV8NL2iyA.4u3Tl4m1He6pfNHvJF321vz8LzW1k7mIUGbYsCpDKyw&dib_tag=se&keywords=headphones&qid=1788218985&sprefix=headphone%2Caps%2C406&sr=8-1?
2026-09-01 04:36:22 | WARNING  | scraper.http_client | Request failed for amazon.com/Hybrid-Cancelling-Bluetooth-Headphones-Wireless/dp/B0H9S69XJC/ref=sr_1_1?crid=2YJI0WM7UZ5M8&dib=eyJ2IjoiMSJ9.X378MR5IlMV7geYkCPyovjUljdjs5Q66CvNzrzMr3YM9Cq6MFJewWhGuxskUY_GgJKiQzb-pHeJOE2dnXldArv7MKlPKKajFb7wxmPaJwmC9MAaEIu8lyY4kWCy9QZ3H9NEzBete_WYAl3CW5EQvXzVKyToscIGxwTPUZQ0nEsuivMhdZLQZ7SrZ8qB63vuttfhsSK2yO3N5AConCpEEKiMCy7LMCtLfHHgV8NL2iyA.4u3Tl4m1He6pfNHvJF321vz8LzW1k7mIUGbYsCpDKyw&dib_tag=se&keywords=headphones&qid=1788218985&sprefix=headphone%2Caps%2C406&sr=8-1: Invalid URL 'amazon.com/Hybrid-Cancelling-Bluetooth-Headphones-Wireless/dp/B0H9S69XJC/ref=sr_1_1?crid=2YJI0WM7UZ5M8&dib=eyJ2IjoiMSJ9.X378MR5IlMV7geYkCPyovjUljdjs5Q66CvNzrzMr3YM9Cq6MFJewWhGuxskUY_GgJKiQzb-pHeJOE2dnXldArv7MKlPKKajFb7wxmPaJwmC9MAaEIu8lyY4kWCy9QZ3H9NEzBete_WYAl3CW5EQvXzVKyToscIGxwTPUZQ0nEsuivMhdZLQZ7SrZ8qB63vuttfhsSK2yO3N5AConCpEEKiMCy7LMCtLfHHgV8NL2iyA.4u3Tl4m1He6pfNHvJF321vz8LzW1k7mIUGbYsCpDKyw&dib_tag=se&keywords=headphones&qid=1788218985&sprefix=headphone%2Caps%2C406&sr=8-1': No scheme supplied. Perhaps you meant https://amazon.com/Hybrid-Cancelling-Bluetooth-Headphones-Wireless/dp/B0H9S69XJC/ref=sr_1_1?crid=2YJI0WM7UZ5M8&dib=eyJ2IjoiMSJ9.X378MR5IlMV7geYkCPyovjUljdjs5Q66CvNzrzMr3YM9Cq6MFJewWhGuxskUY_GgJKiQzb-pHeJOE2dnXldArv7MKlPKKajFb7wxmPaJwmC9MAaEIu8lyY4kWCy9QZ3H9NEzBete_WYAl3CW5EQvXzVKyToscIGxwTPUZQ0nEsuivMhdZLQZ7SrZ8qB63vuttfhsSK2yO3N5AConCpEEKiMCy7LMCtLfHHgV8NL2iyA.4u3Tl4m1He6pfNHvJF321vz8LzW1k7mIUGbYsCpDKyw&dib_tag=se&keywords=headphones&qid=1788218985&sprefix=headphone%2Caps%2C406&sr=8-1?
2026-09-01 04:36:22 | INFO     | scraper.cleaner | Cleaned 0 products -> 0 after deduplication
2026-09-01 04:36:22 | INFO     | scraper.cleaner | Cleaned 0 products -> 0 after deduplication
2026-09-01 04:36:22 | INFO     | scraper.cleaner | Cleaned 0 products -> 0 after deduplication
2026-09-01 04:36:22 | INFO     | scraper.cleaner | Cleaned 0 products -> 0 after deduplication
2026-09-01 04:36:22 | INFO     | scraper.cleaner | Cleaned 0 products -> 0 after deduplication
2026-09-01 04:36:22 | INFO     | scraper.validator | Validated 0 products -> 0 valid
2026-09-01 04:36:22 | INFO     | scraper.validator | Validated 0 products -> 0 valid
2026-09-01 04:36:22 | INFO     | scraper.validator | Validated 0 products -> 0 valid
2026-09-01 04:36:22 | INFO     | scraper.validator | Validated 0 products -> 0 valid
2026-09-01 04:36:22 | INFO     | scraper.validator | Validated 0 products -> 0 valid
2026-09-01 04:36:23 | INFO     | scraper.storage | Saved CSV: output\products.csv
2026-09-01 04:36:23 | INFO     | scraper.storage | Saved CSV: output\products.csv
2026-09-01 04:36:23 | INFO     | scraper.storage | Saved CSV: output\products.csv
2026-09-01 04:36:23 | INFO     | scraper.storage | Saved CSV: output\products.csv
2026-09-01 04:36:23 | INFO     | scraper.storage | Saved CSV: output\products.csv
2026-09-01 04:36:24 | INFO     | scraper.storage | Saved Excel: output\products.xlsx
2026-09-01 04:36:24 | INFO     | scraper.storage | Saved Excel: output\products.xlsx
2026-09-01 04:36:24 | INFO     | scraper.storage | Saved Excel: output\products.xlsx
2026-09-01 04:36:24 | INFO     | scraper.storage | Saved Excel: output\products.xlsx
2026-09-01 04:36:24 | INFO     | scraper.storage | Saved Excel: output\products.xlsx
2026-09-01 04:36:24 | INFO     | scraper.analysis | Analysis complete: 0 products
2026-09-01 04:36:24 | INFO     | scraper.analysis | Analysis complete: 0 products
2026-09-01 04:36:24 | INFO     | scraper.analysis | Analysis complete: 0 products
2026-09-01 04:36:24 | INFO     | scraper.analysis | Analysis complete: 0 products
2026-09-01 04:36:24 | INFO     | scraper.analysis | Analysis complete: 0 products
2026-09-01 04:36:47 | INFO     | scraper.http_client | GET https://www.amazon.com/robots.txt
2026-09-01 04:36:47 | INFO     | scraper.http_client | GET https://www.amazon.com/robots.txt
2026-09-01 04:36:47 | INFO     | scraper.http_client | GET https://www.amazon.com/robots.txt
2026-09-01 04:36:47 | INFO     | scraper.http_client | GET https://www.amazon.com/robots.txt
2026-09-01 04:36:47 | INFO     | scraper.http_client | GET https://www.amazon.com/robots.txt
2026-09-01 04:36:48 | INFO     | scraper.pipeline | Scraping 1 unique product URLs
2026-09-01 04:36:48 | INFO     | scraper.pipeline | Scraping 1 unique product URLs
2026-09-01 04:36:48 | INFO     | scraper.pipeline | Scraping 1 unique product URLs
2026-09-01 04:36:48 | INFO     | scraper.pipeline | Scraping 1 unique product URLs
2026-09-01 04:36:48 | INFO     | scraper.pipeline | Scraping 1 unique product URLs
2026-09-01 04:36:48 | INFO     | scraper.http_client | GET https://www.amazon.com/Katana-15-6-165Hz-Gaming-Laptop/dp/B0DZFVBQLK/ref=sxin_18_pa_sp_search_thematic-asin_sspa?_encoding=UTF8&content-id=amzn1.sym.cd45b5ce-db68-4eca-8011-1781327073d7%3Aamzn1.sym.cd45b5ce-db68-4eca-8011-1781327073d7&cv_ct_cx=gaming&keywords=gaming&pd_rd_i=B0DZFVBQLK&pd_rd_r=add79609-71e5-4b71-9319-646f85f900eb&pd_rd_w=kmHOS&pd_rd_wg=NOCTP&pf_rd_p=cd45b5ce-db68-4eca-8011-1781327073d7&pf_rd_r=4B3TCCX8GWKEZTZX8QYH&qid=1788217338&sbo=RZvfv%2F%2FHxDF%2BO5021pAnSA%3D%3D&sr=1-2-925d4041-2745-4edd-b995-62e9e595df4e-spons&aref=naRi4rAZNG&sp_csd=d2lkZ2V0TmFtZT1zcF9zZWFyY2hfdGhlbWF0aWM&th=1
2026-09-01 04:36:48 | INFO     | scraper.http_client | GET https://www.amazon.com/Katana-15-6-165Hz-Gaming-Laptop/dp/B0DZFVBQLK/ref=sxin_18_pa_sp_search_thematic-asin_sspa?_encoding=UTF8&content-id=amzn1.sym.cd45b5ce-db68-4eca-8011-1781327073d7%3Aamzn1.sym.cd45b5ce-db68-4eca-8011-1781327073d7&cv_ct_cx=gaming&keywords=gaming&pd_rd_i=B0DZFVBQLK&pd_rd_r=add79609-71e5-4b71-9319-646f85f900eb&pd_rd_w=kmHOS&pd_rd_wg=NOCTP&pf_rd_p=cd45b5ce-db68-4eca-8011-1781327073d7&pf_rd_r=4B3TCCX8GWKEZTZX8QYH&qid=1788217338&sbo=RZvfv%2F%2FHxDF%2BO5021pAnSA%3D%3D&sr=1-2-925d4041-2745-4edd-b995-62e9e595df4e-spons&aref=naRi4rAZNG&sp_csd=d2lkZ2V0TmFtZT1zcF9zZWFyY2hfdGhlbWF0aWM&th=1
2026-09-01 04:36:48 | INFO     | scraper.http_client | GET https://www.amazon.com/Katana-15-6-165Hz-Gaming-Laptop/dp/B0DZFVBQLK/ref=sxin_18_pa_sp_search_thematic-asin_sspa?_encoding=UTF8&content-id=amzn1.sym.cd45b5ce-db68-4eca-8011-1781327073d7%3Aamzn1.sym.cd45b5ce-db68-4eca-8011-1781327073d7&cv_ct_cx=gaming&keywords=gaming&pd_rd_i=B0DZFVBQLK&pd_rd_r=add79609-71e5-4b71-9319-646f85f900eb&pd_rd_w=kmHOS&pd_rd_wg=NOCTP&pf_rd_p=cd45b5ce-db68-4eca-8011-1781327073d7&pf_rd_r=4B3TCCX8GWKEZTZX8QYH&qid=1788217338&sbo=RZvfv%2F%2FHxDF%2BO5021pAnSA%3D%3D&sr=1-2-925d4041-2745-4edd-b995-62e9e595df4e-spons&aref=naRi4rAZNG&sp_csd=d2lkZ2V0TmFtZT1zcF9zZWFyY2hfdGhlbWF0aWM&th=1
2026-09-01 04:36:48 | INFO     | scraper.http_client | GET https://www.amazon.com/Katana-15-6-165Hz-Gaming-Laptop/dp/B0DZFVBQLK/ref=sxin_18_pa_sp_search_thematic-asin_sspa?_encoding=UTF8&content-id=amzn1.sym.cd45b5ce-db68-4eca-8011-1781327073d7%3Aamzn1.sym.cd45b5ce-db68-4eca-8011-1781327073d7&cv_ct_cx=gaming&keywords=gaming&pd_rd_i=B0DZFVBQLK&pd_rd_r=add79609-71e5-4b71-9319-646f85f900eb&pd_rd_w=kmHOS&pd_rd_wg=NOCTP&pf_rd_p=cd45b5ce-db68-4eca-8011-1781327073d7&pf_rd_r=4B3TCCX8GWKEZTZX8QYH&qid=1788217338&sbo=RZvfv%2F%2FHxDF%2BO5021pAnSA%3D%3D&sr=1-2-925d4041-2745-4edd-b995-62e9e595df4e-spons&aref=naRi4rAZNG&sp_csd=d2lkZ2V0TmFtZT1zcF9zZWFyY2hfdGhlbWF0aWM&th=1
2026-09-01 04:36:48 | INFO     | scraper.http_client | GET https://www.amazon.com/Katana-15-6-165Hz-Gaming-Laptop/dp/B0DZFVBQLK/ref=sxin_18_pa_sp_search_thematic-asin_sspa?_encoding=UTF8&content-id=amzn1.sym.cd45b5ce-db68-4eca-8011-1781327073d7%3Aamzn1.sym.cd45b5ce-db68-4eca-8011-1781327073d7&cv_ct_cx=gaming&keywords=gaming&pd_rd_i=B0DZFVBQLK&pd_rd_r=add79609-71e5-4b71-9319-646f85f900eb&pd_rd_w=kmHOS&pd_rd_wg=NOCTP&pf_rd_p=cd45b5ce-db68-4eca-8011-1781327073d7&pf_rd_r=4B3TCCX8GWKEZTZX8QYH&qid=1788217338&sbo=RZvfv%2F%2FHxDF%2BO5021pAnSA%3D%3D&sr=1-2-925d4041-2745-4edd-b995-62e9e595df4e-spons&aref=naRi4rAZNG&sp_csd=d2lkZ2V0TmFtZT1zcF9zZWFyY2hfdGhlbWF0aWM&th=1
2026-09-01 04:36:52 | INFO     | scraper.cleaner | Cleaned 1 products -> 1 after deduplication
2026-09-01 04:36:52 | INFO     | scraper.cleaner | Cleaned 1 products -> 1 after deduplication
2026-09-01 04:36:52 | INFO     | scraper.cleaner | Cleaned 1 products -> 1 after deduplication
2026-09-01 04:36:52 | INFO     | scraper.cleaner | Cleaned 1 products -> 1 after deduplication
2026-09-01 04:36:52 | INFO     | scraper.cleaner | Cleaned 1 products -> 1 after deduplication
2026-09-01 04:36:52 | INFO     | scraper.validator | Validated 1 products -> 1 valid
2026-09-01 04:36:52 | INFO     | scraper.validator | Validated 1 products -> 1 valid
2026-09-01 04:36:52 | INFO     | scraper.validator | Validated 1 products -> 1 valid
2026-09-01 04:36:52 | INFO     | scraper.validator | Validated 1 products -> 1 valid
2026-09-01 04:36:52 | INFO     | scraper.validator | Validated 1 products -> 1 valid
2026-09-01 04:36:52 | INFO     | scraper.storage | Saved CSV: output\products.csv
2026-09-01 04:36:52 | INFO     | scraper.storage | Saved CSV: output\products.csv
2026-09-01 04:36:52 | INFO     | scraper.storage | Saved CSV: output\products.csv
2026-09-01 04:36:52 | INFO     | scraper.storage | Saved CSV: output\products.csv
2026-09-01 04:36:52 | INFO     | scraper.storage | Saved CSV: output\products.csv
2026-09-01 04:36:53 | INFO     | scraper.storage | Saved Excel: output\products.xlsx
2026-09-01 04:36:53 | INFO     | scraper.storage | Saved Excel: output\products.xlsx
2026-09-01 04:36:53 | INFO     | scraper.storage | Saved Excel: output\products.xlsx
2026-09-01 04:36:53 | INFO     | scraper.storage | Saved Excel: output\products.xlsx
2026-09-01 04:36:53 | INFO     | scraper.storage | Saved Excel: output\products.xlsx
2026-09-01 04:36:53 | INFO     | scraper.analysis | Analysis complete: 1 products
2026-09-01 04:36:53 | INFO     | scraper.analysis | Analysis complete: 1 products
2026-09-01 04:36:53 | INFO     | scraper.analysis | Analysis complete: 1 products
2026-09-01 04:36:53 | INFO     | scraper.analysis | Analysis complete: 1 products
2026-09-01 04:36:53 | INFO     | scraper.analysis | Analysis complete: 1 products
2026-09-01 04:36:54 | INFO     | matplotlib.category | Using categorical units to plot a list of strings that are all parsable as floats or dates. If these strings should be plotted as numbers, cast to the appropriate data type before plotting.
2026-09-01 04:36:54 | INFO     | matplotlib.category | Using categorical units to plot a list of strings that are all parsable as floats or dates. If these strings should be plotted as numbers, cast to the appropriate data type before plotting.
2026-09-01 04:36:54 | INFO     | matplotlib.category | Using categorical units to plot a list of strings that are all parsable as floats or dates. If these strings should be plotted as numbers, cast to the appropriate data type before plotting.
2026-09-01 04:36:54 | INFO     | matplotlib.category | Using categorical units to plot a list of strings that are all parsable as floats or dates. If these strings should be plotted as numbers, cast to the appropriate data type before plotting.
2026-09-01 04:36:54 | INFO     | matplotlib.category | Using categorical units to plot a list of strings that are all parsable as floats or dates. If these strings should be plotted as numbers, cast to the appropriate data type before plotting.
2026-09-01 04:36:54 | INFO     | matplotlib.category | Using categorical units to plot a list of strings that are all parsable as floats or dates. If these strings should be plotted as numbers, cast to the appropriate data type before plotting.
2026-09-01 04:36:54 | INFO     | matplotlib.category | Using categorical units to plot a list of strings that are all parsable as floats or dates. If these strings should be plotted as numbers, cast to the appropriate data type before plotting.
2026-09-01 04:36:54 | INFO     | matplotlib.category | Using categorical units to plot a list of strings that are all parsable as floats or dates. If these strings should be plotted as numbers, cast to the appropriate data type before plotting.
2026-09-01 04:36:54 | INFO     | matplotlib.category | Using categorical units to plot a list of strings that are all parsable as floats or dates. If these strings should be plotted as numbers, cast to the appropriate data type before plotting.
2026-09-01 04:36:54 | INFO     | matplotlib.category | Using categorical units to plot a list of strings that are all parsable as floats or dates. If these strings should be plotted as numbers, cast to the appropriate data type before plotting.
2026-09-01 04:40:03 | INFO     | scraper.http_client | GET https://www.amazon.com/robots.txt
2026-09-01 04:40:03 | INFO     | scraper.http_client | GET https://www.amazon.com/robots.txt
2026-09-01 04:40:03 | INFO     | scraper.http_client | GET https://www.amazon.com/robots.txt
2026-09-01 04:40:03 | INFO     | scraper.http_client | GET https://www.amazon.com/robots.txt
2026-09-01 04:40:03 | INFO     | scraper.http_client | GET https://www.amazon.com/robots.txt
2026-09-01 04:40:06 | INFO     | scraper.pipeline | Scraping 1 unique product URLs
2026-09-01 04:40:06 | INFO     | scraper.pipeline | Scraping 1 unique product URLs
2026-09-01 04:40:06 | INFO     | scraper.pipeline | Scraping 1 unique product URLs
2026-09-01 04:40:06 | INFO     | scraper.pipeline | Scraping 1 unique product URLs
2026-09-01 04:40:06 | INFO     | scraper.pipeline | Scraping 1 unique product URLs
2026-09-01 04:40:06 | INFO     | scraper.http_client | GET https://www.amazon.com/ASUS-ROG-Strix-Gaming-Laptop/dp/B0DZZWMB2L/ref=sr_1_6?_encoding=UTF8&content-id=amzn1.sym.bd749ccd-05a5-46df-9094-58bcc6398482&dib=eyJ2IjoiMSJ9.-p4eTHFBzvLazkbgaCYNhmG28B9OSBZpThgr8Z_FJZoor2lvtEzcvMcHJdJs7_cTej357o1n4mCgZtHyLn387ou_HqIYONl4va3eGzopuyBGGndMi3HBEyEI0REZyC7b96apenWtXZeG5qaPWIkbaXnBlLbbz6CUkUv140vlNJyB8mR55-YbKYjUCmyUcl2kps9WIRqtLsRNiwY0EIHsDaRQ6PnaSCztxZ-6JrcYgetBUNzxfBgDS2qgpfw7f31H_BLQcO7TI0BF8Zan90nfZAxRlp5ASWdeOBYkTIbbWUk.sSoIsy3j9GDgkHcichqYso0ULrxT5pBOIDi0kePXWnU&dib_tag=se&keywords=gaming&pd_rd_r=2c9072f2-aacf-4c8e-9917-ed65bdc7a652&pd_rd_w=1x13x&pd_rd_wg=usBbY&qid=1788217338&sr=8-6&th=1
2026-09-01 04:40:06 | INFO     | scraper.http_client | GET https://www.amazon.com/ASUS-ROG-Strix-Gaming-Laptop/dp/B0DZZWMB2L/ref=sr_1_6?_encoding=UTF8&content-id=amzn1.sym.bd749ccd-05a5-46df-9094-58bcc6398482&dib=eyJ2IjoiMSJ9.-p4eTHFBzvLazkbgaCYNhmG28B9OSBZpThgr8Z_FJZoor2lvtEzcvMcHJdJs7_cTej357o1n4mCgZtHyLn387ou_HqIYONl4va3eGzopuyBGGndMi3HBEyEI0REZyC7b96apenWtXZeG5qaPWIkbaXnBlLbbz6CUkUv140vlNJyB8mR55-YbKYjUCmyUcl2kps9WIRqtLsRNiwY0EIHsDaRQ6PnaSCztxZ-6JrcYgetBUNzxfBgDS2qgpfw7f31H_BLQcO7TI0BF8Zan90nfZAxRlp5ASWdeOBYkTIbbWUk.sSoIsy3j9GDgkHcichqYso0ULrxT5pBOIDi0kePXWnU&dib_tag=se&keywords=gaming&pd_rd_r=2c9072f2-aacf-4c8e-9917-ed65bdc7a652&pd_rd_w=1x13x&pd_rd_wg=usBbY&qid=1788217338&sr=8-6&th=1
2026-09-01 04:40:06 | INFO     | scraper.http_client | GET https://www.amazon.com/ASUS-ROG-Strix-Gaming-Laptop/dp/B0DZZWMB2L/ref=sr_1_6?_encoding=UTF8&content-id=amzn1.sym.bd749ccd-05a5-46df-9094-58bcc6398482&dib=eyJ2IjoiMSJ9.-p4eTHFBzvLazkbgaCYNhmG28B9OSBZpThgr8Z_FJZoor2lvtEzcvMcHJdJs7_cTej357o1n4mCgZtHyLn387ou_HqIYONl4va3eGzopuyBGGndMi3HBEyEI0REZyC7b96apenWtXZeG5qaPWIkbaXnBlLbbz6CUkUv140vlNJyB8mR55-YbKYjUCmyUcl2kps9WIRqtLsRNiwY0EIHsDaRQ6PnaSCztxZ-6JrcYgetBUNzxfBgDS2qgpfw7f31H_BLQcO7TI0BF8Zan90nfZAxRlp5ASWdeOBYkTIbbWUk.sSoIsy3j9GDgkHcichqYso0ULrxT5pBOIDi0kePXWnU&dib_tag=se&keywords=gaming&pd_rd_r=2c9072f2-aacf-4c8e-9917-ed65bdc7a652&pd_rd_w=1x13x&pd_rd_wg=usBbY&qid=1788217338&sr=8-6&th=1
2026-09-01 04:40:06 | INFO     | scraper.http_client | GET https://www.amazon.com/ASUS-ROG-Strix-Gaming-Laptop/dp/B0DZZWMB2L/ref=sr_1_6?_encoding=UTF8&content-id=amzn1.sym.bd749ccd-05a5-46df-9094-58bcc6398482&dib=eyJ2IjoiMSJ9.-p4eTHFBzvLazkbgaCYNhmG28B9OSBZpThgr8Z_FJZoor2lvtEzcvMcHJdJs7_cTej357o1n4mCgZtHyLn387ou_HqIYONl4va3eGzopuyBGGndMi3HBEyEI0REZyC7b96apenWtXZeG5qaPWIkbaXnBlLbbz6CUkUv140vlNJyB8mR55-YbKYjUCmyUcl2kps9WIRqtLsRNiwY0EIHsDaRQ6PnaSCztxZ-6JrcYgetBUNzxfBgDS2qgpfw7f31H_BLQcO7TI0BF8Zan90nfZAxRlp5ASWdeOBYkTIbbWUk.sSoIsy3j9GDgkHcichqYso0ULrxT5pBOIDi0kePXWnU&dib_tag=se&keywords=gaming&pd_rd_r=2c9072f2-aacf-4c8e-9917-ed65bdc7a652&pd_rd_w=1x13x&pd_rd_wg=usBbY&qid=1788217338&sr=8-6&th=1
2026-09-01 04:40:06 | INFO     | scraper.http_client | GET https://www.amazon.com/ASUS-ROG-Strix-Gaming-Laptop/dp/B0DZZWMB2L/ref=sr_1_6?_encoding=UTF8&content-id=amzn1.sym.bd749ccd-05a5-46df-9094-58bcc6398482&dib=eyJ2IjoiMSJ9.-p4eTHFBzvLazkbgaCYNhmG28B9OSBZpThgr8Z_FJZoor2lvtEzcvMcHJdJs7_cTej357o1n4mCgZtHyLn387ou_HqIYONl4va3eGzopuyBGGndMi3HBEyEI0REZyC7b96apenWtXZeG5qaPWIkbaXnBlLbbz6CUkUv140vlNJyB8mR55-YbKYjUCmyUcl2kps9WIRqtLsRNiwY0EIHsDaRQ6PnaSCztxZ-6JrcYgetBUNzxfBgDS2qgpfw7f31H_BLQcO7TI0BF8Zan90nfZAxRlp5ASWdeOBYkTIbbWUk.sSoIsy3j9GDgkHcichqYso0ULrxT5pBOIDi0kePXWnU&dib_tag=se&keywords=gaming&pd_rd_r=2c9072f2-aacf-4c8e-9917-ed65bdc7a652&pd_rd_w=1x13x&pd_rd_wg=usBbY&qid=1788217338&sr=8-6&th=1
2026-09-01 04:40:09 | INFO     | scraper.cleaner | Cleaned 1 products -> 1 after deduplication
2026-09-01 04:40:09 | INFO     | scraper.cleaner | Cleaned 1 products -> 1 after deduplication
2026-09-01 04:40:09 | INFO     | scraper.cleaner | Cleaned 1 products -> 1 after deduplication
2026-09-01 04:40:09 | INFO     | scraper.cleaner | Cleaned 1 products -> 1 after deduplication
2026-09-01 04:40:09 | INFO     | scraper.cleaner | Cleaned 1 products -> 1 after deduplication
2026-09-01 04:40:09 | INFO     | scraper.validator | Validated 1 products -> 1 valid
2026-09-01 04:40:09 | INFO     | scraper.validator | Validated 1 products -> 1 valid
2026-09-01 04:40:09 | INFO     | scraper.validator | Validated 1 products -> 1 valid
2026-09-01 04:40:09 | INFO     | scraper.validator | Validated 1 products -> 1 valid
2026-09-01 04:40:09 | INFO     | scraper.validator | Validated 1 products -> 1 valid
2026-09-01 04:40:10 | INFO     | scraper.storage | Saved CSV: output\products.csv
2026-09-01 04:40:10 | INFO     | scraper.storage | Saved CSV: output\products.csv
2026-09-01 04:40:10 | INFO     | scraper.storage | Saved CSV: output\products.csv
2026-09-01 04:40:10 | INFO     | scraper.storage | Saved CSV: output\products.csv
2026-09-01 04:40:10 | INFO     | scraper.storage | Saved CSV: output\products.csv
2026-09-01 04:40:11 | INFO     | scraper.storage | Saved Excel: output\products.xlsx
2026-09-01 04:40:11 | INFO     | scraper.storage | Saved Excel: output\products.xlsx
2026-09-01 04:40:11 | INFO     | scraper.storage | Saved Excel: output\products.xlsx
2026-09-01 04:40:11 | INFO     | scraper.storage | Saved Excel: output\products.xlsx
2026-09-01 04:40:11 | INFO     | scraper.storage | Saved Excel: output\products.xlsx
2026-09-01 04:40:11 | INFO     | scraper.analysis | Analysis complete: 1 products
2026-09-01 04:40:11 | INFO     | scraper.analysis | Analysis complete: 1 products
2026-09-01 04:40:11 | INFO     | scraper.analysis | Analysis complete: 1 products
2026-09-01 04:40:11 | INFO     | scraper.analysis | Analysis complete: 1 products
2026-09-01 04:40:11 | INFO     | scraper.analysis | Analysis complete: 1 products
2026-09-01 04:40:11 | INFO     | matplotlib.category | Using categorical units to plot a list of strings that are all parsable as floats or dates. If these strings should be plotted as numbers, cast to the appropriate data type before plotting.
2026-09-01 04:40:11 | INFO     | matplotlib.category | Using categorical units to plot a list of strings that are all parsable as floats or dates. If these strings should be plotted as numbers, cast to the appropriate data type before plotting.
2026-09-01 04:40:11 | INFO     | matplotlib.category | Using categorical units to plot a list of strings that are all parsable as floats or dates. If these strings should be plotted as numbers, cast to the appropriate data type before plotting.
2026-09-01 04:40:11 | INFO     | matplotlib.category | Using categorical units to plot a list of strings that are all parsable as floats or dates. If these strings should be plotted as numbers, cast to the appropriate data type before plotting.
2026-09-01 04:40:11 | INFO     | matplotlib.category | Using categorical units to plot a list of strings that are all parsable as floats or dates. If these strings should be plotted as numbers, cast to the appropriate data type before plotting.
2026-09-01 04:40:11 | INFO     | matplotlib.category | Using categorical units to plot a list of strings that are all parsable as floats or dates. If these strings should be plotted as numbers, cast to the appropriate data type before plotting.
2026-09-01 04:40:11 | INFO     | matplotlib.category | Using categorical units to plot a list of strings that are all parsable as floats or dates. If these strings should be plotted as numbers, cast to the appropriate data type before plotting.
2026-09-01 04:40:11 | INFO     | matplotlib.category | Using categorical units to plot a list of strings that are all parsable as floats or dates. If these strings should be plotted as numbers, cast to the appropriate data type before plotting.
2026-09-01 04:40:11 | INFO     | matplotlib.category | Using categorical units to plot a list of strings that are all parsable as floats or dates. If these strings should be plotted as numbers, cast to the appropriate data type before plotting.
2026-09-01 04:40:11 | INFO     | matplotlib.category | Using categorical units to plot a list of strings that are all parsable as floats or dates. If these strings should be plotted as numbers, cast to the appropriate data type before plotting.
2026-09-01 04:40:48 | INFO     | scraper.http_client | GET https://www.amazon.com/robots.txt
2026-09-01 04:40:48 | INFO     | scraper.http_client | GET https://www.amazon.com/robots.txt
2026-09-01 04:40:48 | INFO     | scraper.http_client | GET https://www.amazon.com/robots.txt
2026-09-01 04:40:48 | INFO     | scraper.http_client | GET https://www.amazon.com/robots.txt
2026-09-01 04:40:48 | INFO     | scraper.http_client | GET https://www.amazon.com/robots.txt
2026-09-01 04:40:48 | INFO     | scraper.http_client | GET https://www.amazon.com/robots.txt
2026-09-01 04:40:48 | INFO     | scraper.http_client | GET https://www.amazon.com/robots.txt
2026-09-01 04:40:48 | INFO     | scraper.http_client | GET https://www.amazon.com/robots.txt
2026-09-01 04:40:48 | INFO     | scraper.http_client | GET https://www.amazon.com/robots.txt
2026-09-01 04:40:48 | INFO     | scraper.http_client | GET https://www.amazon.com/robots.txt
2026-09-01 04:40:49 | INFO     | scraper.pipeline | Scraping 1 unique product URLs
2026-09-01 04:40:49 | INFO     | scraper.pipeline | Scraping 1 unique product URLs
2026-09-01 04:40:49 | INFO     | scraper.pipeline | Scraping 1 unique product URLs
2026-09-01 04:40:49 | INFO     | scraper.pipeline | Scraping 1 unique product URLs
2026-09-01 04:40:49 | INFO     | scraper.pipeline | Scraping 1 unique product URLs
2026-09-01 04:40:49 | INFO     | scraper.pipeline | Scraping 1 unique product URLs
2026-09-01 04:40:49 | INFO     | scraper.pipeline | Scraping 1 unique product URLs
2026-09-01 04:40:49 | INFO     | scraper.pipeline | Scraping 1 unique product URLs
2026-09-01 04:40:49 | INFO     | scraper.http_client | GET https://www.amazon.com/ASUS-Gaming-Laptop-Nebula-Display/dp/B0DW1X5YCQ/ref=sr_1_11?_encoding=UTF8&content-id=amzn1.sym.bd749ccd-05a5-46df-9094-58bcc6398482&dib=eyJ2IjoiMSJ9.-p4eTHFBzvLazkbgaCYNhmG28B9OSBZpThgr8Z_FJZoor2lvtEzcvMcHJdJs7_cTej357o1n4mCgZtHyLn387ou_HqIYONl4va3eGzopuyBGGndMi3HBEyEI0REZyC7b96apenWtXZeG5qaPWIkbaXnBlLbbz6CUkUv140vlNJyB8mR55-YbKYjUCmyUcl2kps9WIRqtLsRNiwY0EIHsDaRQ6PnaSCztxZ-6JrcYgetBUNzxfBgDS2qgpfw7f31H_BLQcO7TI0BF8Zan90nfZAxRlp5ASWdeOBYkTIbbWUk.sSoIsy3j9GDgkHcichqYso0ULrxT5pBOIDi0kePXWnU&dib_tag=se&keywords=gaming&pd_rd_r=2c9072f2-aacf-4c8e-9917-ed65bdc7a652&pd_rd_w=1x13x&pd_rd_wg=usBbY&qid=1788217338&sr=8-11
2026-09-01 04:40:49 | INFO     | scraper.pipeline | Scraping 1 unique product URLs
2026-09-01 04:40:49 | INFO     | scraper.http_client | GET https://www.amazon.com/ASUS-Gaming-Laptop-Nebula-Display/dp/B0DW1X5YCQ/ref=sr_1_11?_encoding=UTF8&content-id=amzn1.sym.bd749ccd-05a5-46df-9094-58bcc6398482&dib=eyJ2IjoiMSJ9.-p4eTHFBzvLazkbgaCYNhmG28B9OSBZpThgr8Z_FJZoor2lvtEzcvMcHJdJs7_cTej357o1n4mCgZtHyLn387ou_HqIYONl4va3eGzopuyBGGndMi3HBEyEI0REZyC7b96apenWtXZeG5qaPWIkbaXnBlLbbz6CUkUv140vlNJyB8mR55-YbKYjUCmyUcl2kps9WIRqtLsRNiwY0EIHsDaRQ6PnaSCztxZ-6JrcYgetBUNzxfBgDS2qgpfw7f31H_BLQcO7TI0BF8Zan90nfZAxRlp5ASWdeOBYkTIbbWUk.sSoIsy3j9GDgkHcichqYso0ULrxT5pBOIDi0kePXWnU&dib_tag=se&keywords=gaming&pd_rd_r=2c9072f2-aacf-4c8e-9917-ed65bdc7a652&pd_rd_w=1x13x&pd_rd_wg=usBbY&qid=1788217338&sr=8-11
2026-09-01 04:40:49 | INFO     | scraper.pipeline | Scraping 1 unique product URLs
2026-09-01 04:40:49 | INFO     | scraper.http_client | GET https://www.amazon.com/ASUS-Gaming-Laptop-Nebula-Display/dp/B0DW1X5YCQ/ref=sr_1_11?_encoding=UTF8&content-id=amzn1.sym.bd749ccd-05a5-46df-9094-58bcc6398482&dib=eyJ2IjoiMSJ9.-p4eTHFBzvLazkbgaCYNhmG28B9OSBZpThgr8Z_FJZoor2lvtEzcvMcHJdJs7_cTej357o1n4mCgZtHyLn387ou_HqIYONl4va3eGzopuyBGGndMi3HBEyEI0REZyC7b96apenWtXZeG5qaPWIkbaXnBlLbbz6CUkUv140vlNJyB8mR55-YbKYjUCmyUcl2kps9WIRqtLsRNiwY0EIHsDaRQ6PnaSCztxZ-6JrcYgetBUNzxfBgDS2qgpfw7f31H_BLQcO7TI0BF8Zan90nfZAxRlp5ASWdeOBYkTIbbWUk.sSoIsy3j9GDgkHcichqYso0ULrxT5pBOIDi0kePXWnU&dib_tag=se&keywords=gaming&pd_rd_r=2c9072f2-aacf-4c8e-9917-ed65bdc7a652&pd_rd_w=1x13x&pd_rd_wg=usBbY&qid=1788217338&sr=8-11
2026-09-01 04:40:49 | INFO     | scraper.http_client | GET https://www.amazon.com/ASUS-Gaming-Laptop-Nebula-Display/dp/B0DW1X5YCQ/ref=sr_1_11?_encoding=UTF8&content-id=amzn1.sym.bd749ccd-05a5-46df-9094-58bcc6398482&dib=eyJ2IjoiMSJ9.-p4eTHFBzvLazkbgaCYNhmG28B9OSBZpThgr8Z_FJZoor2lvtEzcvMcHJdJs7_cTej357o1n4mCgZtHyLn387ou_HqIYONl4va3eGzopuyBGGndMi3HBEyEI0REZyC7b96apenWtXZeG5qaPWIkbaXnBlLbbz6CUkUv140vlNJyB8mR55-YbKYjUCmyUcl2kps9WIRqtLsRNiwY0EIHsDaRQ6PnaSCztxZ-6JrcYgetBUNzxfBgDS2qgpfw7f31H_BLQcO7TI0BF8Zan90nfZAxRlp5ASWdeOBYkTIbbWUk.sSoIsy3j9GDgkHcichqYso0ULrxT5pBOIDi0kePXWnU&dib_tag=se&keywords=gaming&pd_rd_r=2c9072f2-aacf-4c8e-9917-ed65bdc7a652&pd_rd_w=1x13x&pd_rd_wg=usBbY&qid=1788217338&sr=8-11
2026-09-01 04:40:49 | INFO     | scraper.http_client | GET https://www.amazon.com/ASUS-Gaming-Laptop-Nebula-Display/dp/B0DW1X5YCQ/ref=sr_1_11?_encoding=UTF8&content-id=amzn1.sym.bd749ccd-05a5-46df-9094-58bcc6398482&dib=eyJ2IjoiMSJ9.-p4eTHFBzvLazkbgaCYNhmG28B9OSBZpThgr8Z_FJZoor2lvtEzcvMcHJdJs7_cTej357o1n4mCgZtHyLn387ou_HqIYONl4va3eGzopuyBGGndMi3HBEyEI0REZyC7b96apenWtXZeG5qaPWIkbaXnBlLbbz6CUkUv140vlNJyB8mR55-YbKYjUCmyUcl2kps9WIRqtLsRNiwY0EIHsDaRQ6PnaSCztxZ-6JrcYgetBUNzxfBgDS2qgpfw7f31H_BLQcO7TI0BF8Zan90nfZAxRlp5ASWdeOBYkTIbbWUk.sSoIsy3j9GDgkHcichqYso0ULrxT5pBOIDi0kePXWnU&dib_tag=se&keywords=gaming&pd_rd_r=2c9072f2-aacf-4c8e-9917-ed65bdc7a652&pd_rd_w=1x13x&pd_rd_wg=usBbY&qid=1788217338&sr=8-11
2026-09-01 04:40:49 | INFO     | scraper.http_client | GET https://www.amazon.com/ASUS-Gaming-Laptop-Nebula-Display/dp/B0DW1X5YCQ/ref=sr_1_11?_encoding=UTF8&content-id=amzn1.sym.bd749ccd-05a5-46df-9094-58bcc6398482&dib=eyJ2IjoiMSJ9.-p4eTHFBzvLazkbgaCYNhmG28B9OSBZpThgr8Z_FJZoor2lvtEzcvMcHJdJs7_cTej357o1n4mCgZtHyLn387ou_HqIYONl4va3eGzopuyBGGndMi3HBEyEI0REZyC7b96apenWtXZeG5qaPWIkbaXnBlLbbz6CUkUv140vlNJyB8mR55-YbKYjUCmyUcl2kps9WIRqtLsRNiwY0EIHsDaRQ6PnaSCztxZ-6JrcYgetBUNzxfBgDS2qgpfw7f31H_BLQcO7TI0BF8Zan90nfZAxRlp5ASWdeOBYkTIbbWUk.sSoIsy3j9GDgkHcichqYso0ULrxT5pBOIDi0kePXWnU&dib_tag=se&keywords=gaming&pd_rd_r=2c9072f2-aacf-4c8e-9917-ed65bdc7a652&pd_rd_w=1x13x&pd_rd_wg=usBbY&qid=1788217338&sr=8-11
2026-09-01 04:40:49 | INFO     | scraper.http_client | GET https://www.amazon.com/ASUS-Gaming-Laptop-Nebula-Display/dp/B0DW1X5YCQ/ref=sr_1_11?_encoding=UTF8&content-id=amzn1.sym.bd749ccd-05a5-46df-9094-58bcc6398482&dib=eyJ2IjoiMSJ9.-p4eTHFBzvLazkbgaCYNhmG28B9OSBZpThgr8Z_FJZoor2lvtEzcvMcHJdJs7_cTej357o1n4mCgZtHyLn387ou_HqIYONl4va3eGzopuyBGGndMi3HBEyEI0REZyC7b96apenWtXZeG5qaPWIkbaXnBlLbbz6CUkUv140vlNJyB8mR55-YbKYjUCmyUcl2kps9WIRqtLsRNiwY0EIHsDaRQ6PnaSCztxZ-6JrcYgetBUNzxfBgDS2qgpfw7f31H_BLQcO7TI0BF8Zan90nfZAxRlp5ASWdeOBYkTIbbWUk.sSoIsy3j9GDgkHcichqYso0ULrxT5pBOIDi0kePXWnU&dib_tag=se&keywords=gaming&pd_rd_r=2c9072f2-aacf-4c8e-9917-ed65bdc7a652&pd_rd_w=1x13x&pd_rd_wg=usBbY&qid=1788217338&sr=8-11
2026-09-01 04:40:49 | INFO     | scraper.http_client | GET https://www.amazon.com/ASUS-Gaming-Laptop-Nebula-Display/dp/B0DW1X5YCQ/ref=sr_1_11?_encoding=UTF8&content-id=amzn1.sym.bd749ccd-05a5-46df-9094-58bcc6398482&dib=eyJ2IjoiMSJ9.-p4eTHFBzvLazkbgaCYNhmG28B9OSBZpThgr8Z_FJZoor2lvtEzcvMcHJdJs7_cTej357o1n4mCgZtHyLn387ou_HqIYONl4va3eGzopuyBGGndMi3HBEyEI0REZyC7b96apenWtXZeG5qaPWIkbaXnBlLbbz6CUkUv140vlNJyB8mR55-YbKYjUCmyUcl2kps9WIRqtLsRNiwY0EIHsDaRQ6PnaSCztxZ-6JrcYgetBUNzxfBgDS2qgpfw7f31H_BLQcO7TI0BF8Zan90nfZAxRlp5ASWdeOBYkTIbbWUk.sSoIsy3j9GDgkHcichqYso0ULrxT5pBOIDi0kePXWnU&dib_tag=se&keywords=gaming&pd_rd_r=2c9072f2-aacf-4c8e-9917-ed65bdc7a652&pd_rd_w=1x13x&pd_rd_wg=usBbY&qid=1788217338&sr=8-11
2026-09-01 04:40:49 | INFO     | scraper.http_client | GET https://www.amazon.com/ASUS-Gaming-Laptop-Nebula-Display/dp/B0DW1X5YCQ/ref=sr_1_11?_encoding=UTF8&content-id=amzn1.sym.bd749ccd-05a5-46df-9094-58bcc6398482&dib=eyJ2IjoiMSJ9.-p4eTHFBzvLazkbgaCYNhmG28B9OSBZpThgr8Z_FJZoor2lvtEzcvMcHJdJs7_cTej357o1n4mCgZtHyLn387ou_HqIYONl4va3eGzopuyBGGndMi3HBEyEI0REZyC7b96apenWtXZeG5qaPWIkbaXnBlLbbz6CUkUv140vlNJyB8mR55-YbKYjUCmyUcl2kps9WIRqtLsRNiwY0EIHsDaRQ6PnaSCztxZ-6JrcYgetBUNzxfBgDS2qgpfw7f31H_BLQcO7TI0BF8Zan90nfZAxRlp5ASWdeOBYkTIbbWUk.sSoIsy3j9GDgkHcichqYso0ULrxT5pBOIDi0kePXWnU&dib_tag=se&keywords=gaming&pd_rd_r=2c9072f2-aacf-4c8e-9917-ed65bdc7a652&pd_rd_w=1x13x&pd_rd_wg=usBbY&qid=1788217338&sr=8-11
2026-09-01 04:40:49 | INFO     | scraper.http_client | GET https://www.amazon.com/ASUS-Gaming-Laptop-Nebula-Display/dp/B0DW1X5YCQ/ref=sr_1_11?_encoding=UTF8&content-id=amzn1.sym.bd749ccd-05a5-46df-9094-58bcc6398482&dib=eyJ2IjoiMSJ9.-p4eTHFBzvLazkbgaCYNhmG28B9OSBZpThgr8Z_FJZoor2lvtEzcvMcHJdJs7_cTej357o1n4mCgZtHyLn387ou_HqIYONl4va3eGzopuyBGGndMi3HBEyEI0REZyC7b96apenWtXZeG5qaPWIkbaXnBlLbbz6CUkUv140vlNJyB8mR55-YbKYjUCmyUcl2kps9WIRqtLsRNiwY0EIHsDaRQ6PnaSCztxZ-6JrcYgetBUNzxfBgDS2qgpfw7f31H_BLQcO7TI0BF8Zan90nfZAxRlp5ASWdeOBYkTIbbWUk.sSoIsy3j9GDgkHcichqYso0ULrxT5pBOIDi0kePXWnU&dib_tag=se&keywords=gaming&pd_rd_r=2c9072f2-aacf-4c8e-9917-ed65bdc7a652&pd_rd_w=1x13x&pd_rd_wg=usBbY&qid=1788217338&sr=8-11
2026-09-01 04:40:49 | INFO     | scraper.cleaner | Cleaned 1 products -> 1 after deduplication
2026-09-01 04:40:49 | INFO     | scraper.cleaner | Cleaned 1 products -> 1 after deduplication
2026-09-01 04:40:49 | INFO     | scraper.cleaner | Cleaned 1 products -> 1 after deduplication
2026-09-01 04:40:49 | INFO     | scraper.cleaner | Cleaned 1 products -> 1 after deduplication
2026-09-01 04:40:49 | INFO     | scraper.cleaner | Cleaned 1 products -> 1 after deduplication
2026-09-01 04:40:49 | WARNING  | scraper.validator | Invalid product https://www.amazon.com/ASUS-Gaming-Laptop-Nebula-Display/dp/B0DW1X5YCQ/ref=sr_1_11?_encoding=UTF8&content-id=amzn1.sym.bd749ccd-05a5-46df-9094-58bcc6398482&dib=eyJ2IjoiMSJ9.-p4eTHFBzvLazkbgaCYNhmG28B9OSBZpThgr8Z_FJZoor2lvtEzcvMcHJdJs7_cTej357o1n4mCgZtHyLn387ou_HqIYONl4va3eGzopuyBGGndMi3HBEyEI0REZyC7b96apenWtXZeG5qaPWIkbaXnBlLbbz6CUkUv140vlNJyB8mR55-YbKYjUCmyUcl2kps9WIRqtLsRNiwY0EIHsDaRQ6PnaSCztxZ-6JrcYgetBUNzxfBgDS2qgpfw7f31H_BLQcO7TI0BF8Zan90nfZAxRlp5ASWdeOBYkTIbbWUk.sSoIsy3j9GDgkHcichqYso0ULrxT5pBOIDi0kePXWnU&dib_tag=se&keywords=gaming&pd_rd_r=2c9072f2-aacf-4c8e-9917-ed65bdc7a652&pd_rd_w=1x13x&pd_rd_wg=usBbY&qid=1788217338&sr=8-11: missing price
2026-09-01 04:40:49 | WARNING  | scraper.validator | Invalid product https://www.amazon.com/ASUS-Gaming-Laptop-Nebula-Display/dp/B0DW1X5YCQ/ref=sr_1_11?_encoding=UTF8&content-id=amzn1.sym.bd749ccd-05a5-46df-9094-58bcc6398482&dib=eyJ2IjoiMSJ9.-p4eTHFBzvLazkbgaCYNhmG28B9OSBZpThgr8Z_FJZoor2lvtEzcvMcHJdJs7_cTej357o1n4mCgZtHyLn387ou_HqIYONl4va3eGzopuyBGGndMi3HBEyEI0REZyC7b96apenWtXZeG5qaPWIkbaXnBlLbbz6CUkUv140vlNJyB8mR55-YbKYjUCmyUcl2kps9WIRqtLsRNiwY0EIHsDaRQ6PnaSCztxZ-6JrcYgetBUNzxfBgDS2qgpfw7f31H_BLQcO7TI0BF8Zan90nfZAxRlp5ASWdeOBYkTIbbWUk.sSoIsy3j9GDgkHcichqYso0ULrxT5pBOIDi0kePXWnU&dib_tag=se&keywords=gaming&pd_rd_r=2c9072f2-aacf-4c8e-9917-ed65bdc7a652&pd_rd_w=1x13x&pd_rd_wg=usBbY&qid=1788217338&sr=8-11: missing price
2026-09-01 04:40:49 | WARNING  | scraper.validator | Invalid product https://www.amazon.com/ASUS-Gaming-Laptop-Nebula-Display/dp/B0DW1X5YCQ/ref=sr_1_11?_encoding=UTF8&content-id=amzn1.sym.bd749ccd-05a5-46df-9094-58bcc6398482&dib=eyJ2IjoiMSJ9.-p4eTHFBzvLazkbgaCYNhmG28B9OSBZpThgr8Z_FJZoor2lvtEzcvMcHJdJs7_cTej357o1n4mCgZtHyLn387ou_HqIYONl4va3eGzopuyBGGndMi3HBEyEI0REZyC7b96apenWtXZeG5qaPWIkbaXnBlLbbz6CUkUv140vlNJyB8mR55-YbKYjUCmyUcl2kps9WIRqtLsRNiwY0EIHsDaRQ6PnaSCztxZ-6JrcYgetBUNzxfBgDS2qgpfw7f31H_BLQcO7TI0BF8Zan90nfZAxRlp5ASWdeOBYkTIbbWUk.sSoIsy3j9GDgkHcichqYso0ULrxT5pBOIDi0kePXWnU&dib_tag=se&keywords=gaming&pd_rd_r=2c9072f2-aacf-4c8e-9917-ed65bdc7a652&pd_rd_w=1x13x&pd_rd_wg=usBbY&qid=1788217338&sr=8-11: missing price
2026-09-01 04:40:49 | WARNING  | scraper.validator | Invalid product https://www.amazon.com/ASUS-Gaming-Laptop-Nebula-Display/dp/B0DW1X5YCQ/ref=sr_1_11?_encoding=UTF8&content-id=amzn1.sym.bd749ccd-05a5-46df-9094-58bcc6398482&dib=eyJ2IjoiMSJ9.-p4eTHFBzvLazkbgaCYNhmG28B9OSBZpThgr8Z_FJZoor2lvtEzcvMcHJdJs7_cTej357o1n4mCgZtHyLn387ou_HqIYONl4va3eGzopuyBGGndMi3HBEyEI0REZyC7b96apenWtXZeG5qaPWIkbaXnBlLbbz6CUkUv140vlNJyB8mR55-YbKYjUCmyUcl2kps9WIRqtLsRNiwY0EIHsDaRQ6PnaSCztxZ-6JrcYgetBUNzxfBgDS2qgpfw7f31H_BLQcO7TI0BF8Zan90nfZAxRlp5ASWdeOBYkTIbbWUk.sSoIsy3j9GDgkHcichqYso0ULrxT5pBOIDi0kePXWnU&dib_tag=se&keywords=gaming&pd_rd_r=2c9072f2-aacf-4c8e-9917-ed65bdc7a652&pd_rd_w=1x13x&pd_rd_wg=usBbY&qid=1788217338&sr=8-11: missing price
2026-09-01 04:40:49 | WARNING  | scraper.validator | Invalid product https://www.amazon.com/ASUS-Gaming-Laptop-Nebula-Display/dp/B0DW1X5YCQ/ref=sr_1_11?_encoding=UTF8&content-id=amzn1.sym.bd749ccd-05a5-46df-9094-58bcc6398482&dib=eyJ2IjoiMSJ9.-p4eTHFBzvLazkbgaCYNhmG28B9OSBZpThgr8Z_FJZoor2lvtEzcvMcHJdJs7_cTej357o1n4mCgZtHyLn387ou_HqIYONl4va3eGzopuyBGGndMi3HBEyEI0REZyC7b96apenWtXZeG5qaPWIkbaXnBlLbbz6CUkUv140vlNJyB8mR55-YbKYjUCmyUcl2kps9WIRqtLsRNiwY0EIHsDaRQ6PnaSCztxZ-6JrcYgetBUNzxfBgDS2qgpfw7f31H_BLQcO7TI0BF8Zan90nfZAxRlp5ASWdeOBYkTIbbWUk.sSoIsy3j9GDgkHcichqYso0ULrxT5pBOIDi0kePXWnU&dib_tag=se&keywords=gaming&pd_rd_r=2c9072f2-aacf-4c8e-9917-ed65bdc7a652&pd_rd_w=1x13x&pd_rd_wg=usBbY&qid=1788217338&sr=8-11: missing price
2026-09-01 04:40:49 | INFO     | scraper.validator | Validated 1 products -> 0 valid
2026-09-01 04:40:49 | INFO     | scraper.validator | Validated 1 products -> 0 valid
2026-09-01 04:40:49 | INFO     | scraper.validator | Validated 1 products -> 0 valid
2026-09-01 04:40:49 | INFO     | scraper.validator | Validated 1 products -> 0 valid
2026-09-01 04:40:49 | INFO     | scraper.validator | Validated 1 products -> 0 valid
2026-09-01 04:40:50 | INFO     | scraper.storage | Saved CSV: output\products.csv
2026-09-01 04:40:50 | INFO     | scraper.storage | Saved CSV: output\products.csv
2026-09-01 04:40:50 | INFO     | scraper.storage | Saved CSV: output\products.csv
2026-09-01 04:40:50 | INFO     | scraper.storage | Saved CSV: output\products.csv
2026-09-01 04:40:50 | INFO     | scraper.storage | Saved CSV: output\products.csv
2026-09-01 04:40:50 | INFO     | scraper.storage | Saved Excel: output\products.xlsx
2026-09-01 04:40:50 | INFO     | scraper.storage | Saved Excel: output\products.xlsx
2026-09-01 04:40:50 | INFO     | scraper.storage | Saved Excel: output\products.xlsx
2026-09-01 04:40:50 | INFO     | scraper.storage | Saved Excel: output\products.xlsx
2026-09-01 04:40:50 | INFO     | scraper.storage | Saved Excel: output\products.xlsx
2026-09-01 04:40:50 | INFO     | scraper.analysis | Analysis complete: 0 products
2026-09-01 04:40:50 | INFO     | scraper.analysis | Analysis complete: 0 products
2026-09-01 04:40:50 | INFO     | scraper.analysis | Analysis complete: 0 products
2026-09-01 04:40:50 | INFO     | scraper.analysis | Analysis complete: 0 products
2026-09-01 04:40:50 | INFO     | scraper.analysis | Analysis complete: 0 products
2026-09-01 04:40:54 | INFO     | scraper.cleaner | Cleaned 1 products -> 1 after deduplication
2026-09-01 04:40:54 | INFO     | scraper.cleaner | Cleaned 1 products -> 1 after deduplication
2026-09-01 04:40:54 | INFO     | scraper.cleaner | Cleaned 1 products -> 1 after deduplication
2026-09-01 04:40:54 | INFO     | scraper.cleaner | Cleaned 1 products -> 1 after deduplication
2026-09-01 04:40:54 | INFO     | scraper.cleaner | Cleaned 1 products -> 1 after deduplication
2026-09-01 04:40:54 | INFO     | scraper.validator | Validated 1 products -> 1 valid
2026-09-01 04:40:54 | INFO     | scraper.validator | Validated 1 products -> 1 valid
2026-09-01 04:40:54 | INFO     | scraper.validator | Validated 1 products -> 1 valid
2026-09-01 04:40:54 | INFO     | scraper.validator | Validated 1 products -> 1 valid
2026-09-01 04:40:54 | INFO     | scraper.validator | Validated 1 products -> 1 valid
2026-09-01 04:40:54 | INFO     | scraper.storage | Saved CSV: output\products.csv
2026-09-01 04:40:54 | INFO     | scraper.storage | Saved CSV: output\products.csv
2026-09-01 04:40:54 | INFO     | scraper.storage | Saved CSV: output\products.csv
2026-09-01 04:40:54 | INFO     | scraper.storage | Saved CSV: output\products.csv
2026-09-01 04:40:54 | INFO     | scraper.storage | Saved CSV: output\products.csv
2026-09-01 04:40:55 | INFO     | scraper.storage | Saved Excel: output\products.xlsx
2026-09-01 04:40:55 | INFO     | scraper.storage | Saved Excel: output\products.xlsx
2026-09-01 04:40:55 | INFO     | scraper.storage | Saved Excel: output\products.xlsx
2026-09-01 04:40:55 | INFO     | scraper.storage | Saved Excel: output\products.xlsx
2026-09-01 04:40:55 | INFO     | scraper.storage | Saved Excel: output\products.xlsx
2026-09-01 04:40:55 | INFO     | scraper.analysis | Analysis complete: 1 products
2026-09-01 04:40:55 | INFO     | scraper.analysis | Analysis complete: 1 products
2026-09-01 04:40:55 | INFO     | scraper.analysis | Analysis complete: 1 products
2026-09-01 04:40:55 | INFO     | scraper.analysis | Analysis complete: 1 products
2026-09-01 04:40:55 | INFO     | scraper.analysis | Analysis complete: 1 products
2026-09-01 04:41:01 | INFO     | scraper.http_client | GET https://www.amazon.com/robots.txt
2026-09-01 04:41:01 | INFO     | scraper.http_client | GET https://www.amazon.com/robots.txt
2026-09-01 04:41:01 | INFO     | scraper.http_client | GET https://www.amazon.com/robots.txt
2026-09-01 04:41:01 | INFO     | scraper.http_client | GET https://www.amazon.com/robots.txt
2026-09-01 04:41:01 | INFO     | scraper.http_client | GET https://www.amazon.com/robots.txt
2026-09-01 04:41:01 | INFO     | scraper.pipeline | Scraping 1 unique product URLs
2026-09-01 04:41:01 | INFO     | scraper.pipeline | Scraping 1 unique product URLs
2026-09-01 04:41:01 | INFO     | scraper.pipeline | Scraping 1 unique product URLs
2026-09-01 04:41:01 | INFO     | scraper.pipeline | Scraping 1 unique product URLs
2026-09-01 04:41:01 | INFO     | scraper.pipeline | Scraping 1 unique product URLs
2026-09-01 04:41:02 | INFO     | scraper.http_client | GET https://www.amazon.com/ASUS-Gaming-Laptop-Nebula-Display/dp/B0DW1X5YCQ/ref=sr_1_11?_encoding=UTF8&content-id=amzn1.sym.bd749ccd-05a5-46df-9094-58bcc6398482&dib=eyJ2IjoiMSJ9.-p4eTHFBzvLazkbgaCYNhmG28B9OSBZpThgr8Z_FJZoor2lvtEzcvMcHJdJs7_cTej357o1n4mCgZtHyLn387ou_HqIYONl4va3eGzopuyBGGndMi3HBEyEI0REZyC7b96apenWtXZeG5qaPWIkbaXnBlLbbz6CUkUv140vlNJyB8mR55-YbKYjUCmyUcl2kps9WIRqtLsRNiwY0EIHsDaRQ6PnaSCztxZ-6JrcYgetBUNzxfBgDS2qgpfw7f31H_BLQcO7TI0BF8Zan90nfZAxRlp5ASWdeOBYkTIbbWUk.sSoIsy3j9GDgkHcichqYso0ULrxT5pBOIDi0kePXWnU&dib_tag=se&keywords=gaming&pd_rd_r=2c9072f2-aacf-4c8e-9917-ed65bdc7a652&pd_rd_w=1x13x&pd_rd_wg=usBbY&qid=1788217338&sr=8-11
2026-09-01 04:41:02 | INFO     | scraper.http_client | GET https://www.amazon.com/ASUS-Gaming-Laptop-Nebula-Display/dp/B0DW1X5YCQ/ref=sr_1_11?_encoding=UTF8&content-id=amzn1.sym.bd749ccd-05a5-46df-9094-58bcc6398482&dib=eyJ2IjoiMSJ9.-p4eTHFBzvLazkbgaCYNhmG28B9OSBZpThgr8Z_FJZoor2lvtEzcvMcHJdJs7_cTej357o1n4mCgZtHyLn387ou_HqIYONl4va3eGzopuyBGGndMi3HBEyEI0REZyC7b96apenWtXZeG5qaPWIkbaXnBlLbbz6CUkUv140vlNJyB8mR55-YbKYjUCmyUcl2kps9WIRqtLsRNiwY0EIHsDaRQ6PnaSCztxZ-6JrcYgetBUNzxfBgDS2qgpfw7f31H_BLQcO7TI0BF8Zan90nfZAxRlp5ASWdeOBYkTIbbWUk.sSoIsy3j9GDgkHcichqYso0ULrxT5pBOIDi0kePXWnU&dib_tag=se&keywords=gaming&pd_rd_r=2c9072f2-aacf-4c8e-9917-ed65bdc7a652&pd_rd_w=1x13x&pd_rd_wg=usBbY&qid=1788217338&sr=8-11
2026-09-01 04:41:02 | INFO     | scraper.http_client | GET https://www.amazon.com/ASUS-Gaming-Laptop-Nebula-Display/dp/B0DW1X5YCQ/ref=sr_1_11?_encoding=UTF8&content-id=amzn1.sym.bd749ccd-05a5-46df-9094-58bcc6398482&dib=eyJ2IjoiMSJ9.-p4eTHFBzvLazkbgaCYNhmG28B9OSBZpThgr8Z_FJZoor2lvtEzcvMcHJdJs7_cTej357o1n4mCgZtHyLn387ou_HqIYONl4va3eGzopuyBGGndMi3HBEyEI0REZyC7b96apenWtXZeG5qaPWIkbaXnBlLbbz6CUkUv140vlNJyB8mR55-YbKYjUCmyUcl2kps9WIRqtLsRNiwY0EIHsDaRQ6PnaSCztxZ-6JrcYgetBUNzxfBgDS2qgpfw7f31H_BLQcO7TI0BF8Zan90nfZAxRlp5ASWdeOBYkTIbbWUk.sSoIsy3j9GDgkHcichqYso0ULrxT5pBOIDi0kePXWnU&dib_tag=se&keywords=gaming&pd_rd_r=2c9072f2-aacf-4c8e-9917-ed65bdc7a652&pd_rd_w=1x13x&pd_rd_wg=usBbY&qid=1788217338&sr=8-11
2026-09-01 04:41:02 | INFO     | scraper.http_client | GET https://www.amazon.com/ASUS-Gaming-Laptop-Nebula-Display/dp/B0DW1X5YCQ/ref=sr_1_11?_encoding=UTF8&content-id=amzn1.sym.bd749ccd-05a5-46df-9094-58bcc6398482&dib=eyJ2IjoiMSJ9.-p4eTHFBzvLazkbgaCYNhmG28B9OSBZpThgr8Z_FJZoor2lvtEzcvMcHJdJs7_cTej357o1n4mCgZtHyLn387ou_HqIYONl4va3eGzopuyBGGndMi3HBEyEI0REZyC7b96apenWtXZeG5qaPWIkbaXnBlLbbz6CUkUv140vlNJyB8mR55-YbKYjUCmyUcl2kps9WIRqtLsRNiwY0EIHsDaRQ6PnaSCztxZ-6JrcYgetBUNzxfBgDS2qgpfw7f31H_BLQcO7TI0BF8Zan90nfZAxRlp5ASWdeOBYkTIbbWUk.sSoIsy3j9GDgkHcichqYso0ULrxT5pBOIDi0kePXWnU&dib_tag=se&keywords=gaming&pd_rd_r=2c9072f2-aacf-4c8e-9917-ed65bdc7a652&pd_rd_w=1x13x&pd_rd_wg=usBbY&qid=1788217338&sr=8-11
2026-09-01 04:41:02 | INFO     | scraper.http_client | GET https://www.amazon.com/ASUS-Gaming-Laptop-Nebula-Display/dp/B0DW1X5YCQ/ref=sr_1_11?_encoding=UTF8&content-id=amzn1.sym.bd749ccd-05a5-46df-9094-58bcc6398482&dib=eyJ2IjoiMSJ9.-p4eTHFBzvLazkbgaCYNhmG28B9OSBZpThgr8Z_FJZoor2lvtEzcvMcHJdJs7_cTej357o1n4mCgZtHyLn387ou_HqIYONl4va3eGzopuyBGGndMi3HBEyEI0REZyC7b96apenWtXZeG5qaPWIkbaXnBlLbbz6CUkUv140vlNJyB8mR55-YbKYjUCmyUcl2kps9WIRqtLsRNiwY0EIHsDaRQ6PnaSCztxZ-6JrcYgetBUNzxfBgDS2qgpfw7f31H_BLQcO7TI0BF8Zan90nfZAxRlp5ASWdeOBYkTIbbWUk.sSoIsy3j9GDgkHcichqYso0ULrxT5pBOIDi0kePXWnU&dib_tag=se&keywords=gaming&pd_rd_r=2c9072f2-aacf-4c8e-9917-ed65bdc7a652&pd_rd_w=1x13x&pd_rd_wg=usBbY&qid=1788217338&sr=8-11
2026-09-01 04:41:02 | INFO     | scraper.cleaner | Cleaned 1 products -> 1 after deduplication
2026-09-01 04:41:02 | INFO     | scraper.cleaner | Cleaned 1 products -> 1 after deduplication
2026-09-01 04:41:02 | INFO     | scraper.cleaner | Cleaned 1 products -> 1 after deduplication
2026-09-01 04:41:02 | INFO     | scraper.cleaner | Cleaned 1 products -> 1 after deduplication
2026-09-01 04:41:02 | INFO     | scraper.cleaner | Cleaned 1 products -> 1 after deduplication
2026-09-01 04:41:02 | WARNING  | scraper.validator | Invalid product https://www.amazon.com/ASUS-Gaming-Laptop-Nebula-Display/dp/B0DW1X5YCQ/ref=sr_1_11?_encoding=UTF8&content-id=amzn1.sym.bd749ccd-05a5-46df-9094-58bcc6398482&dib=eyJ2IjoiMSJ9.-p4eTHFBzvLazkbgaCYNhmG28B9OSBZpThgr8Z_FJZoor2lvtEzcvMcHJdJs7_cTej357o1n4mCgZtHyLn387ou_HqIYONl4va3eGzopuyBGGndMi3HBEyEI0REZyC7b96apenWtXZeG5qaPWIkbaXnBlLbbz6CUkUv140vlNJyB8mR55-YbKYjUCmyUcl2kps9WIRqtLsRNiwY0EIHsDaRQ6PnaSCztxZ-6JrcYgetBUNzxfBgDS2qgpfw7f31H_BLQcO7TI0BF8Zan90nfZAxRlp5ASWdeOBYkTIbbWUk.sSoIsy3j9GDgkHcichqYso0ULrxT5pBOIDi0kePXWnU&dib_tag=se&keywords=gaming&pd_rd_r=2c9072f2-aacf-4c8e-9917-ed65bdc7a652&pd_rd_w=1x13x&pd_rd_wg=usBbY&qid=1788217338&sr=8-11: missing price
2026-09-01 04:41:02 | WARNING  | scraper.validator | Invalid product https://www.amazon.com/ASUS-Gaming-Laptop-Nebula-Display/dp/B0DW1X5YCQ/ref=sr_1_11?_encoding=UTF8&content-id=amzn1.sym.bd749ccd-05a5-46df-9094-58bcc6398482&dib=eyJ2IjoiMSJ9.-p4eTHFBzvLazkbgaCYNhmG28B9OSBZpThgr8Z_FJZoor2lvtEzcvMcHJdJs7_cTej357o1n4mCgZtHyLn387ou_HqIYONl4va3eGzopuyBGGndMi3HBEyEI0REZyC7b96apenWtXZeG5qaPWIkbaXnBlLbbz6CUkUv140vlNJyB8mR55-YbKYjUCmyUcl2kps9WIRqtLsRNiwY0EIHsDaRQ6PnaSCztxZ-6JrcYgetBUNzxfBgDS2qgpfw7f31H_BLQcO7TI0BF8Zan90nfZAxRlp5ASWdeOBYkTIbbWUk.sSoIsy3j9GDgkHcichqYso0ULrxT5pBOIDi0kePXWnU&dib_tag=se&keywords=gaming&pd_rd_r=2c9072f2-aacf-4c8e-9917-ed65bdc7a652&pd_rd_w=1x13x&pd_rd_wg=usBbY&qid=1788217338&sr=8-11: missing price
2026-09-01 04:41:02 | WARNING  | scraper.validator | Invalid product https://www.amazon.com/ASUS-Gaming-Laptop-Nebula-Display/dp/B0DW1X5YCQ/ref=sr_1_11?_encoding=UTF8&content-id=amzn1.sym.bd749ccd-05a5-46df-9094-58bcc6398482&dib=eyJ2IjoiMSJ9.-p4eTHFBzvLazkbgaCYNhmG28B9OSBZpThgr8Z_FJZoor2lvtEzcvMcHJdJs7_cTej357o1n4mCgZtHyLn387ou_HqIYONl4va3eGzopuyBGGndMi3HBEyEI0REZyC7b96apenWtXZeG5qaPWIkbaXnBlLbbz6CUkUv140vlNJyB8mR55-YbKYjUCmyUcl2kps9WIRqtLsRNiwY0EIHsDaRQ6PnaSCztxZ-6JrcYgetBUNzxfBgDS2qgpfw7f31H_BLQcO7TI0BF8Zan90nfZAxRlp5ASWdeOBYkTIbbWUk.sSoIsy3j9GDgkHcichqYso0ULrxT5pBOIDi0kePXWnU&dib_tag=se&keywords=gaming&pd_rd_r=2c9072f2-aacf-4c8e-9917-ed65bdc7a652&pd_rd_w=1x13x&pd_rd_wg=usBbY&qid=1788217338&sr=8-11: missing price
2026-09-01 04:41:02 | WARNING  | scraper.validator | Invalid product https://www.amazon.com/ASUS-Gaming-Laptop-Nebula-Display/dp/B0DW1X5YCQ/ref=sr_1_11?_encoding=UTF8&content-id=amzn1.sym.bd749ccd-05a5-46df-9094-58bcc6398482&dib=eyJ2IjoiMSJ9.-p4eTHFBzvLazkbgaCYNhmG28B9OSBZpThgr8Z_FJZoor2lvtEzcvMcHJdJs7_cTej357o1n4mCgZtHyLn387ou_HqIYONl4va3eGzopuyBGGndMi3HBEyEI0REZyC7b96apenWtXZeG5qaPWIkbaXnBlLbbz6CUkUv140vlNJyB8mR55-YbKYjUCmyUcl2kps9WIRqtLsRNiwY0EIHsDaRQ6PnaSCztxZ-6JrcYgetBUNzxfBgDS2qgpfw7f31H_BLQcO7TI0BF8Zan90nfZAxRlp5ASWdeOBYkTIbbWUk.sSoIsy3j9GDgkHcichqYso0ULrxT5pBOIDi0kePXWnU&dib_tag=se&keywords=gaming&pd_rd_r=2c9072f2-aacf-4c8e-9917-ed65bdc7a652&pd_rd_w=1x13x&pd_rd_wg=usBbY&qid=1788217338&sr=8-11: missing price
2026-09-01 04:41:02 | WARNING  | scraper.validator | Invalid product https://www.amazon.com/ASUS-Gaming-Laptop-Nebula-Display/dp/B0DW1X5YCQ/ref=sr_1_11?_encoding=UTF8&content-id=amzn1.sym.bd749ccd-05a5-46df-9094-58bcc6398482&dib=eyJ2IjoiMSJ9.-p4eTHFBzvLazkbgaCYNhmG28B9OSBZpThgr8Z_FJZoor2lvtEzcvMcHJdJs7_cTej357o1n4mCgZtHyLn387ou_HqIYONl4va3eGzopuyBGGndMi3HBEyEI0REZyC7b96apenWtXZeG5qaPWIkbaXnBlLbbz6CUkUv140vlNJyB8mR55-YbKYjUCmyUcl2kps9WIRqtLsRNiwY0EIHsDaRQ6PnaSCztxZ-6JrcYgetBUNzxfBgDS2qgpfw7f31H_BLQcO7TI0BF8Zan90nfZAxRlp5ASWdeOBYkTIbbWUk.sSoIsy3j9GDgkHcichqYso0ULrxT5pBOIDi0kePXWnU&dib_tag=se&keywords=gaming&pd_rd_r=2c9072f2-aacf-4c8e-9917-ed65bdc7a652&pd_rd_w=1x13x&pd_rd_wg=usBbY&qid=1788217338&sr=8-11: missing price
2026-09-01 04:41:02 | INFO     | scraper.validator | Validated 1 products -> 0 valid
2026-09-01 04:41:02 | INFO     | scraper.validator | Validated 1 products -> 0 valid
2026-09-01 04:41:02 | INFO     | scraper.validator | Validated 1 products -> 0 valid
2026-09-01 04:41:02 | INFO     | scraper.validator | Validated 1 products -> 0 valid
2026-09-01 04:41:02 | INFO     | scraper.validator | Validated 1 products -> 0 valid
2026-09-01 04:41:02 | INFO     | scraper.storage | Saved CSV: output\products.csv
2026-09-01 04:41:02 | INFO     | scraper.storage | Saved CSV: output\products.csv
2026-09-01 04:41:02 | INFO     | scraper.storage | Saved CSV: output\products.csv
2026-09-01 04:41:02 | INFO     | scraper.storage | Saved CSV: output\products.csv
2026-09-01 04:41:02 | INFO     | scraper.storage | Saved CSV: output\products.csv
2026-09-01 04:41:02 | INFO     | scraper.storage | Saved Excel: output\products.xlsx
2026-09-01 04:41:02 | INFO     | scraper.storage | Saved Excel: output\products.xlsx
2026-09-01 04:41:02 | INFO     | scraper.storage | Saved Excel: output\products.xlsx
2026-09-01 04:41:02 | INFO     | scraper.storage | Saved Excel: output\products.xlsx
2026-09-01 04:41:02 | INFO     | scraper.storage | Saved Excel: output\products.xlsx
2026-09-01 04:41:02 | INFO     | scraper.analysis | Analysis complete: 0 products
2026-09-01 04:41:02 | INFO     | scraper.analysis | Analysis complete: 0 products
2026-09-01 04:41:02 | INFO     | scraper.analysis | Analysis complete: 0 products
2026-09-01 04:41:02 | INFO     | scraper.analysis | Analysis complete: 0 products
2026-09-01 04:41:02 | INFO     | scraper.analysis | Analysis complete: 0 products
2026-09-01 04:41:45 | INFO     | scraper.http_client | GET https://www.amazon.com/robots.txt
2026-09-01 04:41:45 | INFO     | scraper.http_client | GET https://www.amazon.com/robots.txt
2026-09-01 04:41:45 | INFO     | scraper.http_client | GET https://www.amazon.com/robots.txt
2026-09-01 04:41:45 | INFO     | scraper.http_client | GET https://www.amazon.com/robots.txt
2026-09-01 04:41:45 | INFO     | scraper.http_client | GET https://www.amazon.com/robots.txt
2026-09-01 04:41:48 | INFO     | scraper.pipeline | Scraping 1 unique product URLs
2026-09-01 04:41:48 | INFO     | scraper.pipeline | Scraping 1 unique product URLs
2026-09-01 04:41:48 | INFO     | scraper.pipeline | Scraping 1 unique product URLs
2026-09-01 04:41:48 | INFO     | scraper.pipeline | Scraping 1 unique product URLs
2026-09-01 04:41:48 | INFO     | scraper.pipeline | Scraping 1 unique product URLs
2026-09-01 04:41:48 | INFO     | scraper.http_client | GET https://www.amazon.com/dp/B0HF7SXJT8/ref=sspa_dk_detail_0?psc=1&pd_rd_i=B0HF7SXJT8&pd_rd_w=hb8jh&content-id=amzn1.sym.9bd45040-31dd-4792-bd5a-341290ebe305&pf_rd_p=9bd45040-31dd-4792-bd5a-341290ebe305&pf_rd_r=AM5QX5EK2VK5Q2W37V17&pd_rd_wg=Ya3cL&pd_rd_r=c3d6cb98-4c34-450a-b068-ca77b24bcce5&sp_csd=d2lkZ2V0TmFtZT1zcF9kZXRhaWxfdGhlbWF0aWM
2026-09-01 04:41:48 | INFO     | scraper.http_client | GET https://www.amazon.com/dp/B0HF7SXJT8/ref=sspa_dk_detail_0?psc=1&pd_rd_i=B0HF7SXJT8&pd_rd_w=hb8jh&content-id=amzn1.sym.9bd45040-31dd-4792-bd5a-341290ebe305&pf_rd_p=9bd45040-31dd-4792-bd5a-341290ebe305&pf_rd_r=AM5QX5EK2VK5Q2W37V17&pd_rd_wg=Ya3cL&pd_rd_r=c3d6cb98-4c34-450a-b068-ca77b24bcce5&sp_csd=d2lkZ2V0TmFtZT1zcF9kZXRhaWxfdGhlbWF0aWM
2026-09-01 04:41:48 | INFO     | scraper.http_client | GET https://www.amazon.com/dp/B0HF7SXJT8/ref=sspa_dk_detail_0?psc=1&pd_rd_i=B0HF7SXJT8&pd_rd_w=hb8jh&content-id=amzn1.sym.9bd45040-31dd-4792-bd5a-341290ebe305&pf_rd_p=9bd45040-31dd-4792-bd5a-341290ebe305&pf_rd_r=AM5QX5EK2VK5Q2W37V17&pd_rd_wg=Ya3cL&pd_rd_r=c3d6cb98-4c34-450a-b068-ca77b24bcce5&sp_csd=d2lkZ2V0TmFtZT1zcF9kZXRhaWxfdGhlbWF0aWM
2026-09-01 04:41:48 | INFO     | scraper.http_client | GET https://www.amazon.com/dp/B0HF7SXJT8/ref=sspa_dk_detail_0?psc=1&pd_rd_i=B0HF7SXJT8&pd_rd_w=hb8jh&content-id=amzn1.sym.9bd45040-31dd-4792-bd5a-341290ebe305&pf_rd_p=9bd45040-31dd-4792-bd5a-341290ebe305&pf_rd_r=AM5QX5EK2VK5Q2W37V17&pd_rd_wg=Ya3cL&pd_rd_r=c3d6cb98-4c34-450a-b068-ca77b24bcce5&sp_csd=d2lkZ2V0TmFtZT1zcF9kZXRhaWxfdGhlbWF0aWM
2026-09-01 04:41:48 | INFO     | scraper.http_client | GET https://www.amazon.com/dp/B0HF7SXJT8/ref=sspa_dk_detail_0?psc=1&pd_rd_i=B0HF7SXJT8&pd_rd_w=hb8jh&content-id=amzn1.sym.9bd45040-31dd-4792-bd5a-341290ebe305&pf_rd_p=9bd45040-31dd-4792-bd5a-341290ebe305&pf_rd_r=AM5QX5EK2VK5Q2W37V17&pd_rd_wg=Ya3cL&pd_rd_r=c3d6cb98-4c34-450a-b068-ca77b24bcce5&sp_csd=d2lkZ2V0TmFtZT1zcF9kZXRhaWxfdGhlbWF0aWM
2026-09-01 04:41:52 | INFO     | scraper.cleaner | Cleaned 1 products -> 1 after deduplication
2026-09-01 04:41:52 | INFO     | scraper.cleaner | Cleaned 1 products -> 1 after deduplication
2026-09-01 04:41:52 | INFO     | scraper.cleaner | Cleaned 1 products -> 1 after deduplication
2026-09-01 04:41:52 | INFO     | scraper.cleaner | Cleaned 1 products -> 1 after deduplication
2026-09-01 04:41:52 | INFO     | scraper.cleaner | Cleaned 1 products -> 1 after deduplication
2026-09-01 04:41:52 | INFO     | scraper.validator | Validated 1 products -> 1 valid
2026-09-01 04:41:52 | INFO     | scraper.validator | Validated 1 products -> 1 valid
2026-09-01 04:41:52 | INFO     | scraper.validator | Validated 1 products -> 1 valid
2026-09-01 04:41:52 | INFO     | scraper.validator | Validated 1 products -> 1 valid
2026-09-01 04:41:52 | INFO     | scraper.validator | Validated 1 products -> 1 valid
2026-09-01 04:41:52 | INFO     | scraper.storage | Saved CSV: output\products.csv
2026-09-01 04:41:52 | INFO     | scraper.storage | Saved CSV: output\products.csv
2026-09-01 04:41:52 | INFO     | scraper.storage | Saved CSV: output\products.csv
2026-09-01 04:41:52 | INFO     | scraper.storage | Saved CSV: output\products.csv
2026-09-01 04:41:52 | INFO     | scraper.storage | Saved CSV: output\products.csv
2026-09-01 04:41:55 | INFO     | scraper.storage | Saved Excel: output\products.xlsx
2026-09-01 04:41:55 | INFO     | scraper.storage | Saved Excel: output\products.xlsx
2026-09-01 04:41:55 | INFO     | scraper.storage | Saved Excel: output\products.xlsx
2026-09-01 04:41:55 | INFO     | scraper.storage | Saved Excel: output\products.xlsx
2026-09-01 04:41:55 | INFO     | scraper.storage | Saved Excel: output\products.xlsx
2026-09-01 04:41:55 | INFO     | scraper.analysis | Analysis complete: 1 products
2026-09-01 04:41:55 | INFO     | scraper.analysis | Analysis complete: 1 products
2026-09-01 04:41:55 | INFO     | scraper.analysis | Analysis complete: 1 products
2026-09-01 04:41:55 | INFO     | scraper.analysis | Analysis complete: 1 products
2026-09-01 04:41:55 | INFO     | scraper.analysis | Analysis complete: 1 products
2026-09-01 04:41:58 | INFO     | matplotlib.category | Using categorical units to plot a list of strings that are all parsable as floats or dates. If these strings should be plotted as numbers, cast to the appropriate data type before plotting.
2026-09-01 04:41:58 | INFO     | matplotlib.category | Using categorical units to plot a list of strings that are all parsable as floats or dates. If these strings should be plotted as numbers, cast to the appropriate data type before plotting.
2026-09-01 04:41:58 | INFO     | matplotlib.category | Using categorical units to plot a list of strings that are all parsable as floats or dates. If these strings should be plotted as numbers, cast to the appropriate data type before plotting.
2026-09-01 04:41:58 | INFO     | matplotlib.category | Using categorical units to plot a list of strings that are all parsable as floats or dates. If these strings should be plotted as numbers, cast to the appropriate data type before plotting.
2026-09-01 04:41:58 | INFO     | matplotlib.category | Using categorical units to plot a list of strings that are all parsable as floats or dates. If these strings should be plotted as numbers, cast to the appropriate data type before plotting.
2026-09-01 04:41:58 | INFO     | matplotlib.category | Using categorical units to plot a list of strings that are all parsable as floats or dates. If these strings should be plotted as numbers, cast to the appropriate data type before plotting.
2026-09-01 04:41:58 | INFO     | matplotlib.category | Using categorical units to plot a list of strings that are all parsable as floats or dates. If these strings should be plotted as numbers, cast to the appropriate data type before plotting.
2026-09-01 04:41:58 | INFO     | matplotlib.category | Using categorical units to plot a list of strings that are all parsable as floats or dates. If these strings should be plotted as numbers, cast to the appropriate data type before plotting.
2026-09-01 04:41:58 | INFO     | matplotlib.category | Using categorical units to plot a list of strings that are all parsable as floats or dates. If these strings should be plotted as numbers, cast to the appropriate data type before plotting.
2026-09-01 04:41:58 | INFO     | matplotlib.category | Using categorical units to plot a list of strings that are all parsable as floats or dates. If these strings should be plotted as numbers, cast to the appropriate data type before plotting.
2026-09-01 04:42:32 | INFO     | scraper.http_client | GET https://www.amazon.com/robots.txt
2026-09-01 04:42:32 | INFO     | scraper.http_client | GET https://www.amazon.com/robots.txt
2026-09-01 04:42:32 | INFO     | scraper.http_client | GET https://www.amazon.com/robots.txt
2026-09-01 04:42:32 | INFO     | scraper.http_client | GET https://www.amazon.com/robots.txt
2026-09-01 04:42:32 | INFO     | scraper.http_client | GET https://www.amazon.com/robots.txt
2026-09-01 04:42:33 | INFO     | scraper.pipeline | Scraping 1 unique product URLs
2026-09-01 04:42:33 | INFO     | scraper.pipeline | Scraping 1 unique product URLs
2026-09-01 04:42:33 | INFO     | scraper.pipeline | Scraping 1 unique product URLs
2026-09-01 04:42:33 | INFO     | scraper.pipeline | Scraping 1 unique product URLs
2026-09-01 04:42:33 | INFO     | scraper.pipeline | Scraping 1 unique product URLs
2026-09-01 04:42:33 | INFO     | scraper.http_client | GET https://www.amazon.com/dp/B0DW238TXK/ref=sspa_dk_detail_1?pd_rd_i=B0DW238TXK&pd_rd_w=hb8jh&content-id=amzn1.sym.9bd45040-31dd-4792-bd5a-341290ebe305&pf_rd_p=9bd45040-31dd-4792-bd5a-341290ebe305&pf_rd_r=AM5QX5EK2VK5Q2W37V17&pd_rd_wg=Ya3cL&pd_rd_r=c3d6cb98-4c34-450a-b068-ca77b24bcce5&sp_csd=d2lkZ2V0TmFtZT1zcF9kZXRhaWxfdGhlbWF0aWM&th=1
2026-09-01 04:42:33 | INFO     | scraper.http_client | GET https://www.amazon.com/dp/B0DW238TXK/ref=sspa_dk_detail_1?pd_rd_i=B0DW238TXK&pd_rd_w=hb8jh&content-id=amzn1.sym.9bd45040-31dd-4792-bd5a-341290ebe305&pf_rd_p=9bd45040-31dd-4792-bd5a-341290ebe305&pf_rd_r=AM5QX5EK2VK5Q2W37V17&pd_rd_wg=Ya3cL&pd_rd_r=c3d6cb98-4c34-450a-b068-ca77b24bcce5&sp_csd=d2lkZ2V0TmFtZT1zcF9kZXRhaWxfdGhlbWF0aWM&th=1
2026-09-01 04:42:33 | INFO     | scraper.http_client | GET https://www.amazon.com/dp/B0DW238TXK/ref=sspa_dk_detail_1?pd_rd_i=B0DW238TXK&pd_rd_w=hb8jh&content-id=amzn1.sym.9bd45040-31dd-4792-bd5a-341290ebe305&pf_rd_p=9bd45040-31dd-4792-bd5a-341290ebe305&pf_rd_r=AM5QX5EK2VK5Q2W37V17&pd_rd_wg=Ya3cL&pd_rd_r=c3d6cb98-4c34-450a-b068-ca77b24bcce5&sp_csd=d2lkZ2V0TmFtZT1zcF9kZXRhaWxfdGhlbWF0aWM&th=1
2026-09-01 04:42:33 | INFO     | scraper.http_client | GET https://www.amazon.com/dp/B0DW238TXK/ref=sspa_dk_detail_1?pd_rd_i=B0DW238TXK&pd_rd_w=hb8jh&content-id=amzn1.sym.9bd45040-31dd-4792-bd5a-341290ebe305&pf_rd_p=9bd45040-31dd-4792-bd5a-341290ebe305&pf_rd_r=AM5QX5EK2VK5Q2W37V17&pd_rd_wg=Ya3cL&pd_rd_r=c3d6cb98-4c34-450a-b068-ca77b24bcce5&sp_csd=d2lkZ2V0TmFtZT1zcF9kZXRhaWxfdGhlbWF0aWM&th=1
2026-09-01 04:42:33 | INFO     | scraper.http_client | GET https://www.amazon.com/dp/B0DW238TXK/ref=sspa_dk_detail_1?pd_rd_i=B0DW238TXK&pd_rd_w=hb8jh&content-id=amzn1.sym.9bd45040-31dd-4792-bd5a-341290ebe305&pf_rd_p=9bd45040-31dd-4792-bd5a-341290ebe305&pf_rd_r=AM5QX5EK2VK5Q2W37V17&pd_rd_wg=Ya3cL&pd_rd_r=c3d6cb98-4c34-450a-b068-ca77b24bcce5&sp_csd=d2lkZ2V0TmFtZT1zcF9kZXRhaWxfdGhlbWF0aWM&th=1
2026-09-01 04:42:37 | INFO     | scraper.cleaner | Cleaned 1 products -> 1 after deduplication
2026-09-01 04:42:37 | INFO     | scraper.cleaner | Cleaned 1 products -> 1 after deduplication
2026-09-01 04:42:37 | INFO     | scraper.cleaner | Cleaned 1 products -> 1 after deduplication
2026-09-01 04:42:37 | INFO     | scraper.cleaner | Cleaned 1 products -> 1 after deduplication
2026-09-01 04:42:37 | INFO     | scraper.cleaner | Cleaned 1 products -> 1 after deduplication
2026-09-01 04:42:37 | INFO     | scraper.validator | Validated 1 products -> 1 valid
2026-09-01 04:42:37 | INFO     | scraper.validator | Validated 1 products -> 1 valid
2026-09-01 04:42:37 | INFO     | scraper.validator | Validated 1 products -> 1 valid
2026-09-01 04:42:37 | INFO     | scraper.validator | Validated 1 products -> 1 valid
2026-09-01 04:42:37 | INFO     | scraper.validator | Validated 1 products -> 1 valid
2026-09-01 04:42:38 | INFO     | scraper.storage | Saved CSV: output\products.csv
2026-09-01 04:42:38 | INFO     | scraper.storage | Saved CSV: output\products.csv
2026-09-01 04:42:38 | INFO     | scraper.storage | Saved CSV: output\products.csv
2026-09-01 04:42:38 | INFO     | scraper.storage | Saved CSV: output\products.csv
2026-09-01 04:42:38 | INFO     | scraper.storage | Saved CSV: output\products.csv
2026-09-01 04:42:42 | INFO     | scraper.storage | Saved Excel: output\products.xlsx
2026-09-01 04:42:42 | INFO     | scraper.storage | Saved Excel: output\products.xlsx
2026-09-01 04:42:42 | INFO     | scraper.storage | Saved Excel: output\products.xlsx
2026-09-01 04:42:42 | INFO     | scraper.storage | Saved Excel: output\products.xlsx
2026-09-01 04:42:42 | INFO     | scraper.storage | Saved Excel: output\products.xlsx
2026-09-01 04:42:42 | INFO     | scraper.analysis | Analysis complete: 1 products
2026-09-01 04:42:42 | INFO     | scraper.analysis | Analysis complete: 1 products
2026-09-01 04:42:42 | INFO     | scraper.analysis | Analysis complete: 1 products
2026-09-01 04:42:42 | INFO     | scraper.analysis | Analysis complete: 1 products
2026-09-01 04:42:42 | INFO     | scraper.analysis | Analysis complete: 1 products
2026-09-01 04:42:43 | INFO     | matplotlib.category | Using categorical units to plot a list of strings that are all parsable as floats or dates. If these strings should be plotted as numbers, cast to the appropriate data type before plotting.
2026-09-01 04:42:43 | INFO     | matplotlib.category | Using categorical units to plot a list of strings that are all parsable as floats or dates. If these strings should be plotted as numbers, cast to the appropriate data type before plotting.
2026-09-01 04:42:43 | INFO     | matplotlib.category | Using categorical units to plot a list of strings that are all parsable as floats or dates. If these strings should be plotted as numbers, cast to the appropriate data type before plotting.
2026-09-01 04:42:43 | INFO     | matplotlib.category | Using categorical units to plot a list of strings that are all parsable as floats or dates. If these strings should be plotted as numbers, cast to the appropriate data type before plotting.
2026-09-01 04:42:43 | INFO     | matplotlib.category | Using categorical units to plot a list of strings that are all parsable as floats or dates. If these strings should be plotted as numbers, cast to the appropriate data type before plotting.
2026-09-01 04:42:43 | INFO     | matplotlib.category | Using categorical units to plot a list of strings that are all parsable as floats or dates. If these strings should be plotted as numbers, cast to the appropriate data type before plotting.
2026-09-01 04:42:43 | INFO     | matplotlib.category | Using categorical units to plot a list of strings that are all parsable as floats or dates. If these strings should be plotted as numbers, cast to the appropriate data type before plotting.
2026-09-01 04:42:43 | INFO     | matplotlib.category | Using categorical units to plot a list of strings that are all parsable as floats or dates. If these strings should be plotted as numbers, cast to the appropriate data type before plotting.
2026-09-01 04:42:43 | INFO     | matplotlib.category | Using categorical units to plot a list of strings that are all parsable as floats or dates. If these strings should be plotted as numbers, cast to the appropriate data type before plotting.
2026-09-01 04:42:43 | INFO     | matplotlib.category | Using categorical units to plot a list of strings that are all parsable as floats or dates. If these strings should be plotted as numbers, cast to the appropriate data type before plotting.
2026-09-01 04:45:19 | INFO     | scraper.http_client | GET https://www.amazon.com/robots.txt
2026-09-01 04:45:19 | INFO     | scraper.pipeline | Scraping 5 unique product URLs
2026-09-01 04:45:20 | INFO     | scraper.http_client | GET https://www.amazon.com/Katana-15-6-165Hz-Gaming-Laptop/dp/B0DZFVBQLK
2026-09-01 04:45:23 | INFO     | scraper.http_client | GET https://www.amazon.com/ASUS-ROG-Strix-Gaming-Laptop/dp/B0DZZWMB2L
2026-09-01 04:45:28 | INFO     | scraper.http_client | GET https://www.amazon.com/dp/B0HF7SXJT8
2026-09-01 04:45:35 | INFO     | scraper.http_client | GET https://www.amazon.com/dp/B0DW238TXK
2026-09-01 04:45:38 | INFO     | scraper.http_client | GET https://www.amazon.com/dp/B0FSGJZDNT
2026-09-01 04:45:42 | INFO     | scraper.cleaner | Cleaned 5 products -> 5 after deduplication
2026-09-01 04:45:42 | INFO     | scraper.validator | Validated 5 products -> 5 valid
2026-09-01 04:45:43 | INFO     | scraper.storage | Saved CSV: output\demo_amazon.csv
2026-09-01 04:45:48 | INFO     | scraper.storage | Saved Excel: output\demo_amazon.xlsx
2026-09-01 04:45:49 | INFO     | scraper.analysis | Analysis complete: 5 products
2026-09-01 04:45:51 | INFO     | matplotlib.category | Using categorical units to plot a list of strings that are all parsable as floats or dates. If these strings should be plotted as numbers, cast to the appropriate data type before plotting.
2026-09-01 04:45:51 | INFO     | matplotlib.category | Using categorical units to plot a list of strings that are all parsable as floats or dates. If these strings should be plotted as numbers, cast to the appropriate data type before plotting.
2026-09-01 04:45:51 | INFO     | scraper.visualization | Saved chart: output\charts\price_distribution.png
2026-09-01 04:45:52 | INFO     | scraper.visualization | Saved chart: output\charts\rating_distribution.png
2026-09-01 04:45:53 | INFO     | scraper.visualization | Saved chart: output\charts\price_vs_rating.png
2026-09-01 04:45:53 | INFO     | scraper.visualization | Saved chart: output\charts\products_by_category.png
2026-09-01 04:47:48 | INFO     | scraper.http_client | GET https://www.amazon.com/dp/B0HF7SXJT8
2026-09-01 04:48:35 | INFO     | scraper.http_client | GET https://www.amazon.com/dp/B0HF7SXJT8
2026-09-01 04:49:06 | INFO     | scraper.http_client | GET https://www.amazon.com/dp/B0HF7SXJT8
2026-09-01 04:52:22 | INFO     | scraper.http_client | GET https://www.amazon.com/dp/B0HF7SXJT8
2026-09-01 04:53:35 | INFO     | scraper.http_client | GET https://www.amazon.com/dp/B0HF7SXJT8
2026-09-01 04:54:15 | INFO     | scraper.http_client | GET https://www.amazon.com/dp/B0HF7SXJT8
2026-09-01 04:55:56 | INFO     | scraper.http_client | GET https://www.amazon.com/dp/B09TVKVG8K
2026-09-01 04:55:57 | WARNING  | scraper.http_client | Request failed for https://www.amazon.com/dp/B09TVKVG8K: 404 Client Error: Not Found for url: https://www.amazon.com/dp/B09TVKVG8K
2026-09-01 04:55:58 | INFO     | scraper.http_client | GET https://www.amazon.com/dp/B09MQD6B5G
2026-09-01 04:55:58 | WARNING  | scraper.http_client | Request failed for https://www.amazon.com/dp/B09MQD6B5G: 404 Client Error: Not Found for url: https://www.amazon.com/dp/B09MQD6B5G
2026-09-01 04:55:59 | INFO     | scraper.http_client | GET https://www.amazon.com/dp/B095GUNR4L
2026-09-01 04:55:59 | WARNING  | scraper.http_client | Request failed for https://www.amazon.com/dp/B095GUNR4L: 404 Client Error: Not Found for url: https://www.amazon.com/dp/B095GUNR4L
2026-09-01 04:56:01 | INFO     | scraper.http_client | GET https://www.amazon.com/dp/B07W5WCC2L
2026-09-01 04:56:01 | WARNING  | scraper.http_client | Request failed for https://www.amazon.com/dp/B07W5WCC2L: 404 Client Error: Not Found for url: https://www.amazon.com/dp/B07W5WCC2L
2026-09-01 04:56:02 | INFO     | scraper.http_client | GET https://www.amazon.com/dp/B00HVLUR2U
2026-09-01 04:56:04 | INFO     | scraper.http_client | GET https://www.amazon.com/dp/B07T933V6F
2026-09-01 04:56:04 | WARNING  | scraper.http_client | Request failed for https://www.amazon.com/dp/B07T933V6F: 404 Client Error: Not Found for url: https://www.amazon.com/dp/B07T933V6F
2026-09-01 04:56:05 | INFO     | scraper.http_client | GET https://www.amazon.com/dp/B09Q14J7R7
2026-09-01 04:56:05 | WARNING  | scraper.http_client | Request failed for https://www.amazon.com/dp/B09Q14J7R7: 404 Client Error: Not Found for url: https://www.amazon.com/dp/B09Q14J7R7
2026-09-01 04:56:07 | INFO     | scraper.http_client | GET https://www.amazon.com/dp/B07Q2B5G2V
2026-09-01 04:56:07 | WARNING  | scraper.http_client | Request failed for https://www.amazon.com/dp/B07Q2B5G2V: 404 Client Error: Not Found for url: https://www.amazon.com/dp/B07Q2B5G2V
2026-09-01 04:56:08 | INFO     | scraper.http_client | GET https://www.amazon.com/dp/B00RZZSY4C
2026-09-01 04:56:08 | WARNING  | scraper.http_client | Request failed for https://www.amazon.com/dp/B00RZZSY4C: 404 Client Error: Not Found for url: https://www.amazon.com/dp/B00RZZSY4C
2026-09-01 04:56:10 | INFO     | scraper.http_client | GET https://www.amazon.com/dp/B07ZPCRF8R
2026-09-01 04:56:10 | WARNING  | scraper.http_client | Request failed for https://www.amazon.com/dp/B07ZPCRF8R: 404 Client Error: Not Found for url: https://www.amazon.com/dp/B07ZPCRF8R
2026-09-01 04:58:51 | INFO     | scraper.http_client | GET https://www.amazon.com/robots.txt
2026-09-01 04:58:53 | INFO     | scraper.pipeline | Scraping 5 unique product URLs
2026-09-01 04:58:53 | INFO     | scraper.http_client | GET https://www.amazon.com/Katana-15-6-165Hz-Gaming-Laptop/dp/B0DZFVBQLK
2026-09-01 04:58:55 | INFO     | scraper.http_client | GET https://www.amazon.com/ASUS-ROG-Strix-Gaming-Laptop/dp/B0DZZWMB2L
2026-09-01 04:58:58 | INFO     | scraper.http_client | GET https://www.amazon.com/dp/B0HF7SXJT8
2026-09-01 04:59:01 | INFO     | scraper.http_client | GET https://www.amazon.com/dp/B0DW238TXK
2026-09-01 04:59:04 | INFO     | scraper.http_client | GET https://www.amazon.com/dp/B0FSGJZDNT
2026-09-01 04:59:06 | INFO     | scraper.cleaner | Cleaned 5 products -> 5 after deduplication
2026-09-01 04:59:06 | WARNING  | scraper.validator | Invalid product https://www.amazon.com/Katana-15-6-165Hz-Gaming-Laptop/dp/B0DZFVBQLK: missing price
2026-09-01 04:59:06 | INFO     | scraper.validator | Validated 5 products -> 4 valid
2026-09-01 04:59:06 | INFO     | scraper.storage | Saved CSV: output\final_amazon.csv
2026-09-01 04:59:07 | INFO     | scraper.storage | Saved Excel: output\final_amazon.xlsx
2026-09-01 04:59:07 | INFO     | scraper.analysis | Analysis complete: 4 products
2026-09-01 04:59:08 | INFO     | matplotlib.category | Using categorical units to plot a list of strings that are all parsable as floats or dates. If these strings should be plotted as numbers, cast to the appropriate data type before plotting.
2026-09-01 04:59:08 | INFO     | matplotlib.category | Using categorical units to plot a list of strings that are all parsable as floats or dates. If these strings should be plotted as numbers, cast to the appropriate data type before plotting.
2026-09-01 04:59:08 | INFO     | scraper.visualization | Saved chart: output\charts\price_distribution.png
2026-09-01 04:59:09 | INFO     | scraper.visualization | Saved chart: output\charts\rating_distribution.png
2026-09-01 04:59:09 | INFO     | scraper.visualization | Saved chart: output\charts\price_vs_rating.png
2026-09-01 04:59:09 | INFO     | scraper.visualization | Saved chart: output\charts\products_by_category.png
2026-09-01 05:02:55 | INFO     | scraper.http_client | GET https://www.amazon.com/robots.txt
2026-09-01 05:02:55 | INFO     | scraper.http_client | GET https://www.amazon.com/robots.txt
2026-09-01 05:02:55 | INFO     | scraper.http_client | GET https://www.amazon.com/robots.txt
2026-09-01 05:02:55 | INFO     | scraper.http_client | GET https://www.amazon.com/robots.txt
2026-09-01 05:02:55 | INFO     | scraper.http_client | GET https://www.amazon.com/robots.txt
2026-09-01 05:02:55 | INFO     | scraper.pipeline | Scraping 5 unique product URLs
2026-09-01 05:02:55 | INFO     | scraper.pipeline | Scraping 5 unique product URLs
2026-09-01 05:02:55 | INFO     | scraper.pipeline | Scraping 5 unique product URLs
2026-09-01 05:02:55 | INFO     | scraper.pipeline | Scraping 5 unique product URLs
2026-09-01 05:02:55 | INFO     | scraper.pipeline | Scraping 5 unique product URLs
2026-09-01 05:02:56 | INFO     | scraper.http_client | GET https://www.amazon.com/Katana-15-6-165Hz-Gaming-Laptop/dp/B0DZFVBQLK
2026-09-01 05:02:56 | INFO     | scraper.http_client | GET https://www.amazon.com/Katana-15-6-165Hz-Gaming-Laptop/dp/B0DZFVBQLK
2026-09-01 05:02:56 | INFO     | scraper.http_client | GET https://www.amazon.com/Katana-15-6-165Hz-Gaming-Laptop/dp/B0DZFVBQLK
2026-09-01 05:02:56 | INFO     | scraper.http_client | GET https://www.amazon.com/Katana-15-6-165Hz-Gaming-Laptop/dp/B0DZFVBQLK
2026-09-01 05:02:56 | INFO     | scraper.http_client | GET https://www.amazon.com/Katana-15-6-165Hz-Gaming-Laptop/dp/B0DZFVBQLK
2026-09-01 05:02:59 | INFO     | scraper.http_client | GET https://www.amazon.com/robots.txt
2026-09-01 05:02:59 | INFO     | scraper.http_client | GET https://www.amazon.com/robots.txt
2026-09-01 05:02:59 | INFO     | scraper.http_client | GET https://www.amazon.com/robots.txt
2026-09-01 05:02:59 | INFO     | scraper.http_client | GET https://www.amazon.com/robots.txt
2026-09-01 05:02:59 | INFO     | scraper.http_client | GET https://www.amazon.com/robots.txt
2026-09-01 05:02:59 | INFO     | scraper.http_client | GET https://www.amazon.com/ASUS-ROG-Strix-Gaming-Laptop/dp/B0DZZWMB2L
2026-09-01 05:02:59 | INFO     | scraper.http_client | GET https://www.amazon.com/ASUS-ROG-Strix-Gaming-Laptop/dp/B0DZZWMB2L
2026-09-01 05:02:59 | INFO     | scraper.http_client | GET https://www.amazon.com/ASUS-ROG-Strix-Gaming-Laptop/dp/B0DZZWMB2L
2026-09-01 05:02:59 | INFO     | scraper.http_client | GET https://www.amazon.com/ASUS-ROG-Strix-Gaming-Laptop/dp/B0DZZWMB2L
2026-09-01 05:02:59 | INFO     | scraper.http_client | GET https://www.amazon.com/ASUS-ROG-Strix-Gaming-Laptop/dp/B0DZZWMB2L
2026-09-01 05:02:59 | INFO     | scraper.pipeline | Scraping 5 unique product URLs
2026-09-01 05:02:59 | INFO     | scraper.pipeline | Scraping 5 unique product URLs
2026-09-01 05:02:59 | INFO     | scraper.pipeline | Scraping 5 unique product URLs
2026-09-01 05:02:59 | INFO     | scraper.pipeline | Scraping 5 unique product URLs
2026-09-01 05:02:59 | INFO     | scraper.pipeline | Scraping 5 unique product URLs
2026-09-01 05:03:00 | INFO     | scraper.http_client | GET https://www.amazon.com/Katana-15-6-165Hz-Gaming-Laptop/dp/B0DZFVBQLK
2026-09-01 05:03:00 | INFO     | scraper.http_client | GET https://www.amazon.com/Katana-15-6-165Hz-Gaming-Laptop/dp/B0DZFVBQLK
2026-09-01 05:03:00 | INFO     | scraper.http_client | GET https://www.amazon.com/Katana-15-6-165Hz-Gaming-Laptop/dp/B0DZFVBQLK
2026-09-01 05:03:00 | INFO     | scraper.http_client | GET https://www.amazon.com/Katana-15-6-165Hz-Gaming-Laptop/dp/B0DZFVBQLK
2026-09-01 05:03:00 | INFO     | scraper.http_client | GET https://www.amazon.com/Katana-15-6-165Hz-Gaming-Laptop/dp/B0DZFVBQLK
2026-09-01 05:03:02 | INFO     | scraper.http_client | GET https://www.amazon.com/dp/B0HF7SXJT8
2026-09-01 05:03:02 | INFO     | scraper.http_client | GET https://www.amazon.com/dp/B0HF7SXJT8
2026-09-01 05:03:02 | INFO     | scraper.http_client | GET https://www.amazon.com/dp/B0HF7SXJT8
2026-09-01 05:03:02 | INFO     | scraper.http_client | GET https://www.amazon.com/dp/B0HF7SXJT8
2026-09-01 05:03:02 | INFO     | scraper.http_client | GET https://www.amazon.com/dp/B0HF7SXJT8
2026-09-01 05:03:03 | INFO     | scraper.http_client | GET https://www.amazon.com/ASUS-ROG-Strix-Gaming-Laptop/dp/B0DZZWMB2L
2026-09-01 05:03:03 | INFO     | scraper.http_client | GET https://www.amazon.com/ASUS-ROG-Strix-Gaming-Laptop/dp/B0DZZWMB2L
2026-09-01 05:03:03 | INFO     | scraper.http_client | GET https://www.amazon.com/ASUS-ROG-Strix-Gaming-Laptop/dp/B0DZZWMB2L
2026-09-01 05:03:03 | INFO     | scraper.http_client | GET https://www.amazon.com/ASUS-ROG-Strix-Gaming-Laptop/dp/B0DZZWMB2L
2026-09-01 05:03:03 | INFO     | scraper.http_client | GET https://www.amazon.com/ASUS-ROG-Strix-Gaming-Laptop/dp/B0DZZWMB2L
2026-09-01 05:03:05 | INFO     | scraper.http_client | GET https://www.amazon.com/dp/B0DW238TXK
2026-09-01 05:03:05 | INFO     | scraper.http_client | GET https://www.amazon.com/dp/B0DW238TXK
2026-09-01 05:03:05 | INFO     | scraper.http_client | GET https://www.amazon.com/dp/B0DW238TXK
2026-09-01 05:03:05 | INFO     | scraper.http_client | GET https://www.amazon.com/dp/B0DW238TXK
2026-09-01 05:03:05 | INFO     | scraper.http_client | GET https://www.amazon.com/dp/B0DW238TXK
2026-09-01 05:03:05 | INFO     | scraper.http_client | GET https://www.amazon.com/dp/B0HF7SXJT8
2026-09-01 05:03:05 | INFO     | scraper.http_client | GET https://www.amazon.com/dp/B0HF7SXJT8
2026-09-01 05:03:05 | INFO     | scraper.http_client | GET https://www.amazon.com/dp/B0HF7SXJT8
2026-09-01 05:03:05 | INFO     | scraper.http_client | GET https://www.amazon.com/dp/B0HF7SXJT8
2026-09-01 05:03:05 | INFO     | scraper.http_client | GET https://www.amazon.com/dp/B0HF7SXJT8
2026-09-01 05:03:08 | INFO     | scraper.http_client | GET https://www.amazon.com/dp/B0FSGJZDNT
2026-09-01 05:03:08 | INFO     | scraper.http_client | GET https://www.amazon.com/dp/B0FSGJZDNT
2026-09-01 05:03:08 | INFO     | scraper.http_client | GET https://www.amazon.com/dp/B0FSGJZDNT
2026-09-01 05:03:08 | INFO     | scraper.http_client | GET https://www.amazon.com/dp/B0FSGJZDNT
2026-09-01 05:03:08 | INFO     | scraper.http_client | GET https://www.amazon.com/dp/B0FSGJZDNT
2026-09-01 05:03:08 | INFO     | scraper.http_client | GET https://www.amazon.com/dp/B0DW238TXK
2026-09-01 05:03:08 | INFO     | scraper.http_client | GET https://www.amazon.com/dp/B0DW238TXK
2026-09-01 05:03:08 | INFO     | scraper.http_client | GET https://www.amazon.com/dp/B0DW238TXK
2026-09-01 05:03:08 | INFO     | scraper.http_client | GET https://www.amazon.com/dp/B0DW238TXK
2026-09-01 05:03:08 | INFO     | scraper.http_client | GET https://www.amazon.com/dp/B0DW238TXK
2026-09-01 05:03:12 | INFO     | scraper.cleaner | Cleaned 5 products -> 5 after deduplication
2026-09-01 05:03:12 | INFO     | scraper.cleaner | Cleaned 5 products -> 5 after deduplication
2026-09-01 05:03:12 | INFO     | scraper.cleaner | Cleaned 5 products -> 5 after deduplication
2026-09-01 05:03:12 | INFO     | scraper.cleaner | Cleaned 5 products -> 5 after deduplication
2026-09-01 05:03:12 | INFO     | scraper.cleaner | Cleaned 5 products -> 5 after deduplication
2026-09-01 05:03:12 | INFO     | scraper.validator | Validated 5 products -> 5 valid
2026-09-01 05:03:12 | INFO     | scraper.validator | Validated 5 products -> 5 valid
2026-09-01 05:03:12 | INFO     | scraper.validator | Validated 5 products -> 5 valid
2026-09-01 05:03:12 | INFO     | scraper.validator | Validated 5 products -> 5 valid
2026-09-01 05:03:12 | INFO     | scraper.validator | Validated 5 products -> 5 valid
2026-09-01 05:03:12 | INFO     | scraper.storage | Saved CSV: output\products.csv
2026-09-01 05:03:12 | INFO     | scraper.storage | Saved CSV: output\products.csv
2026-09-01 05:03:12 | INFO     | scraper.storage | Saved CSV: output\products.csv
2026-09-01 05:03:12 | INFO     | scraper.storage | Saved CSV: output\products.csv
2026-09-01 05:03:12 | INFO     | scraper.storage | Saved CSV: output\products.csv
2026-09-01 05:03:13 | INFO     | scraper.http_client | GET https://www.amazon.com/dp/B0FSGJZDNT
2026-09-01 05:03:13 | INFO     | scraper.http_client | GET https://www.amazon.com/dp/B0FSGJZDNT
2026-09-01 05:03:13 | INFO     | scraper.http_client | GET https://www.amazon.com/dp/B0FSGJZDNT
2026-09-01 05:03:13 | INFO     | scraper.http_client | GET https://www.amazon.com/dp/B0FSGJZDNT
2026-09-01 05:03:13 | INFO     | scraper.http_client | GET https://www.amazon.com/dp/B0FSGJZDNT
2026-09-01 05:03:13 | INFO     | scraper.storage | Saved Excel: output\products.xlsx
2026-09-01 05:03:13 | INFO     | scraper.storage | Saved Excel: output\products.xlsx
2026-09-01 05:03:13 | INFO     | scraper.storage | Saved Excel: output\products.xlsx
2026-09-01 05:03:13 | INFO     | scraper.storage | Saved Excel: output\products.xlsx
2026-09-01 05:03:13 | INFO     | scraper.storage | Saved Excel: output\products.xlsx
2026-09-01 05:03:13 | INFO     | scraper.analysis | Analysis complete: 5 products
2026-09-01 05:03:13 | INFO     | scraper.analysis | Analysis complete: 5 products
2026-09-01 05:03:13 | INFO     | scraper.analysis | Analysis complete: 5 products
2026-09-01 05:03:13 | INFO     | scraper.analysis | Analysis complete: 5 products
2026-09-01 05:03:13 | INFO     | scraper.analysis | Analysis complete: 5 products
2026-09-01 05:03:15 | INFO     | scraper.cleaner | Cleaned 5 products -> 5 after deduplication
2026-09-01 05:03:15 | INFO     | scraper.cleaner | Cleaned 5 products -> 5 after deduplication
2026-09-01 05:03:15 | INFO     | scraper.cleaner | Cleaned 5 products -> 5 after deduplication
2026-09-01 05:03:15 | INFO     | scraper.cleaner | Cleaned 5 products -> 5 after deduplication
2026-09-01 05:03:15 | INFO     | scraper.cleaner | Cleaned 5 products -> 5 after deduplication
2026-09-01 05:03:15 | INFO     | scraper.validator | Validated 5 products -> 5 valid
2026-09-01 05:03:15 | INFO     | scraper.validator | Validated 5 products -> 5 valid
2026-09-01 05:03:15 | INFO     | scraper.validator | Validated 5 products -> 5 valid
2026-09-01 05:03:15 | INFO     | scraper.validator | Validated 5 products -> 5 valid
2026-09-01 05:03:15 | INFO     | scraper.validator | Validated 5 products -> 5 valid
2026-09-01 05:03:15 | INFO     | scraper.storage | Saved CSV: output\products.csv
2026-09-01 05:03:15 | INFO     | scraper.storage | Saved CSV: output\products.csv
2026-09-01 05:03:15 | INFO     | scraper.storage | Saved CSV: output\products.csv
2026-09-01 05:03:15 | INFO     | scraper.storage | Saved CSV: output\products.csv
2026-09-01 05:03:15 | INFO     | scraper.storage | Saved CSV: output\products.csv
2026-09-01 05:03:16 | INFO     | scraper.storage | Saved Excel: output\products.xlsx
2026-09-01 05:03:16 | INFO     | scraper.storage | Saved Excel: output\products.xlsx
2026-09-01 05:03:16 | INFO     | scraper.storage | Saved Excel: output\products.xlsx
2026-09-01 05:03:16 | INFO     | scraper.storage | Saved Excel: output\products.xlsx
2026-09-01 05:03:16 | INFO     | scraper.storage | Saved Excel: output\products.xlsx
2026-09-01 05:03:16 | INFO     | scraper.analysis | Analysis complete: 5 products
2026-09-01 05:03:16 | INFO     | scraper.analysis | Analysis complete: 5 products
2026-09-01 05:03:16 | INFO     | scraper.analysis | Analysis complete: 5 products
2026-09-01 05:03:16 | INFO     | scraper.analysis | Analysis complete: 5 products
2026-09-01 05:03:16 | INFO     | scraper.analysis | Analysis complete: 5 products
2026-09-01 05:03:16 | INFO     | matplotlib.category | Using categorical units to plot a list of strings that are all parsable as floats or dates. If these strings should be plotted as numbers, cast to the appropriate data type before plotting.
2026-09-01 05:03:16 | INFO     | matplotlib.category | Using categorical units to plot a list of strings that are all parsable as floats or dates. If these strings should be plotted as numbers, cast to the appropriate data type before plotting.
2026-09-01 05:03:16 | INFO     | matplotlib.category | Using categorical units to plot a list of strings that are all parsable as floats or dates. If these strings should be plotted as numbers, cast to the appropriate data type before plotting.
2026-09-01 05:03:16 | INFO     | matplotlib.category | Using categorical units to plot a list of strings that are all parsable as floats or dates. If these strings should be plotted as numbers, cast to the appropriate data type before plotting.
2026-09-01 05:03:16 | INFO     | matplotlib.category | Using categorical units to plot a list of strings that are all parsable as floats or dates. If these strings should be plotted as numbers, cast to the appropriate data type before plotting.
2026-09-01 05:03:17 | INFO     | matplotlib.category | Using categorical units to plot a list of strings that are all parsable as floats or dates. If these strings should be plotted as numbers, cast to the appropriate data type before plotting.
2026-09-01 05:03:17 | INFO     | matplotlib.category | Using categorical units to plot a list of strings that are all parsable as floats or dates. If these strings should be plotted as numbers, cast to the appropriate data type before plotting.
2026-09-01 05:03:17 | INFO     | matplotlib.category | Using categorical units to plot a list of strings that are all parsable as floats or dates. If these strings should be plotted as numbers, cast to the appropriate data type before plotting.
2026-09-01 05:03:17 | INFO     | matplotlib.category | Using categorical units to plot a list of strings that are all parsable as floats or dates. If these strings should be plotted as numbers, cast to the appropriate data type before plotting.
2026-09-01 05:03:17 | INFO     | matplotlib.category | Using categorical units to plot a list of strings that are all parsable as floats or dates. If these strings should be plotted as numbers, cast to the appropriate data type before plotting.
2026-09-01 05:07:57 | INFO     | scraper.http_client | GET https://www.amazon.com/robots.txt
2026-09-01 05:07:57 | INFO     | scraper.http_client | GET https://www.amazon.com/robots.txt
2026-09-01 05:07:57 | INFO     | scraper.http_client | GET https://www.amazon.com/robots.txt
2026-09-01 05:07:57 | INFO     | scraper.http_client | GET https://www.amazon.com/robots.txt
2026-09-01 05:07:57 | INFO     | scraper.http_client | GET https://www.amazon.com/robots.txt
2026-09-01 05:07:58 | INFO     | scraper.pipeline | Scraping 5 unique product URLs
2026-09-01 05:07:58 | INFO     | scraper.pipeline | Scraping 5 unique product URLs
2026-09-01 05:07:58 | INFO     | scraper.pipeline | Scraping 5 unique product URLs
2026-09-01 05:07:58 | INFO     | scraper.pipeline | Scraping 5 unique product URLs
2026-09-01 05:07:58 | INFO     | scraper.pipeline | Scraping 5 unique product URLs
2026-09-01 05:07:58 | INFO     | scraper.http_client | GET https://www.amazon.com/Katana-15-6-165Hz-Gaming-Laptop/dp/B0DZFVBQLK
2026-09-01 05:07:58 | INFO     | scraper.http_client | GET https://www.amazon.com/Katana-15-6-165Hz-Gaming-Laptop/dp/B0DZFVBQLK
2026-09-01 05:07:58 | INFO     | scraper.http_client | GET https://www.amazon.com/Katana-15-6-165Hz-Gaming-Laptop/dp/B0DZFVBQLK
2026-09-01 05:07:58 | INFO     | scraper.http_client | GET https://www.amazon.com/Katana-15-6-165Hz-Gaming-Laptop/dp/B0DZFVBQLK
2026-09-01 05:07:58 | INFO     | scraper.http_client | GET https://www.amazon.com/Katana-15-6-165Hz-Gaming-Laptop/dp/B0DZFVBQLK
2026-09-01 05:08:01 | INFO     | scraper.http_client | GET https://www.amazon.com/ASUS-ROG-Strix-Gaming-Laptop/dp/B0DZZWMB2L
2026-09-01 05:08:01 | INFO     | scraper.http_client | GET https://www.amazon.com/ASUS-ROG-Strix-Gaming-Laptop/dp/B0DZZWMB2L
2026-09-01 05:08:01 | INFO     | scraper.http_client | GET https://www.amazon.com/ASUS-ROG-Strix-Gaming-Laptop/dp/B0DZZWMB2L
2026-09-01 05:08:01 | INFO     | scraper.http_client | GET https://www.amazon.com/ASUS-ROG-Strix-Gaming-Laptop/dp/B0DZZWMB2L
2026-09-01 05:08:01 | INFO     | scraper.http_client | GET https://www.amazon.com/ASUS-ROG-Strix-Gaming-Laptop/dp/B0DZZWMB2L
2026-09-01 05:08:03 | INFO     | scraper.http_client | GET https://www.amazon.com/dp/B0HF7SXJT8
2026-09-01 05:08:03 | INFO     | scraper.http_client | GET https://www.amazon.com/dp/B0HF7SXJT8
2026-09-01 05:08:03 | INFO     | scraper.http_client | GET https://www.amazon.com/dp/B0HF7SXJT8
2026-09-01 05:08:03 | INFO     | scraper.http_client | GET https://www.amazon.com/dp/B0HF7SXJT8
2026-09-01 05:08:03 | INFO     | scraper.http_client | GET https://www.amazon.com/dp/B0HF7SXJT8
2026-09-01 05:08:05 | INFO     | scraper.http_client | GET https://www.amazon.com/robots.txt
2026-09-01 05:08:05 | INFO     | scraper.http_client | GET https://www.amazon.com/robots.txt
2026-09-01 05:08:05 | INFO     | scraper.http_client | GET https://www.amazon.com/robots.txt
2026-09-01 05:08:05 | INFO     | scraper.http_client | GET https://www.amazon.com/robots.txt
2026-09-01 05:08:05 | INFO     | scraper.http_client | GET https://www.amazon.com/robots.txt
2026-09-01 05:08:06 | INFO     | scraper.pipeline | Scraping 5 unique product URLs
2026-09-01 05:08:06 | INFO     | scraper.pipeline | Scraping 5 unique product URLs
2026-09-01 05:08:06 | INFO     | scraper.pipeline | Scraping 5 unique product URLs
2026-09-01 05:08:06 | INFO     | scraper.pipeline | Scraping 5 unique product URLs
2026-09-01 05:08:06 | INFO     | scraper.pipeline | Scraping 5 unique product URLs
2026-09-01 05:08:06 | INFO     | scraper.http_client | GET https://www.amazon.com/Katana-15-6-165Hz-Gaming-Laptop/dp/B0DZFVBQLK
2026-09-01 05:08:06 | INFO     | scraper.http_client | GET https://www.amazon.com/Katana-15-6-165Hz-Gaming-Laptop/dp/B0DZFVBQLK
2026-09-01 05:08:06 | INFO     | scraper.http_client | GET https://www.amazon.com/Katana-15-6-165Hz-Gaming-Laptop/dp/B0DZFVBQLK
2026-09-01 05:08:06 | INFO     | scraper.http_client | GET https://www.amazon.com/Katana-15-6-165Hz-Gaming-Laptop/dp/B0DZFVBQLK
2026-09-01 05:08:06 | INFO     | scraper.http_client | GET https://www.amazon.com/Katana-15-6-165Hz-Gaming-Laptop/dp/B0DZFVBQLK
2026-09-01 05:08:06 | INFO     | scraper.http_client | GET https://www.amazon.com/dp/B0DW238TXK
2026-09-01 05:08:06 | INFO     | scraper.http_client | GET https://www.amazon.com/dp/B0DW238TXK
2026-09-01 05:08:06 | INFO     | scraper.http_client | GET https://www.amazon.com/dp/B0DW238TXK
2026-09-01 05:08:06 | INFO     | scraper.http_client | GET https://www.amazon.com/dp/B0DW238TXK
2026-09-01 05:08:06 | INFO     | scraper.http_client | GET https://www.amazon.com/dp/B0DW238TXK
2026-09-01 05:08:07 | INFO     | scraper.http_client | GET https://www.amazon.com/dp/B0FSGJZDNT
2026-09-01 05:08:07 | INFO     | scraper.http_client | GET https://www.amazon.com/dp/B0FSGJZDNT
2026-09-01 05:08:07 | INFO     | scraper.http_client | GET https://www.amazon.com/dp/B0FSGJZDNT
2026-09-01 05:08:07 | INFO     | scraper.http_client | GET https://www.amazon.com/dp/B0FSGJZDNT
2026-09-01 05:08:07 | INFO     | scraper.http_client | GET https://www.amazon.com/dp/B0FSGJZDNT
2026-09-01 05:08:07 | INFO     | scraper.cleaner | Cleaned 5 products -> 4 after deduplication
2026-09-01 05:08:07 | INFO     | scraper.cleaner | Cleaned 5 products -> 4 after deduplication
2026-09-01 05:08:07 | INFO     | scraper.cleaner | Cleaned 5 products -> 4 after deduplication
2026-09-01 05:08:07 | INFO     | scraper.cleaner | Cleaned 5 products -> 4 after deduplication
2026-09-01 05:08:07 | INFO     | scraper.cleaner | Cleaned 5 products -> 4 after deduplication
2026-09-01 05:08:07 | WARNING  | scraper.validator | Invalid product https://www.amazon.com/dp/B0DW238TXK: missing price
2026-09-01 05:08:07 | WARNING  | scraper.validator | Invalid product https://www.amazon.com/dp/B0DW238TXK: missing price
2026-09-01 05:08:07 | WARNING  | scraper.validator | Invalid product https://www.amazon.com/dp/B0DW238TXK: missing price
2026-09-01 05:08:07 | WARNING  | scraper.validator | Invalid product https://www.amazon.com/dp/B0DW238TXK: missing price
2026-09-01 05:08:07 | WARNING  | scraper.validator | Invalid product https://www.amazon.com/dp/B0DW238TXK: missing price
2026-09-01 05:08:07 | INFO     | scraper.validator | Validated 4 products -> 3 valid
2026-09-01 05:08:07 | INFO     | scraper.validator | Validated 4 products -> 3 valid
2026-09-01 05:08:07 | INFO     | scraper.validator | Validated 4 products -> 3 valid
2026-09-01 05:08:07 | INFO     | scraper.validator | Validated 4 products -> 3 valid
2026-09-01 05:08:07 | INFO     | scraper.validator | Validated 4 products -> 3 valid
2026-09-01 05:08:08 | INFO     | scraper.storage | Saved CSV: output\products.csv
2026-09-01 05:08:08 | INFO     | scraper.storage | Saved CSV: output\products.csv
2026-09-01 05:08:08 | INFO     | scraper.storage | Saved CSV: output\products.csv
2026-09-01 05:08:08 | INFO     | scraper.storage | Saved CSV: output\products.csv
2026-09-01 05:08:08 | INFO     | scraper.storage | Saved CSV: output\products.csv
2026-09-01 05:08:08 | INFO     | scraper.storage | Saved Excel: output\products.xlsx
2026-09-01 05:08:08 | INFO     | scraper.storage | Saved Excel: output\products.xlsx
2026-09-01 05:08:08 | INFO     | scraper.storage | Saved Excel: output\products.xlsx
2026-09-01 05:08:08 | INFO     | scraper.storage | Saved Excel: output\products.xlsx
2026-09-01 05:08:08 | INFO     | scraper.storage | Saved Excel: output\products.xlsx
2026-09-01 05:08:09 | INFO     | scraper.analysis | Analysis complete: 3 products
2026-09-01 05:08:09 | INFO     | scraper.analysis | Analysis complete: 3 products
2026-09-01 05:08:09 | INFO     | scraper.analysis | Analysis complete: 3 products
2026-09-01 05:08:09 | INFO     | scraper.analysis | Analysis complete: 3 products
2026-09-01 05:08:09 | INFO     | scraper.analysis | Analysis complete: 3 products
2026-09-01 05:08:10 | INFO     | scraper.http_client | GET https://www.amazon.com/ASUS-ROG-Strix-Gaming-Laptop/dp/B0DZZWMB2L
2026-09-01 05:08:10 | INFO     | scraper.http_client | GET https://www.amazon.com/ASUS-ROG-Strix-Gaming-Laptop/dp/B0DZZWMB2L
2026-09-01 05:08:10 | INFO     | scraper.http_client | GET https://www.amazon.com/ASUS-ROG-Strix-Gaming-Laptop/dp/B0DZZWMB2L
2026-09-01 05:08:10 | INFO     | scraper.http_client | GET https://www.amazon.com/ASUS-ROG-Strix-Gaming-Laptop/dp/B0DZZWMB2L
2026-09-01 05:08:10 | INFO     | scraper.http_client | GET https://www.amazon.com/ASUS-ROG-Strix-Gaming-Laptop/dp/B0DZZWMB2L
2026-09-01 05:08:13 | INFO     | scraper.http_client | GET https://www.amazon.com/dp/B0HF7SXJT8
2026-09-01 05:08:13 | INFO     | scraper.http_client | GET https://www.amazon.com/dp/B0HF7SXJT8
2026-09-01 05:08:13 | INFO     | scraper.http_client | GET https://www.amazon.com/dp/B0HF7SXJT8
2026-09-01 05:08:13 | INFO     | scraper.http_client | GET https://www.amazon.com/dp/B0HF7SXJT8
2026-09-01 05:08:13 | INFO     | scraper.http_client | GET https://www.amazon.com/dp/B0HF7SXJT8
2026-09-01 05:08:16 | INFO     | scraper.http_client | GET https://www.amazon.com/dp/B0DW238TXK
2026-09-01 05:08:16 | INFO     | scraper.http_client | GET https://www.amazon.com/dp/B0DW238TXK
2026-09-01 05:08:16 | INFO     | scraper.http_client | GET https://www.amazon.com/dp/B0DW238TXK
2026-09-01 05:08:16 | INFO     | scraper.http_client | GET https://www.amazon.com/dp/B0DW238TXK
2026-09-01 05:08:16 | INFO     | scraper.http_client | GET https://www.amazon.com/dp/B0DW238TXK
2026-09-01 05:08:19 | INFO     | scraper.http_client | GET https://www.amazon.com/dp/B0FSGJZDNT
2026-09-01 05:08:19 | INFO     | scraper.http_client | GET https://www.amazon.com/dp/B0FSGJZDNT
2026-09-01 05:08:19 | INFO     | scraper.http_client | GET https://www.amazon.com/dp/B0FSGJZDNT
2026-09-01 05:08:19 | INFO     | scraper.http_client | GET https://www.amazon.com/dp/B0FSGJZDNT
2026-09-01 05:08:19 | INFO     | scraper.http_client | GET https://www.amazon.com/dp/B0FSGJZDNT
2026-09-01 05:08:22 | INFO     | scraper.cleaner | Cleaned 5 products -> 5 after deduplication
2026-09-01 05:08:22 | INFO     | scraper.cleaner | Cleaned 5 products -> 5 after deduplication
2026-09-01 05:08:22 | INFO     | scraper.cleaner | Cleaned 5 products -> 5 after deduplication
2026-09-01 05:08:22 | INFO     | scraper.cleaner | Cleaned 5 products -> 5 after deduplication
2026-09-01 05:08:22 | INFO     | scraper.cleaner | Cleaned 5 products -> 5 after deduplication
2026-09-01 05:08:22 | INFO     | scraper.validator | Validated 5 products -> 5 valid
2026-09-01 05:08:22 | INFO     | scraper.validator | Validated 5 products -> 5 valid
2026-09-01 05:08:22 | INFO     | scraper.validator | Validated 5 products -> 5 valid
2026-09-01 05:08:22 | INFO     | scraper.validator | Validated 5 products -> 5 valid
2026-09-01 05:08:22 | INFO     | scraper.validator | Validated 5 products -> 5 valid
2026-09-01 05:08:22 | INFO     | scraper.storage | Saved CSV: output\products.csv
2026-09-01 05:08:22 | INFO     | scraper.storage | Saved CSV: output\products.csv
2026-09-01 05:08:22 | INFO     | scraper.storage | Saved CSV: output\products.csv
2026-09-01 05:08:22 | INFO     | scraper.storage | Saved CSV: output\products.csv
2026-09-01 05:08:22 | INFO     | scraper.storage | Saved CSV: output\products.csv
2026-09-01 05:08:22 | INFO     | scraper.storage | Saved Excel: output\products.xlsx
2026-09-01 05:08:22 | INFO     | scraper.storage | Saved Excel: output\products.xlsx
2026-09-01 05:08:22 | INFO     | scraper.storage | Saved Excel: output\products.xlsx
2026-09-01 05:08:22 | INFO     | scraper.storage | Saved Excel: output\products.xlsx
2026-09-01 05:08:22 | INFO     | scraper.storage | Saved Excel: output\products.xlsx
2026-09-01 05:08:22 | INFO     | scraper.analysis | Analysis complete: 5 products
2026-09-01 05:08:22 | INFO     | scraper.analysis | Analysis complete: 5 products
2026-09-01 05:08:22 | INFO     | scraper.analysis | Analysis complete: 5 products
2026-09-01 05:08:22 | INFO     | scraper.analysis | Analysis complete: 5 products
2026-09-01 05:08:22 | INFO     | scraper.analysis | Analysis complete: 5 products
2026-09-01 05:08:23 | INFO     | matplotlib.category | Using categorical units to plot a list of strings that are all parsable as floats or dates. If these strings should be plotted as numbers, cast to the appropriate data type before plotting.
2026-09-01 05:08:23 | INFO     | matplotlib.category | Using categorical units to plot a list of strings that are all parsable as floats or dates. If these strings should be plotted as numbers, cast to the appropriate data type before plotting.
2026-09-01 05:08:23 | INFO     | matplotlib.category | Using categorical units to plot a list of strings that are all parsable as floats or dates. If these strings should be plotted as numbers, cast to the appropriate data type before plotting.
2026-09-01 05:08:23 | INFO     | matplotlib.category | Using categorical units to plot a list of strings that are all parsable as floats or dates. If these strings should be plotted as numbers, cast to the appropriate data type before plotting.
2026-09-01 05:08:23 | INFO     | matplotlib.category | Using categorical units to plot a list of strings that are all parsable as floats or dates. If these strings should be plotted as numbers, cast to the appropriate data type before plotting.
2026-09-01 05:08:23 | INFO     | matplotlib.category | Using categorical units to plot a list of strings that are all parsable as floats or dates. If these strings should be plotted as numbers, cast to the appropriate data type before plotting.
2026-09-01 05:08:23 | INFO     | matplotlib.category | Using categorical units to plot a list of strings that are all parsable as floats or dates. If these strings should be plotted as numbers, cast to the appropriate data type before plotting.
2026-09-01 05:08:23 | INFO     | matplotlib.category | Using categorical units to plot a list of strings that are all parsable as floats or dates. If these strings should be plotted as numbers, cast to the appropriate data type before plotting.
2026-09-01 05:08:23 | INFO     | matplotlib.category | Using categorical units to plot a list of strings that are all parsable as floats or dates. If these strings should be plotted as numbers, cast to the appropriate data type before plotting.
2026-09-01 05:08:23 | INFO     | matplotlib.category | Using categorical units to plot a list of strings that are all parsable as floats or dates. If these strings should be plotted as numbers, cast to the appropriate data type before plotting.
